Model_Type,Framework,N_Samples,AUROC,AUPRC,MCC,Brier_Score,Prediction_Certainty
Individual model,XGB_RDKIT,3186,0.8864,0.8935,0.6232,0.1362,0.6669
Individual model,XGB_ECFP,3186,0.8663,0.8691,0.5885,0.1483,0.5228
Individual model,XGB_MACCS,3186,0.8609,0.8675,0.5615,0.1522,0.5857
Individual model,BILSTM_RDKIT,3186,0.8608,0.8703,0.5691,0.1641,0.7805
Individual model,BILSTM_ECFP,3186,0.8478,0.8575,0.5468,0.1911,0.8645
Individual model,BILSTM_MACCS,3186,0.8353,0.8489,0.5246,0.1764,0.7236
Consensus 2,XGB_RDKIT + XGB_ECFP,3186,0.8901,0.8953,0.6351,0.1333,0.5709
Consensus 2,XGB_RDKIT + XGB_MACCS,3186,0.888,0.8943,0.6198,0.1348,0.5963
Consensus 2,XGB_RDKIT + BILSTM_RDKIT,3186,0.8832,0.8901,0.603,0.1415,0.7022
Consensus 2,XGB_RDKIT + BILSTM_ECFP,3186,0.8825,0.8922,0.5952,0.1425,0.7107
Consensus 2,XGB_RDKIT + BILSTM_MACCS,3186,0.8813,0.8883,0.6053,0.1401,0.6433
Consensus 2,XGB_ECFP + XGB_MACCS,3186,0.8764,0.8808,0.6125,0.1431,0.531
Consensus 2,XGB_ECFP + BILSTM_RDKIT,3186,0.8817,0.8868,0.6112,0.1394,0.6151
Consensus 2,XGB_ECFP + BILSTM_ECFP,3186,0.8654,0.8685,0.5593,0.152,0.6666
Consensus 2,XGB_ECFP + BILSTM_MACCS,3186,0.8675,0.8733,0.5805,0.1477,0.5849
Consensus 2,XGB_MACCS + BILSTM_RDKIT,3186,0.8807,0.8869,0.598,0.1411,0.6366
Consensus 2,XGB_MACCS + BILSTM_ECFP,3186,0.8708,0.8794,0.5662,0.1484,0.671
Consensus 2,XGB_MACCS + BILSTM_MACCS,3186,0.8564,0.8644,0.5432,0.1578,0.6399
Consensus 2,BILSTM_RDKIT + BILSTM_ECFP,3186,0.8732,0.8828,0.59,0.1498,0.7381
Consensus 2,BILSTM_RDKIT + BILSTM_MACCS,3186,0.8742,0.8813,0.5955,0.1483,0.6803
Consensus 2,BILSTM_ECFP + BILSTM_MACCS,3186,0.8618,0.8739,0.5761,0.1555,0.7091
Consensus 3,XGB_RDKIT + XGB_ECFP + XGB_MACCS,3186,0.8899,0.895,0.638,0.1342,0.5579
Consensus 3,XGB_RDKIT + XGB_ECFP + BILSTM_RDKIT,3186,0.889,0.8948,0.6107,0.1343,0.6205
Consensus 3,XGB_RDKIT + XGB_ECFP + BILSTM_ECFP,3186,0.8842,0.8903,0.601,0.1373,0.6353
Consensus 3,XGB_RDKIT + XGB_ECFP + BILSTM_MACCS,3186,0.8864,0.8917,0.6284,0.136,0.5863
Consensus 3,XGB_RDKIT + XGB_MACCS + BILSTM_RDKIT,3186,0.8882,0.8945,0.618,0.1353,0.6349
Consensus 3,XGB_RDKIT + XGB_MACCS + BILSTM_ECFP,3186,0.8864,0.894,0.6084,0.1359,0.6416
Consensus 3,XGB_RDKIT + XGB_MACCS + BILSTM_MACCS,3186,0.8801,0.8867,0.5983,0.1407,0.6152
Consensus 3,XGB_RDKIT + BILSTM_RDKIT + BILSTM_ECFP,3186,0.8859,0.8945,0.6239,0.1382,0.6975
Consensus 3,XGB_RDKIT + BILSTM_RDKIT + BILSTM_MACCS,3186,0.8857,0.8921,0.6182,0.1381,0.6605
Consensus 3,XGB_RDKIT + BILSTM_ECFP + BILSTM_MACCS,3186,0.8832,0.8918,0.6122,0.1388,0.6668
Consensus 3,XGB_ECFP + XGB_MACCS + BILSTM_RDKIT,3186,0.8862,0.891,0.6119,0.1366,0.5808
Consensus 3,XGB_ECFP + XGB_MACCS + BILSTM_ECFP,3186,0.8765,0.8822,0.577,0.1425,0.6098
Consensus 3,XGB_ECFP + XGB_MACCS + BILSTM_MACCS,3186,0.8702,0.8757,0.5845,0.1464,0.5762
Consensus 3,XGB_ECFP + BILSTM_RDKIT + BILSTM_ECFP,3186,0.8804,0.8861,0.6049,0.1402,0.6529
Consensus 3,XGB_ECFP + BILSTM_RDKIT + BILSTM_MACCS,3186,0.8828,0.8876,0.614,0.1392,0.6093
Consensus 3,XGB_ECFP + BILSTM_ECFP + BILSTM_MACCS,3186,0.8721,0.8787,0.5876,0.145,0.6348
Consensus 3,XGB_MACCS + BILSTM_RDKIT + BILSTM_ECFP,3186,0.8832,0.8904,0.6165,0.1389,0.6594
Consensus 3,XGB_MACCS + BILSTM_RDKIT + BILSTM_MACCS,3186,0.8772,0.8838,0.6032,0.144,0.6348
Consensus 3,XGB_MACCS + BILSTM_ECFP + BILSTM_MACCS,3186,0.8699,0.8789,0.5795,0.1475,0.6502
Consensus 3,BILSTM_RDKIT + BILSTM_ECFP + BILSTM_MACCS,3186,0.8795,0.888,0.6124,0.1426,0.6864
Consensus 4,XGB_RDKIT + XGB_ECFP + XGB_MACCS + BILSTM_RDKIT,3186,0.8908,0.896,0.6153,0.1332,0.5928
Consensus 4,XGB_RDKIT + XGB_ECFP + XGB_MACCS + BILSTM_ECFP,3186,0.8872,0.8931,0.603,0.1351,0.6042
Consensus 4,XGB_RDKIT + XGB_ECFP + XGB_MACCS + BILSTM_MACCS,3186,0.8844,0.8895,0.6194,0.1376,0.5783
Consensus 4,XGB_RDKIT + XGB_ECFP + BILSTM_RDKIT + BILSTM_ECFP,3186,0.8879,0.8943,0.6287,0.1347,0.643
Consensus 4,XGB_RDKIT + XGB_ECFP + BILSTM_RDKIT + BILSTM_MACCS,3186,0.8893,0.8946,0.6165,0.1345,0.6121
Consensus 4,XGB_RDKIT + XGB_ECFP + BILSTM_ECFP + BILSTM_MACCS,3186,0.8851,0.8915,0.609,0.1363,0.623
Consensus 4,XGB_RDKIT + XGB_MACCS + BILSTM_RDKIT + BILSTM_ECFP,3186,0.8893,0.8965,0.6312,0.1341,0.6498
Consensus 4,XGB_RDKIT + XGB_MACCS + BILSTM_RDKIT + BILSTM_MACCS,3186,0.8858,0.8922,0.62,0.1373,0.6284
Consensus 4,XGB_RDKIT + XGB_MACCS + BILSTM_ECFP + BILSTM_MACCS,3186,0.8835,0.8912,0.6099,0.1378,0.6339
Consensus 4,XGB_RDKIT + BILSTM_RDKIT + BILSTM_ECFP + BILSTM_MACCS,3186,0.8875,0.8955,0.6307,0.136,0.6684
Consensus 4,XGB_ECFP + XGB_MACCS + BILSTM_RDKIT + BILSTM_ECFP,3186,0.8853,0.8909,0.6147,0.1365,0.6168
Consensus 4,XGB_ECFP + XGB_MACCS + BILSTM_RDKIT + BILSTM_MACCS,3186,0.8826,0.8876,0.6089,0.1392,0.5932
Consensus 4,XGB_ECFP + XGB_MACCS + BILSTM_ECFP + BILSTM_MACCS,3186,0.8752,0.8818,0.5922,0.1426,0.6088
Consensus 4,XGB_ECFP + BILSTM_RDKIT + BILSTM_ECFP + BILSTM_MACCS,3186,0.8829,0.8888,0.6135,0.1382,0.6362
Consensus 4,XGB_MACCS + BILSTM_RDKIT + BILSTM_ECFP + BILSTM_MACCS,3186,0.8818,0.8895,0.6076,0.1398,0.6477
Consensus 5,XGB_RDKIT + XGB_ECFP + XGB_MACCS + BILSTM_RDKIT + BILSTM_ECFP,3186,0.8901,0.8959,0.6324,0.1331,0.6167
Consensus 5,XGB_RDKIT + XGB_ECFP + XGB_MACCS + BILSTM_RDKIT + BILSTM_MACCS,3186,0.8885,0.8936,0.6237,0.1351,0.5971
Consensus 5,XGB_RDKIT + XGB_ECFP + XGB_MACCS + BILSTM_ECFP + BILSTM_MACCS,3186,0.8853,0.8913,0.6091,0.1363,0.605
Consensus 5,XGB_RDKIT + XGB_ECFP + BILSTM_RDKIT + BILSTM_ECFP + BILSTM_MACCS,3186,0.8888,0.8949,0.6287,0.1341,0.6311
Consensus 5,XGB_RDKIT + XGB_MACCS + BILSTM_RDKIT + BILSTM_ECFP + BILSTM_MACCS,3186,0.8879,0.8952,0.6212,0.1352,0.6402
Consensus 5,XGB_ECFP + XGB_MACCS + BILSTM_RDKIT + BILSTM_ECFP + BILSTM_MACCS,3186,0.8839,0.8899,0.6143,0.1375,0.6154
Consensus 6,XGB_RDKIT + XGB_ECFP + XGB_MACCS + BILSTM_RDKIT + BILSTM_ECFP + BILSTM_MACCS,3186,0.8889,0.8947,0.6224,0.1341,0.6142
