,Label
7599,1
7600,1
7601,1
13748,0
15468,0
9793,0
9476,0
9064,0
10697,0
13733,0
387,1
3282,1
11388,0
2237,1
8461,0
8593,0
9956,0
9132,0
8804,0
12350,0
2889,1
2912,1
7079,1
7080,1
7081,1
392,1
3444,1
12087,0
14055,0
5508,1
5631,1
5638,1
5740,1
5814,1
5835,1
6115,1
6384,1
6426,1
6535,1
6755,1
8853,0
9720,0
11509,0
12287,0
1340,1
10828,0
11191,0
10607,0
3863,1
3898,1
4026,1
13719,0
1485,1
10619,0
13808,0
17,1
10275,0
11537,0
10754,0
9511,0
14944,0
13669,0
5568,1
5670,1
6140,1
6301,1
6382,1
6421,1
6453,1
6549,1
6609,1
6637,1
6725,1
6769,1
6800,1
6801,1
6847,1
6848,1
6849,1
180,1
9845,0
7306,1
15083,0
1931,1
12235,0
8938,0
14841,0
8087,1
4822,1
8723,0
8004,1
13270,0
1031,1
4820,1
14745,0
1036,1
10926,0
3281,1
14947,0
446,1
14729,0
3644,1
3645,1
3646,1
3647,1
3648,1
3854,1
4048,1
4296,1
4455,1
14767,0
979,1
12450,0
8845,0
14155,0
15744,0
3781,1
14187,0
9040,0
6137,1
12844,0
15269,0
243,1
7062,1
9994,0
11621,0
13856,0
5807,1
10642,0
2179,1
3047,1
4947,1
5176,1
5299,1
5422,1
13948,0
14440,0
10202,0
12069,0
2779,1
1411,1
9757,0
10899,0
10956,0
1375,1
955,1
8789,0
8866,0
13017,0
3878,1
2629,1
10577,0
13595,0
4784,1
13639,0
8570,0
1816,1
1817,1
4038,1
13102,0
2836,1
9461,0
10422,0
10460,0
11213,0
4315,1
14584,0
14215,0
12268,0
5555,1
10073,0
12842,0
11514,0
8959,0
12120,0
10653,0
12654,0
5752,1
5443,1
5493,1
5609,1
5824,1
5924,1
6570,1
14363,0
14794,0
14797,0
11349,0
13451,0
2041,1
12576,0
13398,0
2787,1
1684,1
4169,1
8821,0
8828,0
8905,0
10191,0
10493,0
11382,0
12526,0
12590,0
12629,0
7676,1
7412,1
2441,1
8786,0
9182,0
9764,0
10211,0
1560,1
6687,1
1233,1
9469,0
15160,0
15782,0
4791,1
2339,1
4440,1
648,1
657,1
658,1
681,1
707,1
708,1
14855,0
1950,1
9628,0
10336,0
10775,0
4118,1
4142,1
409,1
13369,0
3081,1
4804,1
344,1
13115,0
2004,1
9883,0
1219,1
9646,0
294,1
3818,1
1202,1
3076,1
8467,0
12872,0
13252,0
1592,1
3820,1
492,1
631,1
14739,0
4181,1
13139,0
3042,1
13173,0
7657,1
7658,1
9698,0
2202,1
13623,0
4624,1
4625,1
2290,1
10439,0
15195,0
11152,0
11228,0
15558,0
12871,0
11360,0
11784,0
1467,1
5260,1
12605,0
5766,1
3138,1
3279,1
14935,0
485,1
488,1
1209,1
3572,1
8366,0
13757,0
14267,0
4188,1
4175,1
5018,1
13395,0
4677,1
9412,0
14941,0
3273,1
2557,1
5361,1
14251,0
2882,1
2248,1
1981,1
12161,0
2722,1
2760,1
15711,0
12879,0
15378,0
7178,1
15162,0
9077,0
15566,0
3245,1
7158,1
7159,1
7263,1
7264,1
7265,1
8268,1
8269,1
8270,1
8272,1
13116,0
15606,0
5812,1
12199,0
11312,0
9423,0
10156,0
10780,0
14781,0
10869,0
2272,1
117,1
8594,0
8595,0
8597,0
8015,1
15373,0
10385,0
12798,0
13274,0
15379,0
10698,0
5757,1
14194,0
14195,0
14196,0
14199,0
14397,0
14471,0
14768,0
14790,0
12646,0
9059,0
4199,1
2634,1
10199,0
8447,0
9785,0
15830,0
13463,0
9841,0
15686,0
11387,0
12093,0
15199,0
598,1
10938,0
630,1
1176,1
14116,0
6434,1
11789,0
2932,1
7454,1
5307,1
14910,0
8370,0
9651,0
14419,0
12227,0
7551,1
7552,1
10729,0
11087,0
11702,0
4287,1
15085,0
5333,1
2646,1
2647,1
2649,1
15233,0
9292,0
14109,0
2064,1
1536,1
14206,0
14291,0
14318,0
14356,0
14415,0
14606,0
14765,0
2977,1
3788,1
11263,0
11685,0
11848,0
2099,1
9003,0
9047,0
4309,1
4314,1
6754,1
13958,0
12042,0
10932,0
3344,1
7309,1
7310,1
9479,0
4149,1
2090,1
13424,0
10972,0
15400,0
5441,1
5668,1
5754,1
5817,1
5958,1
6213,1
6377,1
6431,1
6432,1
6641,1
2159,1
5059,1
7450,1
174,1
9962,0
11885,0
12662,0
3701,1
11729,0
11875,0
12189,0
10158,0
11447,0
13894,0
13895,0
13930,0
13943,0
13962,0
14015,0
1858,1
375,1
2403,1
8384,0
515,1
906,1
11105,0
11786,0
14921,0
7431,1
1363,1
13574,0
3447,1
8339,1
12303,0
4452,1
8960,0
14034,0
14110,0
12592,0
3503,1
3509,1
3546,1
3547,1
3638,1
3642,1
10758,0
13704,0
4193,1
10718,0
3123,1
286,1
11195,0
12655,0
14904,0
15231,0
12512,0
13694,0
3060,1
2192,1
3360,1
3363,1
10922,0
14146,0
13684,0
9068,0
15895,0
692,1
716,1
717,1
718,1
719,1
13485,0
7361,1
2989,1
15430,0
13543,0
1670,1
9955,0
15277,0
10730,0
1224,1
11746,0
15061,0
15674,0
1650,1
8709,0
8508,0
10247,0
11849,0
2574,1
3862,1
3920,1
3939,1
3983,1
4042,1
4132,1
4450,1
4465,1
10265,0
14587,0
4377,1
15570,0
4839,1
7269,1
8860,0
13515,0
13592,0
3142,1
7735,1
4838,1
11505,0
12430,0
5369,1
5426,1
5565,1
5673,1
5714,1
5782,1
5918,1
5967,1
5976,1
6002,1
6070,1
6111,1
6412,1
13960,0
13981,0
13988,0
14079,0
14320,0
14444,0
14643,0
14793,0
14853,0
9838,0
13428,0
11710,0
14208,0
4911,1
12877,0
1012,1
13685,0
4847,1
3193,1
3194,1
14473,0
15174,0
1321,1
3838,1
1956,1
4549,1
12267,0
874,1
2491,1
9122,0
6435,1
13834,0
1300,1
15874,0
2594,1
12614,0
6906,1
9706,0
381,1
15787,0
8596,0
11620,0
3013,1
8392,0
12835,0
15724,0
367,1
4776,1
306,1
2674,1
9510,0
15239,0
15653,0
1561,1
8665,0
8414,0
10166,0
875,1
9637,0
13218,0
13251,0
14906,0
3259,1
8782,0
14681,0
560,1
11149,0
8469,0
1260,1
2102,1
4744,1
12396,0
5214,1
5363,1
5616,1
13750,0
13997,0
1706,1
7446,1
7447,1
7448,1
15503,0
10161,0
9136,0
9944,0
11998,0
15060,0
15663,0
4994,1
8351,0
553,1
554,1
10040,0
8061,1
433,1
12942,0
6091,1
6767,1
6768,1
644,1
12994,0
8800,0
784,1
2544,1
1644,1
877,1
878,1
879,1
880,1
882,1
2506,1
4145,1
4963,1
4986,1
5081,1
5118,1
5376,1
5524,1
5593,1
5743,1
5789,1
6081,1
6236,1
6339,1
6445,1
6482,1
6510,1
6532,1
6571,1
7026,1
7720,1
7721,1
7724,1
7819,1
8031,1
8838,0
12357,0
14269,0
14550,0
14557,0
14774,0
14821,0
14822,0
15415,0
15783,0
6985,1
8398,0
11618,0
13740,0
10392,0
10568,0
13241,0
12544,0
7946,1
14452,0
2276,1
4117,1
7587,1
7588,1
7589,1
7594,1
7595,1
7596,1
7597,1
7606,1
7607,1
7679,1
7680,1
7681,1
7682,1
7683,1
7684,1
7685,1
7686,1
7687,1
7688,1
7689,1
7690,1
7691,1
7692,1
7693,1
7694,1
7696,1
7697,1
7698,1
7699,1
7700,1
7812,1
7813,1
8005,1
8184,1
8185,1
8186,1
8187,1
8188,1
8189,1
8190,1
8212,1
9094,0
10521,0
10714,0
12040,0
13079,0
13118,0
13213,0
13361,0
14380,0
6388,1
13813,0
13956,0
4338,1
12078,0
12732,0
11686,0
12974,0
12163,0
12326,0
11991,0
3482,1
3483,1
3491,1
8340,1
8222,1
8229,1
8230,1
8231,1
9138,0
12462,0
14908,0
7567,1
7570,1
15804,0
9102,0
12527,0
317,1
10650,0
1622,1
2379,1
496,1
1078,1
11094,0
1487,1
2285,1
11005,0
6366,1
7115,1
7116,1
7117,1
13174,0
3103,1
11486,0
735,1
12047,0
4533,1
9923,0
11705,0
6840,1
2838,1
2020,1
1969,1
12898,0
13138,0
10531,0
6134,1
3790,1
198,1
269,1
4163,1
15635,0
1732,1
1799,1
13127,0
15362,0
4782,1
15470,0
14901,0
8237,1
7129,1
7132,1
2885,1
190,1
11394,0
2563,1
3988,1
4258,1
4491,1
1005,1
10979,0
8926,0
8280,1
2222,1
11780,0
11315,0
10,1
12,1
15599,0
6927,1
15548,0
10514,0
10297,0
10703,0
10991,0
342,1
5135,1
5136,1
5137,1
5238,1
5355,1
5733,1
5735,1
5804,1
14288,0
14369,0
5909,1
3199,1
8106,1
12529,0
7458,1
10724,0
12460,0
15188,0
3884,1
3677,1
3631,1
6074,1
6701,1
3250,1
149,1
15295,0
1738,1
13494,0
4282,1
5969,1
13019,0
8763,0
9914,0
8565,0
2516,1
2556,1
9428,0
4842,1
4867,1
2337,1
3525,1
10052,0
7087,1
2011,1
14482,0
2439,1
2898,1
2935,1
3966,1
14446,0
10472,0
15533,0
4019,1
12490,0
1419,1
8902,0
9237,0
9308,0
9949,0
10580,0
11237,0
12005,0
12634,0
876,1
9398,0
3759,1
15296,0
5796,1
3660,1
15418,0
2537,1
2663,1
1013,1
14986,0
8459,0
4985,1
5106,1
5170,1
5216,1
5313,1
5481,1
5595,1
5596,1
5620,1
5667,1
5773,1
5818,1
6212,1
14895,0
9933,0
9950,0
11667,0
4481,1
10062,0
8826,0
53,1
4878,1
9752,0
15382,0
15886,0
10632,0
10872,0
11304,0
12376,0
10540,0
14502,0
15008,0
1725,1
1727,1
15732,0
1547,1
6121,1
8600,0
12212,0
9399,0
1091,1
10822,0
14909,0
11932,0
2008,1
2212,1
3416,1
11892,0
402,1
15031,0
1643,1
9282,0
11133,0
1524,1
3181,1
13153,0
15703,0
9352,0
6672,1
6912,1
2808,1
2874,1
962,1
3861,1
3865,1
4703,1
11097,0
4663,1
4684,1
4688,1
1418,1
11035,0
891,1
15133,0
15333,0
4211,1
15502,0
6264,1
12015,0
15347,0
9678,0
13614,0
15614,0
7814,1
11783,0
15921,0
8617,0
8618,0
15756,0
9378,0
4302,1
923,1
6733,1
6851,1
6887,1
4524,1
4072,1
2118,1
12196,0
4109,1
4534,1
4535,1
12887,0
13077,0
1759,1
2529,1
2533,1
4076,1
484,1
5992,1
6143,1
6026,1
9958,0
13445,0
15206,0
11061,0
11576,0
6476,1
11599,0
3827,1
13703,0
14414,0
10574,0
7180,1
4976,1
5114,1
5235,1
9450,0
1053,1
11724,0
13226,0
220,1
11608,0
13107,0
10889,0
8752,0
9519,0
12929,0
1854,1
9184,0
11694,0
4101,1
11817,0
13839,0
7350,1
12556,0
15793,0
11150,0
1179,1
15521,0
5112,1
10533,0
6888,1
1149,1
15853,0
8818,0
9649,0
6965,1
747,1
1541,1
2658,1
2681,1
13409,0
393,1
399,1
9459,0
9900,0
14159,0
15613,0
12913,0
2462,1
5844,1
6587,1
6958,1
1002,1
9729,0
3102,1
1128,1
10530,0
480,1
5438,1
8700,0
10584,0
8779,0
11671,0
13229,0
3062,1
11924,0
1946,1
9531,0
13410,0
9466,0
9528,0
15393,0
7978,1
7979,1
11158,0
13488,0
14219,0
8319,1
8320,1
8321,1
1805,1
11221,0
2230,1
2504,1
2892,1
3248,1
3249,1
3262,1
3265,1
3308,1
3312,1
3411,1
3507,1
3508,1
3549,1
4407,1
4408,1
4409,1
4411,1
14426,0
14556,0
10300,0
667,1
171,1
10371,0
8930,0
15190,0
15395,0
3433,1
15762,0
10231,0
7548,1
2613,1
2705,1
3007,1
3090,1
4554,1
14900,0
8761,0
9656,0
10282,0
10476,0
10538,0
10759,0
10769,0
10865,0
12348,0
12729,0
13846,0
14952,0
3050,1
7426,1
7433,1
330,1
3622,1
1115,1
1613,1
8749,0
11021,0
13403,0
10933,0
12305,0
12334,0
8840,0
8528,0
9910,0
548,1
565,1
4123,1
1206,1
2949,1
4214,1
13950,0
2783,1
12253,0
15390,0
15860,0
12494,0
10108,0
1451,1
11344,0
11802,0
6448,1
4570,1
12366,0
11507,0
4846,1
11631,0
305,1
10841,0
13855,0
15148,0
15930,0
8526,0
9901,0
11297,0
5765,1
9359,0
13007,0
456,1
15224,0
2282,1
3012,1
3959,1
7442,1
8080,1
12181,0
15927,0
2277,1
2281,1
2987,1
3004,1
11531,0
3255,1
3692,1
7897,1
7898,1
4185,1
8935,0
9682,0
9645,0
1640,1
15615,0
10751,0
7124,1
7125,1
7126,1
5879,1
15645,0
15226,0
8533,0
1362,1
98,1
11398,0
5795,1
5294,1
15700,0
9638,0
14838,0
14339,0
8524,0
8537,0
8591,0
8126,1
3669,1
10185,0
5078,1
14505,0
14727,0
14771,0
13256,0
1671,1
1985,1
2946,1
14684,0
13499,0
15482,0
4350,1
10512,0
727,1
1471,1
454,1
10543,0
11235,0
13349,0
14293,0
15818,0
9507,0
10244,0
2831,1
6428,1
3678,1
14518,0
6272,1
15814,0
13842,0
8193,1
9490,0
11675,0
12381,0
11744,0
8452,0
8808,0
12098,0
6218,1
5057,1
5088,1
5171,1
5258,1
5262,1
5292,1
5383,1
5416,1
5460,1
5707,1
5775,1
6085,1
6338,1
6636,1
14488,0
14712,0
14719,0
14831,0
14836,0
14887,0
3000,1
5016,1
11305,0
12458,0
3858,1
9503,0
606,1
3095,1
3097,1
3098,1
3108,1
3109,1
10952,0
7830,1
7831,1
13000,0
13975,0
10259,0
5627,1
8559,0
8563,0
8586,0
13449,0
445,1
10520,0
259,1
3260,1
15454,0
12827,0
13295,0
7273,1
7274,1
7275,1
7835,1
7836,1
15039,0
8030,1
15112,0
6707,1
9844,0
9411,0
7843,1
5000,1
5128,1
10008,0
4732,1
14213,0
10548,0
13225,0
10235,0
11319,0
3777,1
4775,1
12032,0
668,1
11785,0
8672,0
9765,0
10322,0
10798,0
11588,0
12297,0
15882,0
15336,0
9340,0
11872,0
8025,1
1343,1
1240,1
2990,1
14042,0
1876,1
13399,0
8797,0
7183,1
1919,1
9430,0
10850,0
11536,0
1393,1
2570,1
10393,0
8614,0
3860,1
13156,0
2598,1
3053,1
3743,1
8375,0
10043,0
14026,0
13043,0
424,1
13467,0
13638,0
11479,0
10485,0
12572,0
6833,1
2904,1
13732,0
9381,0
10511,0
11248,0
8143,1
8144,1
7003,1
7202,1
7203,1
5072,1
14378,0
9012,0
15172,0
952,1
2848,1
13778,0
284,1
2758,1
15211,0
14899,0
7901,1
5013,1
5753,1
14826,0
15426,0
11110,0
11413,0
11811,0
1003,1
13573,0
9538,0
9097,0
1753,1
4260,1
11511,0
3911,1
10253,0
11565,0
121,1
12716,0
10205,0
11346,0
11796,0
386,1
2019,1
10044,0
10599,0
3487,1
4270,1
11106,0
3852,1
4256,1
894,1
11436,0
12037,0
4904,1
11863,0
1614,1
6563,1
6747,1
6238,1
425,1
12506,0
15495,0
3713,1
3723,1
7044,1
10858,0
2127,1
2130,1
329,1
14313,0
14332,0
14348,0
14358,0
15707,0
8421,0
11257,0
13511,0
4581,1
3710,1
10260,0
11721,0
6756,1
138,1
13847,0
6255,1
6118,1
7577,1
4472,1
4478,1
9643,0
11616,0
12221,0
12575,0
13087,0
2627,1
9421,0
10399,0
468,1
14433,0
8010,1
10615,0
1026,1
8065,1
10857,0
368,1
5026,1
5058,1
5089,1
14507,0
14792,0
14510,0
11591,0
5542,1
11217,0
4853,1
6178,1
4653,1
4661,1
2593,1
8495,0
5143,1
14833,0
7321,1
13570,0
8811,0
2765,1
4217,1
14717,0
9616,0
5317,1
5434,1
14013,0
14019,0
14039,0
14088,0
14287,0
14289,0
14295,0
14438,0
14581,0
14642,0
14709,0
11067,0
13724,0
11462,0
700,1
2616,1
2618,1
2655,1
12799,0
10293,0
8000,1
8001,1
8008,1
4074,1
11613,0
10188,0
6253,1
2869,1
282,1
4482,1
10457,0
12228,0
9800,0
12692,0
7990,1
8266,1
6343,1
3241,1
815,1
7902,1
7917,1
7918,1
7944,1
7945,1
279,1
14617,0
11557,0
8220,1
14800,0
3340,1
3803,1
13263,0
12704,0
3465,1
12738,0
5550,1
5902,1
6007,1
6232,1
6471,1
6627,1
6715,1
15398,0
2609,1
2610,1
2611,1
3897,1
3135,1
10011,0
13631,0
6436,1
12793,0
9666,0
15298,0
10157,0
10507,0
8485,0
7007,1
11098,0
13715,0
8766,0
5387,1
5419,1
5487,1
5495,1
5517,1
5613,1
5710,1
8881,0
13650,0
6240,1
10550,0
9413,0
10719,0
10863,0
12131,0
12154,0
4468,1
4513,1
9285,0
11814,0
7354,1
7355,1
7357,1
6719,1
8799,0
13212,0
9280,0
9420,0
6842,1
3304,1
8531,0
8532,0
6103,1
6242,1
1486,1
593,1
594,1
1657,1
2669,1
2704,1
2766,1
3120,1
3163,1
3244,1
3873,1
3967,1
4046,1
4066,1
4087,1
4107,1
4116,1
7229,1
7298,1
7299,1
7301,1
7302,1
7344,1
7375,1
7377,1
7398,1
7401,1
7511,1
7933,1
7934,1
7935,1
13001,0
13818,0
6029,1
819,1
2719,1
8162,1
8678,0
4410,1
2996,1
3951,1
1840,1
3187,1
893,1
12757,0
15848,0
10147,0
2167,1
2168,1
15677,0
12790,0
13393,0
107,1
14328,0
8544,0
8606,0
11192,0
12964,0
6120,1
12737,0
6374,1
11494,0
2470,1
8460,0
1578,1
2055,1
3140,1
4758,1
5129,1
5159,1
7233,1
7234,1
7243,1
7343,1
7383,1
7478,1
7715,1
7822,1
7845,1
9001,0
10743,0
11243,0
11520,0
11639,0
12009,0
14071,0
14374,0
14725,0
14780,0
15197,0
15483,0
15841,0
2286,1
8367,0
10165,0
11140,0
12792,0
12073,0
9973,0
15070,0
4798,1
8029,1
8275,1
14957,0
15084,0
8639,0
10084,0
12620,0
3891,1
3288,1
3372,1
3673,1
3674,1
3686,1
3690,1
3704,1
3722,1
1077,1
178,1
5011,1
12314,0
9057,0
1239,1
932,1
11838,0
11745,0
14875,0
14107,0
421,1
10814,0
11590,0
15603,0
6721,1
7444,1
5884,1
15259,0
1469,1
8045,1
3661,1
9693,0
2155,1
15411,0
14946,0
11007,0
1718,1
10151,0
2146,1
274,1
12606,0
11438,0
5358,1
9881,0
7560,1
5718,1
12101,0
13331,0
3905,1
3970,1
4010,1
4013,1
15759,0
15216,0
10220,0
13296,0
1713,1
12679,0
4937,1
5086,1
95,1
12509,0
10134,0
1520,1
2550,1
9334,0
4183,1
15308,0
1282,1
14973,0
4558,1
13208,0
8276,1
8277,1
8284,1
8286,1
8287,1
4674,1
1339,1
10739,0
10970,0
2945,1
9153,0
9715,0
9777,0
10372,0
2357,1
8450,0
8963,0
9977,0
12447,0
15846,0
2191,1
3324,1
3327,1
7875,1
7534,1
5994,1
12642,0
14653,0
13622,0
2966,1
900,1
3025,1
3045,1
3763,1
10679,0
12324,0
9417,0
12435,0
9847,0
8772,0
6949,1
12367,0
6304,1
6583,1
6645,1
6689,1
6820,1
888,1
1714,1
4602,1
10183,0
10665,0
11245,0
12751,0
13471,0
8066,1
8067,1
5030,1
7191,1
7192,1
7193,1
12019,0
11864,0
12256,0
100,1
4009,1
12681,0
13411,0
13502,0
11962,0
536,1
9805,0
11643,0
11708,0
12013,0
283,1
9372,0
10825,0
12984,0
9675,0
10870,0
766,1
13125,0
5483,1
14707,0
1324,1
3954,1
4154,1
4346,1
15348,0
15865,0
15318,0
11580,0
5123,1
139,1
13625,0
629,1
8534,0
4979,1
9922,0
10189,0
4442,1
4443,1
9166,0
10363,0
1702,1
14637,0
5867,1
12480,0
15046,0
12939,0
13092,0
13232,0
1598,1
2534,1
15576,0
6175,1
11629,0
10024,0
11719,0
13490,0
1820,1
9225,0
15153,0
10153,0
10374,0
10555,0
12133,0
13186,0
13204,0
13518,0
5002,1
3512,1
3520,1
13785,0
8238,1
8239,1
14611,0
44,1
15155,0
36,1
10162,0
12665,0
7345,1
7501,1
8333,1
8336,1
10182,0
15831,0
15140,0
11385,0
13916,0
1408,1
1857,1
10770,0
8872,0
4356,1
2907,1
3901,1
3936,1
4170,1
4459,1
4488,1
15741,0
9650,0
11907,0
15746,0
11919,0
15012,0
10648,0
13144,0
9241,0
11674,0
8076,1
8077,1
8081,1
3070,1
256,1
11170,0
2485,1
2546,1
2547,1
13271,0
10016,0
11050,0
2156,1
2208,1
2228,1
2950,1
12412,0
10834,0
13945,0
497,1
1198,1
9615,0
12686,0
6543,1
4836,1
10582,0
11652,0
11726,0
12598,0
12777,0
13306,0
15641,0
15629,0
10558,0
15461,0
3778,1
2216,1
7328,1
14445,0
9496,0
9640,0
15282,0
12841,0
15796,0
13414,0
4973,1
14366,0
14520,0
14731,0
4466,1
231,1
10727,0
570,1
2018,1
10646,0
1208,1
10353,0
12600,0
12803,0
9290,0
15730,0
9972,0
5090,1
5386,1
14145,0
13767,0
2726,1
12993,0
13269,0
5858,1
12949,0
13055,0
8347,0
8379,0
5032,1
7730,1
12810,0
2307,1
514,1
4037,1
8850,0
9740,0
12223,0
12524,0
15593,0
10505,0
4759,1
110,1
5436,1
11902,0
14814,0
9144,0
2499,1
14682,0
3809,1
3810,1
3811,1
3812,1
3813,1
3814,1
3815,1
3816,1
3817,1
3821,1
910,1
3066,1
5860,1
4259,1
5617,1
3061,1
15349,0
14073,0
15294,0
15884,0
13869,0
4731,1
15016,0
10884,0
11969,0
15739,0
935,1
5691,1
2106,1
14382,0
12355,0
8473,0
1888,1
2229,1
10362,0
260,1
9539,0
4433,1
4579,1
11423,0
3915,1
9380,0
4405,1
8809,0
15279,0
3176,1
48,1
7368,1
8794,0
11333,0
4711,1
13244,0
10096,0
14169,0
14434,0
14654,0
2847,1
6047,1
9534,0
6531,1
15449,0
2525,1
1041,1
1755,1
4998,1
4999,1
5037,1
5038,1
5100,1
5164,1
5165,1
5166,1
5348,1
5479,1
5642,1
5643,1
14595,0
15725,0
15726,0
1325,1
108,1
884,1
5544,1
5995,1
12031,0
8350,0
12325,0
12249,0
7919,1
7920,1
12286,0
9732,0
3490,1
3494,1
3497,1
3498,1
3499,1
3540,1
3541,1
15011,0
10878,0
319,1
2334,1
8621,0
11995,0
4940,1
14676,0
14677,0
9668,0
4228,1
3989,1
14448,0
10114,0
549,1
1327,1
1908,1
1937,1
1942,1
2597,1
2455,1
8380,0
1881,1
15870,0
7576,1
186,1
2712,1
1336,1
6123,1
13932,0
12479,0
8738,0
2738,1
2751,1
13927,0
13928,0
3831,1
3833,1
3364,1
6073,1
69,1
2437,1
15660,0
9317,0
12391,0
2827,1
4323,1
11850,0
14108,0
1867,1
9048,0
10119,0
13992,0
2619,1
15875,0
7215,1
2894,1
8032,1
8034,1
855,1
3230,1
3231,1
7484,1
12851,0
12858,0
13705,0
12369,0
2693,1
9367,0
11656,0
14004,0
9931,0
9046,0
12763,0
15808,0
4303,1
10518,0
15669,0
1311,1
11988,0
7731,1
13830,0
13709,0
12443,0
9574,0
11340,0
11568,0
12052,0
12448,0
6758,1
13510,0
2124,1
15124,0
5677,1
12054,0
15664,0
10010,0
5674,1
6593,1
14455,0
14456,0
14457,0
14458,0
2388,1
1379,1
2814,1
13691,0
1290,1
13761,0
1454,1
15607,0
15394,0
13028,0
143,1
4275,1
9604,0
12217,0
13237,0
13258,0
14926,0
10171,0
9042,0
3791,1
3799,1
1109,1
1369,1
6506,1
7027,1
11582,0
1959,1
926,1
9679,0
6561,1
2578,1
15496,0
3455,1
258,1
41,1
10815,0
3992,1
8695,0
15530,0
2300,1
10418,0
55,1
8785,0
11668,0
3518,1
2313,1
2708,1
15636,0
116,1
15406,0
9945,0
10691,0
9365,0
5546,1
9691,0
1593,1
12336,0
13850,0
13884,0
216,1
4889,1
11274,0
2763,1
10705,0
920,1
7066,1
391,1
7053,1
10196,0
12690,0
14753,0
994,1
4938,1
11800,0
1171,1
4263,1
12339,0
15812,0
14066,0
9959,0
1110,1
4807,1
1466,1
9055,0
9870,0
9930,0
12088,0
13771,0
600,1
10516,0
8689,0
8936,0
11478,0
8755,0
15915,0
12805,0
3008,1
2974,1
9291,0
2931,1
5763,1
5945,1
8242,1
14100,0
8740,0
4168,1
8696,0
10966,0
8802,0
10324,0
10477,0
4223,1
3698,1
1826,1
9194,0
2411,1
6038,1
6911,1
3116,1
2677,1
2688,1
3773,1
3774,1
3775,1
12068,0
3428,1
7330,1
7474,1
7762,1
7767,1
8249,1
8250,1
8251,1
8252,1
14105,0
15462,0
4738,1
11874,0
11399,0
949,1
10349,0
9374,0
11504,0
5249,1
6151,1
6690,1
8397,0
7503,1
7505,1
7506,1
7542,1
7445,1
12383,0
2781,1
3715,1
4234,1
5314,1
5622,1
5724,1
5772,1
7722,1
9197,0
14575,0
15304,0
10723,0
153,1
1212,1
10963,0
6097,1
15632,0
2778,1
8721,0
9259,0
11277,0
11853,0
12920,0
8499,0
13197,0
13345,0
3078,1
15043,0
10988,0
8409,0
3205,1
11498,0
13188,0
13309,0
4941,1
4942,1
5047,1
5133,1
5236,1
6095,1
6288,1
14848,0
14849,0
12781,0
3945,1
12983,0
1000,1
2934,1
15539,0
8026,1
15152,0
13889,0
13937,0
13999,0
4719,1
6991,1
10631,0
10958,0
15047,0
2867,1
13783,0
1879,1
4244,1
2125,1
13550,0
7245,1
1516,1
12121,0
2917,1
2626,1
11931,0
8462,0
1388,1
13379,0
6780,1
6884,1
6974,1
7019,1
5227,1
1352,1
11728,0
15220,0
9018,0
6793,1
12619,0
10230,0
3735,1
9054,0
10843,0
9718,0
15219,0
585,1
9927,0
11132,0
1154,1
177,1
15301,0
8990,0
472,1
473,1
14842,0
10622,0
10215,0
1885,1
1238,1
4063,1
6663,1
14311,0
15137,0
15424,0
354,1
15538,0
11975,0
3931,1
4012,1
8075,1
10707,0
11203,0
12652,0
8910,0
15743,0
15559,0
8416,0
10256,0
13517,0
3851,1
3882,1
4877,1
5185,1
1697,1
3206,1
10522,0
10945,0
495,1
9121,0
9633,0
11601,0
13004,0
4689,1
9109,0
10830,0
15588,0
12319,0
1534,1
1329,1
7741,1
6931,1
11335,0
4571,1
7862,1
4436,1
8867,0
12003,0
8581,0
2571,1
13158,0
5798,1
9893,0
7482,1
7483,1
11397,0
12746,0
24,1
3326,1
8478,0
3766,1
11299,0
12583,0
15518,0
2820,1
9942,0
8518,0
7114,1
8577,0
10168,0
11240,0
11553,0
3965,1
4294,1
4313,1
4837,1
6465,1
9445,0
7430,1
2661,1
2845,1
1836,1
2054,1
10120,0
743,1
744,1
9353,0
11391,0
14988,0
14252,0
14314,0
2951,1
4083,1
6898,1
12824,0
10949,0
15579,0
9063,0
11540,0
3994,1
10661,0
6680,1
14839,0
2245,1
4754,1
14984,0
10206,0
15902,0
316,1
12501,0
3174,1
7091,1
7092,1
7093,1
7094,1
10470,0
14562,0
1999,1
2001,1
12100,0
160,1
11159,0
12139,0
12469,0
13802,0
8654,0
11283,0
2561,1
13377,0
14936,0
8729,0
3172,1
3850,1
5391,1
5950,1
6360,1
15165,0
3217,1
10054,0
12622,0
8767,0
14582,0
12432,0
13482,0
3173,1
10138,0
5437,1
6952,1
6953,1
6969,1
6972,1
6990,1
7010,1
7011,1
7012,1
7038,1
7039,1
7041,1
4667,1
9595,0
1528,1
2359,1
2960,1
3694,1
7890,1
2496,1
2503,1
2798,1
3192,1
4299,1
9436,0
11369,0
984,1
9535,0
1291,1
1298,1
1703,1
2776,1
15673,0
2879,1
4430,1
14658,0
14718,0
11442,0
12787,0
13095,0
15565,0
1680,1
1633,1
6659,1
15404,0
675,1
12064,0
197,1
11142,0
1626,1
795,1
10752,0
2288,1
13108,0
1511,1
873,1
13220,0
11244,0
4310,1
12564,0
5021,1
724,1
1413,1
15198,0
1924,1
2679,1
3380,1
3386,1
8704,0
6114,1
1169,1
12534,0
14625,0
2129,1
15278,0
903,1
9065,0
4693,1
11772,0
10918,0
11448,0
11662,0
12404,0
15769,0
1963,1
5046,1
436,1
2145,1
2876,1
1361,1
1656,1
3855,1
3871,1
3251,1
11488,0
8985,0
13015,0
2459,1
1965,1
10192,0
10148,0
11908,0
1025,1
9029,0
9028,0
2723,1
2734,1
2741,1
2744,1
4062,1
4280,1
11830,0
13512,0
2577,1
4113,1
5910,1
1370,1
10827,0
11707,0
2685,1
10029,0
11254,0
2514,1
2890,1
7907,1
10710,0
14599,0
1283,1
1783,1
2242,1
14160,0
6491,1
10725,0
12742,0
15491,0
12866,0
5042,1
13014,0
1439,1
2804,1
15803,0
5007,1
5731,1
5732,1
5989,1
6197,1
12854,0
12278,0
1929,1
15319,0
4122,1
9840,0
9986,0
9997,0
10194,0
11837,0
1017,1
8349,0
3180,1
1280,1
4572,1
1345,1
8338,1
6599,1
8629,0
2217,1
13397,0
8023,1
182,1
1242,1
8834,0
14203,0
823,1
415,1
13484,0
3099,1
5868,1
5975,1
5956,1
9556,0
11935,0
13145,0
15904,0
12579,0
15883,0
2716,1
4058,1
4103,1
12765,0
15286,0
7015,1
7032,1
7049,1
15266,0
4043,1
11109,0
11269,0
12313,0
11020,0
9564,0
8455,0
530,1
15447,0
10266,0
4364,1
4365,1
11612,0
4401,1
10883,0
4551,1
5530,1
10042,0
14149,0
14762,0
5373,1
15058,0
15527,0
3654,1
2810,1
10919,0
11646,0
12581,0
4550,1
12310,0
11338,0
13439,0
575,1
1660,1
2774,1
12269,0
12963,0
6149,1
661,1
11130,0
6655,1
4304,1
15855,0
14037,0
14527,0
2595,1
13533,0
5921,1
6320,1
14784,0
1140,1
4858,1
8675,0
8690,0
9022,0
10181,0
11292,0
12489,0
12733,0
15357,0
14503,0
7553,1
4002,1
12171,0
4011,1
12104,0
12910,0
13086,0
13780,0
7558,1
11733,0
5148,1
5326,1
5390,1
5513,1
5528,1
5564,1
5769,1
13929,0
14021,0
14424,0
14758,0
14778,0
14786,0
14885,0
3806,1
11030,0
4810,1
4907,1
7878,1
9809,0
11307,0
3167,1
7133,1
7452,1
8262,1
15253,0
10417,0
14413,0
3712,1
12004,0
10912,0
2100,1
8049,1
12961,0
11060,0
11993,0
14685,0
7656,1
9905,0
8406,0
11025,0
15052,0
4094,1
471,1
1018,1
1689,1
4787,1
886,1
8730,0
4192,1
7549,1
7550,1
1558,1
9853,0
2538,1
417,1
13205,0
13805,0
10716,0
8624,0
12638,0
130,1
9687,0
9889,0
4626,1
15704,0
3782,1
11501,0
1607,1
9008,0
981,1
752,1
8914,0
2444,1
2612,1
8588,0
5725,1
188,1
11810,0
11846,0
11951,0
1986,1
5279,1
4095,1
1306,1
1618,1
2108,1
1092,1
10902,0
8662,0
9909,0
10591,0
10833,0
9568,0
820,1
10873,0
12091,0
11895,0
3553,1
4111,1
2199,1
9674,0
15244,0
13140,0
13068,0
13181,0
14409,0
89,1
395,1
4773,1
4845,1
10225,0
11336,0
12321,0
12660,0
12677,0
12689,0
13824,0
13841,0
15007,0
15028,0
15054,0
6001,1
11983,0
15561,0
14157,0
2031,1
2864,1
106,1
9567,0
134,1
5478,1
2088,1
1297,1
2644,1
2865,1
96,1
1011,1
13687,0
4610,1
4611,1
4620,1
9310,0
11495,0
11560,0
11717,0
13721,0
14918,0
2304,1
2335,1
11177,0
13526,0
12800,0
13100,0
7541,1
9515,0
10701,0
3051,1
13315,0
2524,1
14470,0
264,1
9817,0
10035,0
10776,0
11632,0
11779,0
15274,0
11200,0
15907,0
14696,0
14714,0
14837,0
15093,0
10534,0
14948,0
6726,1
3339,1
12875,0
12931,0
12959,0
13128,0
13141,0
13217,0
13249,0
14664,0
11695,0
11408,0
1157,1
11311,0
1175,1
1739,1
257,1
6736,1
1437,1
12932,0
15365,0
8944,0
2391,1
8448,0
8224,1
92,1
9680,0
13586,0
3588,1
7,1
3462,1
3504,1
12464,0
13939,0
9504,0
10891,0
3159,1
9148,0
3026,1
2198,1
9578,0
10302,0
8480,0
1581,1
637,1
10125,0
625,1
626,1
627,1
678,1
679,1
687,1
702,1
706,1
725,1
6682,1
6787,1
3040,1
6006,1
2025,1
7182,1
15044,0
10124,0
12198,0
12291,0
8404,0
3754,1
8685,0
5939,1
9186,0
9221,0
11615,0
9286,0
10428,0
11310,0
12514,0
12493,0
3401,1
11279,0
5182,1
11359,0
9856,0
13565,0
13423,0
624,1
11187,0
11742,0
10636,0
12370,0
12030,0
8715,0
2850,1
3822,1
8718,0
15042,0
2053,1
1365,1
1976,1
1978,1
5713,1
8819,0
9342,0
10552,0
10946,0
12012,0
15293,0
9631,0
9988,0
15182,0
13594,0
7903,1
7925,1
7926,1
7927,1
11828,0
8917,0
189,1
1163,1
4786,1
1637,1
13504,0
5211,1
5588,1
5982,1
6013,1
6094,1
6110,1
6183,1
15824,0
7565,1
7566,1
8843,0
1493,1
13765,0
37,1
8255,1
15180,0
3896,1
14010,0
14082,0
2132,1
7485,1
7492,1
14381,0
15229,0
10146,0
11965,0
1268,1
2764,1
11476,0
11692,0
5893,1
8956,0
6260,1
9085,0
10888,0
12363,0
10859,0
12136,0
2535,1
3091,1
3110,1
3795,1
9124,0
12950,0
12070,0
12857,0
5529,1
4918,1
7006,1
1366,1
10763,0
13367,0
13787,0
4220,1
7067,1
1853,1
1874,1
4664,1
13191,0
13282,0
12852,0
13071,0
5296,1
12636,0
7561,1
1575,1
4435,1
270,1
10380,0
451,1
11212,0
509,1
8527,0
13546,0
4970,1
5054,1
5778,1
13965,0
13994,0
14058,0
14092,0
14392,0
14630,0
14633,0
14695,0
14737,0
14763,0
14764,0
15710,0
15723,0
6452,1
5306,1
150,1
1550,1
2358,1
4153,1
8725,0
9366,0
9429,0
9683,0
10019,0
10341,0
12283,0
15500,0
589,1
1681,1
1687,1
15311,0
1789,1
11262,0
2062,1
15386,0
14604,0
3119,1
9898,0
11950,0
10095,0
2472,1
6600,1
15475,0
10510,0
9713,0
969,1
3268,1
3756,1
9658,0
6054,1
6214,1
6331,1
6398,1
6494,1
6516,1
6598,1
5838,1
7143,1
12474,0
15612,0
12300,0
15820,0
9155,0
2799,1
9006,0
14068,0
8969,0
13021,0
13588,0
13481,0
13520,0
11206,0
13969,0
13699,0
9415,0
10133,0
9717,0
12459,0
15067,0
8635,0
15027,0
3885,1
2392,1
10652,0
5862,1
10030,0
12328,0
4227,1
12886,0
13088,0
132,1
323,1
10608,0
12859,0
13601,0
280,1
9190,0
10082,0
3221,1
15626,0
13193,0
1973,1
10996,0
9737,0
15024,0
4765,1
13131,0
238,1
208,1
1844,1
8610,0
11280,0
15136,0
562,1
12292,0
3643,1
6381,1
1569,1
1570,1
13826,0
9839,0
10618,0
8640,0
2682,1
11543,0
3894,1
13657,0
13843,0
9747,0
9983,0
11058,0
11015,0
10489,0
889,1
15322,0
10475,0
3009,1
919,1
4096,1
15368,0
13630,0
10941,0
8942,0
10017,0
8869,0
10699,0
11455,0
1178,1
15488,0
12468,0
12953,0
13104,0
9848,0
15375,0
15679,0
13194,0
7160,1
7161,1
7163,1
12956,0
2773,1
5808,1
5861,1
6409,1
6507,1
6585,1
6808,1
6852,1
7030,1
9719,0
6228,1
6308,1
6572,1
6757,1
13435,0
9663,0
8632,0
8644,0
374,1
4279,1
10901,0
2902,1
3169,1
10592,0
12673,0
9789,0
11352,0
4568,1
14050,0
3096,1
3431,1
8433,0
13707,0
5252,1
10426,0
11145,0
9964,0
11430,0
6414,1
382,1
14368,0
2221,1
11554,0
2056,1
20,1
4599,1
2572,1
14963,0
6322,1
4728,1
7329,1
7342,1
1616,1
11256,0
4509,1
8468,0
4369,1
4221,1
13781,0
10278,0
3914,1
8133,1
8134,1
12108,0
14775,0
535,1
6211,1
15238,0
7334,1
7702,1
7787,1
7788,1
7789,1
7790,1
8036,1
3530,1
15314,0
13558,0
11046,0
5069,1
3747,1
5151,1
5966,1
1125,1
10589,0
1377,1
13248,0
944,1
1114,1
12816,0
13215,0
13233,0
11148,0
4968,1
2672,1
3373,1
4582,1
664,1
1535,1
3333,1
10068,0
12946,0
266,1
11844,0
1555,1
12722,0
14983,0
1625,1
8949,0
13606,0
7016,1
9167,0
3659,1
10223,0
1143,1
8889,0
7905,1
8722,0
15176,0
15810,0
2347,1
2789,1
10093,0
10898,0
11294,0
10704,0
13540,0
8668,0
9896,0
9605,0
13460,0
10977,0
9919,0
4757,1
10056,0
15056,0
4742,1
1027,1
15685,0
10350,0
1357,1
6011,1
9463,0
1566,1
8072,1
8073,1
11714,0
7540,1
11638,0
5984,1
5397,1
13354,0
9368,0
9823,0
5433,1
287,1
4879,1
4598,1
8388,0
5915,1
11979,0
3254,1
13849,0
2241,1
1542,1
1080,1
1525,1
2549,1
2696,1
6493,1
15222,0
13312,0
8852,0
9307,0
9974,0
10238,0
9222,0
13522,0
2853,1
2899,1
11039,0
828,1
10671,0
3479,1
12272,0
12545,0
3663,1
988,1
13359,0
5856,1
10296,0
12074,0
15562,0
1453,1
4906,1
5009,1
5470,1
5672,1
5913,1
5957,1
6042,1
6043,1
6098,1
6157,1
6249,1
6321,1
6411,1
6481,1
6509,1
6706,1
6753,1
12027,0
13933,0
14229,0
14648,0
14736,0
15586,0
573,1
4932,1
9363,0
9517,0
6422,1
9326,0
10315,0
7727,1
403,1
14894,0
15504,0
5122,1
9902,0
4977,1
2376,1
13816,0
9013,0
10768,0
10829,0
12508,0
3219,1
4371,1
507,1
4777,1
5180,1
5310,1
5485,1
5697,1
11114,0
10089,0
12623,0
13418,0
10453,0
8971,0
10384,0
12157,0
3924,1
12891,0
12935,0
4567,1
13380,0
9987,0
2348,1
2377,1
2823,1
8713,0
12535,0
6268,1
3513,1
3521,1
8245,1
8247,1
4816,1
9882,0
1663,1
2414,1
2432,1
2785,1
448,1
754,1
7734,1
275,1
9452,0
1448,1
1131,1
10413,0
11664,0
137,1
12200,0
7865,1
7866,1
4022,1
4041,1
1230,1
2893,1
5440,1
15834,0
15889,0
1603,1
2189,1
2668,1
11997,0
1483,1
13659,0
5019,1
5600,1
5624,1
5728,1
5797,1
5820,1
5932,1
6166,1
6191,1
6208,1
6454,1
6504,1
14481,0
14722,0
15427,0
6515,1
4036,1
12295,0
7635,1
2089,1
13426,0
15497,0
10237,0
11435,0
11703,0
6579,1
6640,1
6696,1
4814,1
8369,0
576,1
11862,0
184,1
1834,1
4357,1
11066,0
11424,0
5287,1
5218,1
5375,1
15129,0
1480,1
4913,1
13968,0
5056,1
5259,1
5414,1
14879,0
15092,0
15414,0
15715,0
756,1
5017,1
5320,1
5435,1
5477,1
5563,1
5578,1
5618,1
5619,1
5639,1
5748,1
5791,1
5815,1
9294,0
5721,1
8574,0
5271,1
9811,0
3290,1
13620,0
1019,1
13434,0
10567,0
1103,1
2033,1
2730,1
2748,1
7144,1
14640,0
2183,1
3071,1
649,1
13223,0
3874,1
3972,1
3982,1
7748,1
7749,1
7751,1
9494,0
459,1
9439,0
5539,1
12010,0
8999,0
11348,0
8626,0
3277,1
1723,1
676,1
677,1
9576,0
6497,1
6670,1
1537,1
277,1
1048,1
4457,1
4462,1
9908,0
10334,0
13179,0
966,1
11047,0
690,1
4297,1
11630,0
1211,1
5291,1
5428,1
5690,1
5715,1
5903,1
6263,1
6348,1
6386,1
6451,1
6472,1
6546,1
6633,1
6635,1
6676,1
6678,1
6720,1
6795,1
6796,1
6797,1
6843,1
6913,1
15438,0
15513,0
10929,0
3016,1
12322,0
7648,1
7649,1
3876,1
12517,0
29,1
7134,1
2811,1
1781,1
7544,1
8705,0
6438,1
6694,1
8732,0
8776,0
9386,0
12708,0
1237,1
5012,1
5093,1
5094,1
5162,1
5312,1
14733,0
15099,0
8787,0
9311,0
10222,0
14605,0
10018,0
3085,1
15806,0
6987,1
15249,0
8440,0
11602,0
13858,0
1395,1
6624,1
7099,1
7100,1
8364,0
11334,0
12020,0
11809,0
11898,0
5366,1
1580,1
10067,0
11513,0
2016,1
5756,1
15230,0
10178,0
15911,0
10684,0
12626,0
15917,0
11642,0
15073,0
3952,1
2832,1
13931,0
15187,0
9318,0
11190,0
8966,0
13327,0
10047,0
13177,0
15305,0
103,1
13038,0
14046,0
1116,1
8837,0
10123,0
11552,0
14749,0
2040,1
4247,1
2637,1
2638,1
2639,1
2642,1
1334,1
9357,0
11378,0
2378,1
14827,0
9744,0
11799,0
12001,0
5730,1
15184,0
13539,0
2622,1
4740,1
8992,0
9351,0
9206,0
13667,0
9884,0
9913,0
10709,0
10982,0
15212,0
15908,0
8744,0
9004,0
12398,0
14372,0
11880,0
11925,0
101,1
15440,0
12420,0
5221,1
253,1
14031,0
1398,1
1399,1
11403,0
10405,0
1071,1
3947,1
5141,1
9095,0
10796,0
3127,1
12385,0
6128,1
15755,0
6836,1
4915,1
9129,0
14903,0
6050,1
5190,1
974,1
2511,1
372,1
5071,1
5124,1
5450,1
14161,0
14163,0
14167,0
14423,0
1142,1
2645,1
7839,1
7840,1
8195,1
2780,1
10968,0
12146,0
9738,0
11732,0
2247,1
94,1
15387,0
2702,1
2742,1
8203,1
8204,1
15737,0
9523,0
315,1
603,1
824,1
898,1
1152,1
2170,1
2330,1
2536,1
3086,1
4056,1
5014,1
9453,0
9799,0
10449,0
10895,0
11122,0
11329,0
11551,0
12065,0
12433,0
12436,0
12497,0
12731,0
13680,0
14234,0
14261,0
14296,0
14300,0
14337,0
14652,0
14766,0
14898,0
15428,0
15754,0
5146,1
9337,0
10702,0
11480,0
11179,0
13495,0
7655,1
12906,0
6602,1
8849,0
12713,0
477,1
10664,0
12567,0
9039,0
10104,0
11013,0
4370,1
10802,0
11683,0
15751,0
7488,1
7739,1
15246,0
18,1
10149,0
8401,0
14325,0
14475,0
11992,0
1359,1
6469,1
9516,0
9339,0
13394,0
10115,0
10471,0
6033,1
1481,1
3930,1
6789,1
7045,1
476,1
7876,1
2238,1
3320,1
6393,1
14574,0
6809,1
15126,0
8243,1
15463,0
9739,0
3755,1
2911,1
15125,0
2431,1
8556,0
7652,1
7653,1
6774,1
11831,0
8925,0
9079,0
15010,0
11985,0
13160,0
13464,0
15338,0
11459,0
7883,1
4616,1
4788,1
11124,0
12428,0
12547,0
15356,0
10553,0
7922,1
8043,1
1217,1
13562,0
3789,1
11673,0
15118,0
15370,0
11068,0
11332,0
12476,0
8989,0
7887,1
9512,0
13554,0
9157,0
9438,0
13053,0
4883,1
6180,1
7498,1
7499,1
7500,1
2802,1
12411,0
11121,0
15214,0
3294,1
848,1
6520,1
6763,1
6177,1
6185,1
6427,1
6484,1
8360,0
10755,0
11330,0
14772,0
14877,0
4110,1
622,1
623,1
1042,1
5201,1
14564,0
14856,0
14857,0
15714,0
1864,1
6400,1
6634,1
12992,0
9635,0
2211,1
12434,0
755,1
15625,0
2147,1
13581,0
8757,0
9641,0
650,1
651,1
652,1
654,1
818,1
2250,1
12371,0
1204,1
12846,0
11326,0
9000,0
8572,0
4863,1
10097,0
9231,0
9828,0
669,1
670,1
671,1
2816,1
11144,0
13106,0
15396,0
15403,0
4024,1
13600,0
4914,1
9872,0
15584,0
5649,1
3328,1
133,1
915,1
12909,0
3880,1
8107,1
8108,1
10634,0
10216,0
15194,0
1096,1
15077,0
47,1
12621,0
13823,0
9041,0
10028,0
5569,1
2128,1
10578,0
11364,0
1621,1
7846,1
12540,0
13496,0
13861,0
6978,1
11482,0
15649,0
15247,0
12563,0
13294,0
1331,1
9011,0
14521,0
228,1
2153,1
12516,0
3869,1
3909,1
9662,0
10416,0
12132,0
12975,0
1600,1
10623,0
11857,0
12815,0
9834,0
3236,1
299,1
9594,0
1462,1
10554,0
4219,1
4526,1
4612,1
12172,0
9338,0
15074,0
2532,1
2553,1
2567,1
2569,1
15839,0
8240,1
8241,1
7833,1
13552,0
15145,0
3925,1
6193,1
6259,1
5480,1
5685,1
6224,1
11022,0
9549,0
11574,0
11432,0
14514,0
9827,0
1223,1
281,1
4040,1
10720,0
8805,0
12044,0
3633,1
3128,1
3239,1
5285,1
254,1
5142,1
12978,0
13176,0
1236,1
9010,0
14138,0
1496,1
1030,1
4766,1
2492,1
2583,1
10628,0
4144,1
1428,1
4700,1
8407,0
3168,1
2690,1
13085,0
12845,0
212,1
14608,0
4273,1
4683,1
10307,0
5826,1
5857,1
6136,1
15297,0
9552,0
10597,0
999,1
15620,0
967,1
7408,1
2959,1
12813,0
5297,1
5510,1
3247,1
1333,1
14487,0
2141,1
10406,0
15337,0
15694,0
75,1
11165,0
15167,0
14960,0
15120,0
2278,1
7662,1
7666,1
7668,1
13743,0
1599,1
2404,1
10560,0
10782,0
4057,1
11870,0
13807,0
3046,1
5,1
245,1
13120,0
122,1
9254,0
10049,0
10262,0
7520,1
13075,0
6943,1
13344,0
15075,0
6568,1
7717,1
989,1
14598,0
14820,0
1982,1
9968,0
14815,0
10894,0
7162,1
14783,0
810,1
811,1
812,1
813,1
4960,1
4978,1
5025,1
5091,1
5117,1
5232,1
5254,1
5396,1
5545,1
14218,0
14308,0
14459,0
14460,0
14461,0
15416,0
1384,1
5749,1
15141,0
1360,1
12930,0
14916,0
15441,0
5303,1
15498,0
1187,1
4830,1
10978,0
3779,1
3562,1
1609,1
2528,1
2539,1
9600,0
12129,0
9772,0
10524,0
11515,0
12788,0
13621,0
9050,0
13048,0
13084,0
13272,0
12595,0
13864,0
12728,0
4615,1
4617,1
4618,1
4648,1
10190,0
3079,1
3191,1
4819,1
9364,0
1040,1
3039,1
8413,0
8431,0
6966,1
5177,1
15575,0
12829,0
13070,0
13058,0
13117,0
13427,0
11131,0
705,1
8683,0
11184,0
1584,1
8994,0
4593,1
15861,0
12577,0
2275,1
4714,1
13527,0
14371,0
8773,0
10045,0
11234,0
12457,0
12461,0
7415,1
12342,0
14651,0
11966,0
1396,1
15374,0
15931,0
14779,0
7851,1
7171,1
13674,0
213,1
7514,1
2080,1
1023,1
9858,0
6104,1
13642,0
2640,1
11491,0
12029,0
5704,1
6932,1
6989,1
7040,1
7058,1
7064,1
7068,1
7072,1
14353,0
7726,1
5611,1
5739,1
5783,1
6035,1
14447,0
14450,0
14451,0
13060,0
1400,1
12123,0
12719,0
15270,0
12320,0
2009,1
11396,0
12134,0
4767,1
1841,1
13157,0
13853,0
13756,0
14123,0
6677,1
2545,1
8371,0
3292,1
6652,1
6685,1
6743,1
6773,1
6968,1
10662,0
15592,0
3501,1
2406,1
3387,1
5318,1
15091,0
9460,0
5191,1
388,1
11072,0
10131,0
13429,0
4531,1
262,1
3024,1
3033,1
4383,1
13391,0
14628,0
15774,0
1930,1
1935,1
11766,0
14205,0
3122,1
3613,1
3683,1
3684,1
3688,1
3691,1
3699,1
3703,1
3707,1
4743,1
4748,1
7712,1
7718,1
7719,1
11000,0
4934,1
4349,1
4252,1
15734,0
8792,0
10672,0
12495,0
8973,0
8548,0
5251,1
5340,1
5341,1
5472,1
5635,1
5637,1
5940,1
5941,1
5991,1
9107,0
14202,0
466,1
10071,0
11886,0
15383,0
3367,1
10329,0
13018,0
13322,0
10284,0
15147,0
1032,1
9472,0
12531,0
15401,0
15847,0
2985,1
8790,0
9087,0
9198,0
9376,0
10757,0
11064,0
11117,0
11559,0
13608,0
13618,0
13716,0
14977,0
8084,1
12317,0
2115,1
13195,0
5356,1
6284,1
2519,1
12122,0
10486,0
11562,0
15202,0
4368,1
6083,1
1342,1
9886,0
6907,1
544,1
11526,0
13695,0
13408,0
12647,0
8948,0
2914,1
1069,1
13412,0
3611,1
12452,0
9520,0
10519,0
10826,0
11096,0
12418,0
2214,1
9571,0
452,1
14996,0
13425,0
4152,1
13753,0
11948,0
13796,0
15034,0
2219,1
9117,0
14993,0
2349,1
11318,0
8046,1
14204,0
14795,0
2209,1
2800,1
3872,1
6198,1
12323,0
159,1
1079,1
10401,0
1664,1
15115,0
7210,1
7211,1
7221,1
9684,0
6666,1
12789,0
14410,0
11698,0
3472,1
14663,0
14416,0
14559,0
14704,0
9742,0
11840,0
13129,0
13146,0
13216,0
14945,0
346,1
7257,1
8007,1
11660,0
13171,0
1101,1
9948,0
8921,0
12259,0
3535,1
11350,0
5717,1
1756,1
1455,1
1274,1
1837,1
8864,0
12050,0
15485,0
15163,0
9585,0
2035,1
2060,1
885,1
14981,0
13794,0
11281,0
10750,0
12658,0
3516,1
3577,1
11890,0
14018,0
4032,1
4670,1
9725,0
11227,0
15871,0
10905,0
71,1
9287,0
14265,0
15534,0
2477,1
15779,0
3963,1
2178,1
15850,0
10999,0
38,1
15771,0
9596,0
12538,0
11018,0
4875,1
13989,0
14610,0
14701,0
14825,0
14893,0
2467,1
2468,1
2475,1
15315,0
4559,1
4575,1
13105,0
2430,1
950,1
2592,1
10305,0
15781,0
15749,0
5842,1
4278,1
8293,1
8295,1
11366,0
1246,1
2777,1
463,1
6626,1
5793,1
8728,0
12265,0
9302,0
5257,1
366,1
2463,1
12274,0
14080,0
14094,0
14391,0
602,1
10459,0
11711,0
2973,1
5149,1
2862,1
13056,0
15720,0
2841,1
5532,1
15341,0
15581,0
10839,0
13764,0
8829,0
5418,1
12421,0
14005,0
10562,0
12021,0
852,1
14965,0
311,1
2233,1
2362,1
2110,1
1473,1
14035,0
902,1
8972,0
9036,0
9350,0
10497,0
10800,0
10837,0
10957,0
11859,0
12613,0
13541,0
693,1
4920,1
15922,0
15532,0
14453,0
15859,0
9309,0
4903,1
12768,0
13230,0
9695,0
4563,1
5863,1
9878,0
1214,1
4090,1
13201,0
12709,0
8777,0
11358,0
3907,1
3908,1
3977,1
3978,1
3981,1
4271,1
4342,1
4345,1
4458,1
4470,1
4474,1
4930,1
9647,0
5188,1
14221,0
13549,0
1257,1
3964,1
4016,1
4137,1
1926,1
11009,0
1624,1
7400,1
10001,0
12333,0
5074,1
866,1
8511,0
1121,1
12889,0
10069,0
10474,0
2256,1
3073,1
3334,1
3335,1
3409,1
4475,1
13718,0
14085,0
401,1
3566,1
12056,0
1376,1
11793,0
4546,1
13812,0
15110,0
6617,1
6629,1
10004,0
13836,0
15608,0
3764,1
8418,0
7705,1
7707,1
7708,1
7711,1
193,1
870,1
2698,1
10573,0
15891,0
12262,0
9540,0
13729,0
12140,0
13209,0
14927,0
12437,0
10234,0
2131,1
4868,1
9529,0
1409,1
7821,1
12775,0
3422,1
14223,0
11752,0
10228,0
8710,0
10105,0
15913,0
13257,0
13268,0
9058,0
14912,0
3563,1
5625,1
1661,1
7113,1
11214,0
2489,1
11901,0
12876,0
8355,0
10175,0
4102,1
13973,0
15591,0
10544,0
1073,1
2224,1
6159,1
7014,1
10159,0
10409,0
11173,0
9440,0
934,1
1721,1
8911,0
13245,0
13901,0
13914,0
13947,0
13949,0
1675,1
2251,1
14851,0
11696,0
6273,1
6404,1
6503,1
6802,1
5705,1
10935,0
1440,1
5927,1
14809,0
3652,1
7709,1
8342,1
9115,0
5456,1
2648,1
303,1
1076,1
2372,1
4277,1
5031,1
10909,0
11725,0
11877,0
12723,0
13791,0
14588,0
14798,0
15657,0
15678,0
15925,0
4972,1
14304,0
11129,0
5971,1
9677,0
13081,0
8988,0
15096,0
730,1
731,1
9989,0
11196,0
15552,0
380,1
7223,1
9082,0
14883,0
1302,1
5683,1
8940,0
9242,0
10338,0
15596,0
1961,1
10908,0
15191,0
339,1
11530,0
10465,0
13078,0
8408,0
8419,0
8345,0
2883,1
13034,0
2338,1
2654,1
721,1
6276,1
6527,1
6647,1
6730,1
6804,1
6826,1
6830,1
6883,1
6892,1
6922,1
6928,1
6933,1
6942,1
6947,1
6960,1
6961,1
6963,1
6999,1
7017,1
7033,1
7043,1
7063,1
7073,1
1021,1
8727,0
9274,0
4685,1
6741,1
7867,1
10756,0
3470,1
6937,1
10617,0
10881,0
11085,0
9816,0
12401,0
14938,0
2050,1
7276,1
7277,1
980,1
2896,1
2900,1
3005,1
4959,1
5272,1
5727,1
6189,1
6314,1
6347,1
6499,1
6500,1
6521,1
6545,1
7112,1
14992,0
6201,1
1386,1
13109,0
9755,0
615,1
10065,0
14427,0
4811,1
8760,0
688,1
8893,0
15321,0
4360,1
15053,0
4974,1
5399,1
5482,1
6167,1
6195,1
6207,1
6455,1
6477,1
6552,1
6727,1
6344,1
8529,0
14724,0
1742,1
2927,1
4983,1
209,1
3454,1
12423,0
4366,1
15776,0
12965,0
15524,0
6496,1
13553,0
4760,1
13231,0
577,1
5276,1
3769,1
3770,1
1991,1
2346,1
8127,1
28,1
8645,0
8646,0
8660,0
10832,0
7200,1
7201,1
7205,1
7217,1
12316,0
680,1
10462,0
10545,0
12651,0
15543,0
321,1
711,1
11209,0
5962,1
3973,1
9993,0
11928,0
15299,0
10091,0
2180,1
2184,1
215,1
10002,0
10805,0
8110,1
8111,1
8650,0
15363,0
914,1
10866,0
12094,0
1383,1
6746,1
9393,0
15923,0
5442,1
5729,1
11956,0
8996,0
383,1
10060,0
5827,1
9200,0
12976,0
12988,0
13203,0
1118,1
5321,1
5379,1
12330,0
7349,1
7491,1
7494,1
7854,1
7855,1
7856,1
7857,1
7858,1
7859,1
7860,1
7861,1
14200,0
10502,0
10563,0
8945,0
1170,1
10330,0
15872,0
12008,0
3189,1
10398,0
13290,0
13162,0
12119,0
1097,1
10647,0
8768,0
9835,0
15207,0
748,1
3449,1
8052,1
8542,0
3204,1
8677,0
8437,0
12343,0
11960,0
1766,1
13556,0
13868,0
11138,0
9127,0
10027,0
11682,0
11693,0
11955,0
1134,1
1749,1
11556,0
2473,1
10745,0
14173,0
14174,0
6318,1
15283,0
7780,1
8009,1
15113,0
2837,1
13758,0
12116,0
12441,0
12372,0
1795,1
4190,1
15086,0
12925,0
13299,0
14535,0
14656,0
10467,0
10410,0
11487,0
13696,0
165,1
1052,1
3606,1
457,1
5576,1
1740,1
1787,1
11112,0
11427,0
12912,0
5367,1
4808,1
15887,0
14776,0
11241,0
13752,0
10892,0
13167,0
5167,1
3484,1
3485,1
3486,1
3493,1
3495,1
3496,1
3543,1
3544,1
3556,1
3557,1
14051,0
8074,1
15476,0
8652,0
11947,0
5511,1
1915,1
6562,1
13789,0
15789,0
10492,0
11324,0
2461,1
2631,1
6514,1
4926,1
9171,0
2542,1
7414,1
8161,1
8307,1
8308,1
8310,1
8311,1
8313,1
8314,1
8315,1
8317,1
8318,1
12997,0
2651,1
15287,0
15350,0
2590,1
9226,0
10145,0
148,1
2970,1
3264,1
3267,1
3381,1
3382,1
3383,1
3384,1
14418,0
14436,0
3365,1
872,1
2729,1
2390,1
3798,1
6724,1
2094,1
527,1
3974,1
3999,1
1582,1
314,1
2295,1
9951,0
9305,0
11845,0
4614,1
12399,0
11503,0
15893,0
11223,0
5805,1
3725,1
9766,0
3114,1
3146,1
3171,1
3807,1
9558,0
10803,0
12933,0
862,1
2416,1
2604,1
12612,0
15193,0
8451,0
13648,0
15794,0
10593,0
4255,1
14961,0
12400,0
13551,0
1733,1
1757,1
1758,1
1760,1
1762,1
1763,1
1765,1
1767,1
1772,1
1774,1
12838,0
12865,0
3345,1
1225,1
5852,1
15747,0
13662,0
1889,1
4734,1
15712,0
9947,0
11986,0
11635,0
12860,0
13325,0
2355,1
8496,0
8502,0
8513,0
9173,0
12456,0
13921,0
13923,0
13925,0
13972,0
14081,0
14212,0
14264,0
14284,0
14315,0
14412,0
14585,0
15654,0
15662,0
9358,0
2692,1
11938,0
11527,0
169,1
4052,1
12496,0
11043,0
11904,0
13584,0
15695,0
14852,0
9795,0
479,1
15310,0
4946,1
12821,0
6226,1
1830,1
10291,0
13530,0
3757,1
15130,0
12675,0
7885,1
2497,1
3395,1
6846,1
2014,1
3916,1
13396,0
2426,1
2218,1
3419,1
15399,0
11293,0
2149,1
3637,1
3653,1
8399,0
8403,0
1628,1
8405,0
970,1
11699,0
58,1
12410,0
12105,0
9284,0
8637,0
10023,0
9653,0
9954,0
15218,0
14441,0
97,1
125,1
12833,0
10026,0
9985,0
13675,0
1546,1
1658,1
1686,1
4504,1
4638,1
2203,1
11883,0
8830,0
1146,1
3112,1
14084,0
4831,1
15583,0
8976,0
12589,0
1151,1
15680,0
540,1
541,1
542,1
545,1
11031,0
11689,0
9714,0
10086,0
146,1
8977,0
7497,1
10737,0
8383,0
13352,0
13514,0
5854,1
7137,1
7138,1
14171,0
14354,0
14720,0
12250,0
12610,0
11927,0
6909,1
14306,0
12670,0
834,1
2434,1
15064,0
12260,0
10886,0
14805,0
12721,0
1634,1
11990,0
10481,0
1852,1
1911,1
9602,0
10126,0
12209,0
5822,1
5845,1
5887,1
6066,1
6285,1
6294,1
6440,1
6456,1
6558,1
1446,1
14915,0
938,1
12515,0
11765,0
12117,0
5492,1
9708,0
10420,0
10813,0
5268,1
11619,0
15213,0
3554,1
1993,1
2448,1
2449,1
4060,1
4817,1
310,1
9016,0
4444,1
4649,1
9349,0
10167,0
13250,0
13786,0
4799,1
12234,0
9624,0
10427,0
13073,0
12940,0
13224,0
10421,0
12668,0
2386,1
7573,1
3441,1
10527,0
15637,0
11125,0
1227,1
9967,0
1277,1
1893,1
10947,0
5803,1
13678,0
370,1
5155,1
5099,1
5300,1
5343,1
5457,1
5498,1
5499,1
5640,1
5665,1
5681,1
5723,1
5792,1
6102,1
15104,0
3786,1
2710,1
3522,1
4373,1
7320,1
7323,1
7324,1
7396,1
7456,1
7525,1
7526,1
7531,1
7562,1
7563,1
7568,1
7569,1
7571,1
7572,1
8022,1
8244,1
14467,0
14673,0
15312,0
1974,1
6305,1
13151,0
13333,0
10323,0
13876,0
12786,0
14691,0
2418,1
1648,1
7732,1
302,1
11641,0
13627,0
1488,1
15327,0
7828,1
1962,1
864,1
6068,1
6319,1
15773,0
14626,0
379,1
5270,1
5395,1
8490,0
12384,0
234,1
1355,1
10993,0
11246,0
12282,0
8428,0
14649,0
2105,1
1102,1
15622,0
13688,0
968,1
11954,0
8801,0
1925,1
3130,1
4569,1
10382,0
13280,0
4213,1
1517,1
14494,0
8720,0
11706,0
13047,0
2872,1
4835,1
345,1
9794,0
13690,0
14347,0
13025,0
155,1
1193,1
8923,0
11770,0
12309,0
10877,0
2815,1
2901,1
10539,0
9230,0
896,1
9598,0
10025,0
12463,0
13641,0
7451,1
9314,0
3870,1
3953,1
4150,1
4155,1
3150,1
10513,0
4233,1
15436,0
1424,1
13342,0
13835,0
11937,0
13493,0
11497,0
13878,0
4944,1
14078,0
14394,0
14421,0
14479,0
14492,0
14551,0
14799,0
14823,0
14843,0
14862,0
14863,0
14738,0
14801,0
14865,0
15109,0
7981,1
12603,0
8221,1
1183,1
9629,0
3197,1
3211,1
4964,1
5082,1
7921,1
1344,1
4854,1
4855,1
4856,1
10447,0
5501,1
4872,1
8555,0
4943,1
14679,0
4601,1
13670,0
419,1
9563,0
10910,0
12252,0
12473,0
4202,1
15366,0
2196,1
2197,1
3052,1
12247,0
2466,1
1364,1
12633,0
13094,0
4805,1
12659,0
1349,1
9405,0
6844,1
15344,0
9385,0
7167,1
7363,1
7367,1
7370,1
11771,0
15851,0
10250,0
13859,0
12725,0
15205,0
3628,1
13169,0
9971,0
8806,0
9235,0
10821,0
11808,0
12525,0
14049,0
4923,1
1035,1
13065,0
3877,1
9069,0
9240,0
1194,1
15437,0
4104,1
13942,0
11549,0
5567,1
6478,1
6619,1
6697,1
6740,1
6798,1
6807,1
6859,1
4065,1
10645,0
11690,0
5061,1
5816,1
10376,0
12281,0
3448,1
4622,1
4671,1
7545,1
3567,1
1994,1
8536,0
8605,0
8622,0
15587,0
15621,0
7128,1
12186,0
12061,0
11627,0
1043,1
1436,1
11174,0
3793,1
2494,1
2513,1
9526,0
2007,1
13110,0
13285,0
9553,0
8759,0
5968,1
2366,1
2828,1
6967,1
4850,1
15035,0
2401,1
15235,0
8984,0
1153,1
1195,1
1074,1
13711,0
4135,1
4733,1
10061,0
2835,1
1160,1
9141,0
12648,0
15439,0
15604,0
82,1
12175,0
12825,0
11419,0
3666,1
14501,0
14596,0
8395,0
13944,0
14435,0
14545,0
11743,0
6135,1
5398,1
5669,1
5895,1
6313,1
6542,1
6603,1
6628,1
6716,1
14500,0
15200,0
12239,0
4389,1
3593,1
14364,0
14603,0
11073,0
3400,1
13940,0
13900,0
8493,0
10747,0
52,1
12125,0
13478,0
2743,1
12332,0
7316,1
7988,1
11343,0
13821,0
113,1
9123,0
1207,1
5003,1
5202,1
5203,1
5351,1
5371,1
5776,1
5947,1
5948,1
5998,1
5999,1
6000,1
6051,1
6052,1
6108,1
6109,1
6168,1
6170,1
6171,1
6173,1
6174,1
6243,1
6244,1
6247,1
6354,1
6355,1
6356,1
6357,1
6361,1
6362,1
6363,1
6555,1
6556,1
6611,1
6612,1
6613,1
6728,1
6729,1
14602,0
4525,1
11640,0
1780,1
7420,1
6910,1
6791,1
9239,0
2846,1
5293,1
1111,1
11881,0
8389,0
13908,0
14549,0
7900,1
9488,0
7995,1
11563,0
12034,0
12550,0
1412,1
9530,0
9348,0
7388,1
7389,1
520,1
13433,0
7578,1
9232,0
1159,1
11860,0
12736,0
10748,0
8625,0
1586,1
4317,1
11555,0
3010,1
12023,0
5537,1
5741,1
5764,1
5781,1
5784,1
5801,1
5850,1
5853,1
5888,1
5889,1
5905,1
5963,1
6014,1
6053,1
6060,1
6062,1
4351,1
222,1
3917,1
4004,1
4539,1
4543,1
4547,1
4548,1
4627,1
1641,1
15221,0
13624,0
10917,0
12417,0
1401,1
10263,0
8931,0
10960,0
11854,0
10357,0
12082,0
13538,0
4576,1
2137,1
8353,0
8374,0
11637,0
12999,0
13198,0
3460,1
3619,1
3776,1
3780,1
4608,1
4609,1
12823,0
10792,0
14153,0
14228,0
15045,0
8688,0
6565,1
6805,1
2971,1
2975,1
11341,0
8400,0
10682,0
11648,0
12059,0
14616,0
9875,0
11052,0
324,1
14816,0
2397,1
4901,1
13833,0
11288,0
9673,0
7989,1
8234,1
9561,0
1784,1
10226,0
9090,0
9218,0
5645,1
5751,1
6200,1
6537,1
6788,1
6923,1
6956,1
6976,1
6977,1
6979,1
6994,1
7021,1
7046,1
7076,1
11749,0
4403,1
12335,0
1636,1
2501,1
2635,1
11444,0
1416,1
1933,1
13477,0
10169,0
9265,0
11381,0
11622,0
11791,0
12109,0
12176,0
12703,0
10154,0
1083,1
4413,1
15828,0
2512,1
347,1
1693,1
13643,0
2699,1
3149,1
6188,1
2176,1
14919,0
3019,1
2101,1
12820,0
12839,0
13184,0
13324,0
14112,0
8638,0
15210,0
2412,1
14258,0
2332,1
9229,0
10551,0
11653,0
8599,0
4898,1
439,1
4706,1
13498,0
8129,1
9518,0
50,1
313,1
2486,1
2488,1
2857,1
2965,1
3298,1
3299,1
11761,0
1611,1
4245,1
1952,1
11611,0
14065,0
5264,1
14106,0
15452,0
6160,1
6483,1
6686,1
2095,1
4553,1
12549,0
1690,1
4919,1
12518,0
13710,0
5695,1
5964,1
6144,1
6186,1
11812,0
4241,1
9723,0
2037,1
9088,0
6367,1
1751,1
7020,1
13589,0
6993,1
9502,0
10295,0
11782,0
14275,0
14869,0
9790,0
7480,1
10298,0
12523,0
8359,0
8387,0
8653,0
1276,1
10659,0
8896,0
32,1
2093,1
4658,1
224,1
9316,0
15443,0
15605,0
13283,0
8919,0
10494,0
9468,0
9217,0
9957,0
11151,0
11996,0
15670,0
9164,0
15446,0
4505,1
13798,0
12695,0
525,1
3342,1
14989,0
12208,0
15103,0
6775,1
14226,0
11807,0
7057,1
13810,0
2073,1
352,1
6492,1
6653,1
6657,1
6683,1
6692,1
6699,1
6731,1
6732,1
6737,1
6742,1
6744,1
6745,1
6771,1
5092,1
5288,1
5558,1
2225,1
7407,1
8691,0
1683,1
12555,0
8167,1
9862,0
12099,0
3949,1
9885,0
2264,1
7824,1
13840,0
15258,0
13050,0
7669,1
12539,0
3655,1
453,1
1691,1
4818,1
10624,0
6405,1
8863,0
10630,0
2749,1
426,1
14193,0
14272,0
14896,0
8887,0
1441,1
12678,0
15005,0
6997,1
14132,0
14525,0
12429,0
3615,1
4690,1
4692,1
10783,0
673,1
1314,1
6132,1
8968,0
1829,1
6145,1
6155,1
4325,1
7184,1
15540,0
13353,0
2087,1
4439,1
2398,1
11820,0
4025,1
13633,0
14699,0
14299,0
9751,0
9952,0
12756,0
2807,1
12927,0
3207,1
14115,0
7380,1
8442,0
11701,0
0,1
8210,1
8211,1
2284,1
4015,1
8393,0
4536,1
7453,1
8037,1
12126,0
2737,1
3926,1
10268,0
9323,0
11834,0
12735,0
1308,1
2715,1
2720,1
4262,1
11508,0
11978,0
1597,1
2318,1
7937,1
7949,1
7971,1
12475,0
1719,1
9256,0
5878,1
10840,0
3879,1
11239,0
3480,1
13879,0
12240,0
237,1
14721,0
9669,0
12388,0
1063,1
3405,1
6049,1
6169,1
6248,1
6359,1
10864,0
1287,1
4645,1
9822,0
6876,1
14062,0
2628,1
1865,1
9113,0
11175,0
15571,0
13788,0
1403,1
5248,1
5468,1
8807,0
13903,0
13905,0
13907,0
13911,0
13912,0
13913,0
13955,0
13990,0
15324,0
15624,0
4510,1
816,1
10064,0
11232,0
14641,0
610,1
9917,0
1562,1
14067,0
1104,1
15888,0
7980,1
13651,0
13693,0
15687,0
15434,0
6569,1
2175,1
4935,1
8667,0
9444,0
14708,0
14370,0
14443,0
1267,1
3980,1
11747,0
13829,0
8788,0
8803,0
14897,0
5771,1
12481,0
12288,0
1617,1
14367,0
14442,0
1350,1
963,1
13472,0
4770,1
5836,1
3576,1
14933,0
14242,0
522,1
14872,0
2757,1
4281,1
11510,0
9694,0
13628,0
12505,0
1427,1
3426,1
662,1
15185,0
9116,0
9465,0
11014,0
10277,0
15627,0
8680,0
9407,0
12726,0
1188,1
3477,1
4995,1
7701,1
8021,1
14175,0
14253,0
8584,0
3233,1
1682,1
8589,0
9435,0
11468,0
3442,1
1001,1
9489,0
2767,1
2768,1
2769,1
2824,1
3990,1
4544,1
4594,1
7417,1
7418,1
7419,1
7421,1
7422,1
7423,1
8063,1
12229,0
7515,1
8225,1
8226,1
8227,1
8228,1
11535,0
15490,0
7311,1
7312,1
14373,0
937,1
112,1
11843,0
8059,1
12491,0
8507,0
8880,0
10809,0
12498,0
15750,0
15905,0
11006,0
2918,1
11736,0
4586,1
5207,1
5282,1
5380,1
5503,1
5548,1
13474,0
3639,1
6096,1
13005,0
8756,0
11379,0
14995,0
4781,1
2317,1
2365,1
2380,1
2937,1
3293,1
3446,1
3752,1
3753,1
3760,1
3765,1
4018,1
14950,0
1356,1
14280,0
9032,0
11199,0
1253,1
13045,0
13064,0
13273,0
4809,1
2683,1
7278,1
7455,1
3427,1
6975,1
6557,1
13524,0
14813,0
15108,0
13334,0
3057,1
10810,0
2267,1
11434,0
5027,1
5212,1
5275,1
5413,1
5458,1
5500,1
5507,1
5571,1
5587,1
5628,1
5657,1
5666,1
5716,1
5825,1
5877,1
5919,1
6023,1
6119,1
6222,1
13980,0
14188,0
14285,0
14303,0
14464,0
4215,1
5923,1
3986,1
1222,1
6265,1
5823,1
3467,1
1442,1
5592,1
14858,0
14665,0
9257,0
10429,0
4165,1
15392,0
15189,0
3771,1
3783,1
3784,1
3785,1
3514,1
10504,0
5389,1
5409,1
5523,1
5562,1
5768,1
6020,1
6036,1
6216,1
6306,1
6325,1
6326,1
6370,1
6371,1
6390,1
6444,1
6458,1
6459,1
6460,1
6461,1
6530,1
6592,1
6622,1
6660,1
6661,1
6662,1
6703,1
6704,1
6705,1
6750,1
6752,1
6781,1
6782,1
6834,1
6835,1
13915,0
13917,0
11623,0
10643,0
12255,0
12520,0
11825,0
353,1
11386,0
12362,0
1058,1
5119,1
5120,1
5127,1
5181,1
5200,1
5219,1
5267,1
5280,1
5281,1
5342,1
5394,1
5476,1
5526,1
5722,1
5747,1
5811,1
5813,1
5834,1
5900,1
5914,1
5973,1
5974,1
6015,1
6021,1
6031,1
6044,1
6069,1
6084,1
6100,1
6125,1
6138,1
6142,1
13886,0
13890,0
14277,0
14618,0
14650,0
14824,0
5410,1
6221,1
7082,1
7083,1
7084,1
7085,1
7086,1
6606,1
3332,1
12284,0
7829,1
5163,1
13390,0
8908,0
13519,0
9938,0
12588,0
11445,0
9156,0
2210,1
12251,0
13548,0
15489,0
13159,0
8173,1
6899,1
6919,1
6930,1
6944,1
6945,1
6951,1
7024,1
7034,1
7055,1
7069,1
7074,1
12135,0
11873,0
7481,1
13036,0
2234,1
13882,0
74,1
4870,1
4105,1
7931,1
7952,1
3055,1
2736,1
2745,1
2762,1
15866,0
9815,0
2273,1
14670,0
1301,1
9255,0
901,1
10389,0
2733,1
3848,1
5339,1
7467,1
140,1
99,1
11792,0
13827,0
10744,0
1197,1
3889,1
1665,1
3162,1
9521,0
11429,0
4238,1
327,1
5206,1
4656,1
2957,1
2599,1
2500,1
2474,1
6245,1
3036,1
3068,1
3082,1
2759,1
11464,0
9321,0
11989,0
13609,0
13910,0
15690,0
9925,0
14959,0
13006,0
11953,0
4905,1
12063,0
8343,1
2293,1
9551,0
10670,0
2046,1
12960,0
13046,0
13769,0
15523,0
12869,0
10638,0
11603,0
14235,0
15879,0
11541,0
12657,0
9941,0
10102,0
11092,0
2920,1
239,1
2782,1
14121,0
14746,0
2142,1
9660,0
7009,1
6016,1
11624,0
1085,1
975,1
8394,0
1943,1
11833,0
1737,1
14064,0
14568,0
428,1
9890,0
10386,0
10860,0
11383,0
6352,1
6502,1
6522,1
6551,1
15455,0
8368,0
10602,0
1182,1
10142,0
837,1
5972,1
6161,1
1305,1
8979,0
11421,0
11271,0
11597,0
10987,0
845,1
8712,0
10229,0
1823,1
11420,0
14385,0
14660,0
757,1
3338,1
3396,1
5060,1
7443,1
7509,1
8050,1
8051,1
8054,1
8056,1
8057,1
8058,1
13214,0
14486,0
14491,0
14619,0
14752,0
14807,0
14873,0
15089,0
12152,0
7121,1
11010,0
12353,0
13605,0
3585,1
9618,0
12772,0
13308,0
9216,0
3301,1
11518,0
2992,1
10541,0
15351,0
1328,1
434,1
481,1
5205,1
12901,0
210,1
1057,1
1941,1
2259,1
3937,1
4208,1
7837,1
9572,0
9804,0
9812,0
11273,0
11327,0
12201,0
15617,0
15684,0
15842,0
15932,0
7870,1
3744,1
14956,0
11446,0
4451,1
4453,1
4461,1
4480,1
4562,1
7424,1
10006,0
14755,0
11751,0
2952,1
2185,1
10435,0
7384,1
7390,1
7391,1
2030,1
163,1
6601,1
12890,0
15265,0
4950,1
5872,1
5873,1
5874,1
5875,1
5876,1
6105,1
6162,1
6309,1
6538,1
6539,1
14179,0
14182,0
14183,0
14184,0
14185,0
2356,1
3420,1
3626,1
4226,1
13745,0
1710,1
11380,0
11570,0
1877,1
12967,0
5536,1
5662,1
825,1
826,1
15376,0
8859,0
7387,1
8858,0
9665,0
13031,0
12338,0
11887,0
5698,1
9301,0
3696,1
7008,1
2326,1
6274,1
953,1
1034,1
11490,0
13652,0
10451,0
1068,1
2851,1
2852,1
2924,1
3300,1
9031,0
10299,0
10536,0
10675,0
11287,0
12180,0
15471,0
15646,0
1862,1
12861,0
9281,0
9397,0
9770,0
11298,0
10366,0
7048,1
15876,0
2297,1
57,1
15080,0
9626,0
13978,0
4426,1
1322,1
3636,1
14245,0
14246,0
14533,0
14891,0
15719,0
12364,0
2204,1
12962,0
15778,0
5663,1
11093,0
10887,0
3001,1
8674,0
9547,0
15920,0
12853,0
1423,1
4897,1
15809,0
5463,1
5634,1
5799,1
5894,1
6406,1
6581,1
6586,1
6962,1
15425,0
5161,1
9238,0
10141,0
10954,0
5559,1
4871,1
2006,1
1855,1
12503,0
145,1
4795,1
9252,0
9025,0
13516,0
13702,0
2602,1
2603,1
2608,1
8503,0
11249,0
10569,0
8628,0
2316,1
2606,1
2607,1
2675,1
12485,0
6018,1
14812,0
10753,0
93,1
3417,1
3438,1
8372,0
8361,0
1055,1
5346,1
2223,1
14495,0
6905,1
2589,1
10198,0
11984,0
13966,0
1696,1
6146,1
5700,1
6093,1
10478,0
7750,1
4146,1
13027,0
9394,0
1589,1
10976,0
11433,0
9187,0
15450,0
8163,1
8164,1
1435,1
10469,0
9266,0
10450,0
15159,0
2427,1
2428,1
12938,0
9929,0
1381,1
14168,0
14632,0
14698,0
14788,0
14835,0
15717,0
11847,0
4178,1
11044,0
15090,0
15196,0
8140,1
1827,1
9709,0
11669,0
12811,0
12918,0
14398,0
7646,1
8922,0
13180,0
6022,1
15248,0
7512,1
7818,1
11086,0
9478,0
6901,1
307,1
11090,0
3853,1
4020,1
4021,1
4498,1
4583,1
4589,1
5755,1
5928,1
1433,1
12467,0
8438,0
8500,0
8545,0
8546,0
11704,0
8514,0
5633,1
15421,0
8512,0
5602,1
3956,1
4121,1
4212,1
4419,1
4447,1
4538,1
4542,1
8217,1
5102,1
6055,1
6065,1
6315,1
7825,1
13355,0
2555,1
11512,0
7013,1
2908,1
15169,0
10676,0
4712,1
1087,1
8530,0
8411,0
1113,1
2157,1
2279,1
4561,1
326,1
9480,0
13444,0
4801,1
11230,0
3804,1
3805,1
8579,0
8580,0
13535,0
4633,1
4644,1
4652,1
4657,1
4676,1
4680,1
288,1
1500,1
574,1
5829,1
223,1
11939,0
8297,1
9249,0
13166,0
3993,1
3995,1
12293,0
7522,1
7523,1
7524,1
7528,1
7529,1
7530,1
7532,1
7533,1
7535,1
9608,0
3578,1
333,1
1770,1
8991,0
4081,1
7371,1
5234,1
12046,0
3151,1
1443,1
8836,0
318,1
1747,1
9627,0
4136,1
10075,0
12395,0
14,1
12081,0
4195,1
14383,0
8899,0
12533,0
1422,1
6223,1
15529,0
422,1
15827,0
1860,1
11500,0
6425,1
12611,0
3726,1
10799,0
8278,1
8279,1
8281,1
8282,1
8283,1
8285,1
255,1
12948,0
11921,0
2790,1
2002,1
8088,1
10501,0
3145,1
15918,0
8491,0
1247,1
1492,1
1596,1
12071,0
14769,0
8523,0
15409,0
3748,1
10746,0
14047,0
9498,0
13974,0
1639,1
11760,0
13993,0
557,1
8205,1
1264,1
1788,1
2077,1
2543,1
361,1
1715,1
1880,1
1945,1
7168,1
7891,1
7893,1
7895,1
8731,0
9427,0
13350,0
15013,0
12883,0
3117,1
1332,1
9220,0
10292,0
240,1
569,1
12870,0
2059,1
2103,1
15123,0
11841,0
2870,1
2122,1
4600,1
13626,0
4286,1
13726,0
8970,0
15480,0
13202,0
13297,0
1538,1
3742,1
11730,0
11823,0
14466,0
13598,0
750,1
1527,1
1971,1
1972,1
1975,1
13267,0
15346,0
1724,1
3902,1
843,1
1385,1
11120,0
8793,0
8415,0
10613,0
12197,0
10173,0
11945,0
12077,0
3564,1
8604,0
14400,0
14547,0
3434,1
3904,1
6874,1
4397,1
2600,1
9250,0
2114,1
14420,0
2995,1
8741,0
11104,0
9002,0
13580,0
2181,1
12128,0
3366,1
869,1
2052,1
3767,1
4945,1
5095,1
5097,1
5250,1
9762,0
9897,0
11236,0
6187,1
11345,0
8377,0
5108,1
5215,1
14056,0
15549,0
1922,1
9814,0
2163,1
14553,0
5582,1
10762,0
9753,0
11247,0
2727,1
10606,0
14331,0
6124,1
6303,1
12862,0
4630,1
9522,0
8907,0
8967,0
2091,1
2123,1
3170,1
3402,1
4981,1
4990,1
5053,1
5153,1
5298,1
5425,1
5543,1
5679,1
13888,0
13891,0
14040,0
14083,0
14834,0
15419,0
4749,1
9731,0
9855,0
11103,0
11971,0
9456,0
14011,0
2415,1
2615,1
11912,0
8053,1
2097,1
4248,1
4362,1
2000,1
8929,0
12565,0
13542,0
25,1
15666,0
12753,0
5337,1
7507,1
244,1
14924,0
12795,0
13185,0
13332,0
6286,1
10773,0
8332,1
15556,0
9484,0
12470,0
13629,0
3823,1
10845,0
10871,0
1033,1
8294,1
2866,1
13222,0
470,1
3291,1
13825,0
6267,1
6691,1
12822,0
7460,1
7465,1
7466,1
13486,0
229,1
11581,0
13770,0
12630,0
15473,0
10566,0
12170,0
10673,0
12424,0
83,1
14096,0
11723,0
2735,1
2739,1
7212,1
7213,1
7219,1
7220,1
2478,1
2482,1
105,1
3165,1
13032,0
11773,0
2676,1
1392,1
15272,0
8169,1
8170,1
10974,0
11813,0
14694,0
15716,0
1098,1
15569,0
12542,0
14117,0
14270,0
9297,0
2027,1
2029,1
437,1
3601,1
127,1
3129,1
13475,0
11260,0
14406,0
15111,0
8719,0
4415,1
4640,1
13489,0
15241,0
8458,0
14860,0
7130,1
9891,0
15510,0
10208,0
12036,0
4741,1
6872,1
15063,0
10651,0
7502,1
3627,1
15628,0
8686,0
10506,0
13676,0
6113,1
9532,0
3436,1
11716,0
2703,1
15203,0
10373,0
9395,0
13736,0
10967,0
2042,1
12574,0
10038,0
11264,0
3188,1
3389,1
5043,1
9831,0
5304,1
11897,0
2707,1
15144,0
2266,1
11484,0
2,1
3399,1
7518,1
9586,0
2126,1
3476,1
70,1
11004,0
12397,0
543,1
2452,1
2453,1
2454,1
9726,0
8611,0
6351,1
6335,1
9426,0
2581,1
2584,1
2585,1
2586,1
3178,1
9544,0
10303,0
9824,0
3003,1
9575,0
7815,1
10658,0
12361,0
15353,0
14129,0
3998,1
13922,0
15671,0
7609,1
7629,1
7641,1
7642,1
7643,1
7644,1
7645,1
7852,1
13057,0
11977,0
9916,0
13281,0
13305,0
4129,1
10264,0
15924,0
10415,0
6295,1
6528,1
1591,1
2333,1
516,1
1006,1
7353,1
4331,1
4187,1
15448,0
3037,1
3424,1
14864,0
6237,1
4696,1
4698,1
4701,1
4702,1
2038,1
15288,0
13585,0
10360,0
12155,0
15933,0
948,1
15832,0
9550,0
10572,0
13714,0
521,1
13096,0
13122,0
6463,1
13161,0
11365,0
15088,0
14504,0
15585,0
13123,0
978,1
4891,1
12025,0
10980,0
10381,0
8815,0
13661,0
13326,0
8666,0
9591,0
10994,0
3017,1
3032,1
3072,1
10515,0
12511,0
1868,1
1447,1
1124,1
11252,0
10402,0
11439,0
9557,0
2833,1
10660,0
10734,0
337,1
3213,1
8102,1
8104,1
8105,1
12380,0
11267,0
1903,1
151,1
13873,0
15807,0
10761,0
14076,0
12185,0
2160,1
10904,0
15885,0
15132,0
9199,0
2666,1
10605,0
14144,0
14362,0
2336,1
6695,1
6749,1
13607,0
8477,0
4992,1
13892,0
13961,0
13986,0
14001,0
14359,0
3423,1
14054,0
14639,0
15655,0
11126,0
14578,0
11168,0
1489,1
4530,1
10443,0
8762,0
1373,1
1629,1
2588,1
12445,0
753,1
12173,0
11407,0
12085,0
295,1
13875,0
8862,0
5786,1
10335,0
12568,0
2215,1
4318,1
8898,0
6340,1
6665,1
1939,1
2566,1
6246,1
10856,0
10116,0
9264,0
10844,0
11102,0
12850,0
13447,0
6915,1
11026,0
1270,1
3602,1
10122,0
1810,1
13611,0
11999,0
12413,0
2363,1
15780,0
2138,1
4866,1
8376,0
14286,0
14389,0
6870,1
4416,1
5960,1
5979,1
15520,0
14999,0
501,1
5761,1
9051,0
9779,0
4339,1
4340,1
4341,1
4343,1
13405,0
10633,0
1980,1
2058,1
9832,0
6116,1
4067,1
4138,1
12191,0
13532,0
15790,0
1243,1
7139,1
7140,1
6196,1
6257,1
14976,0
686,1
701,1
8726,0
13706,0
12522,0
12586,0
13799,0
15535,0
15699,0
951,1
11980,0
12557,0
9304,0
11651,0
2327,1
9289,0
3271,1
3131,1
486,1
694,1
698,1
723,1
1539,1
5594,1
11571,0
10614,0
12238,0
15276,0
762,1
779,1
10055,0
7232,1
8152,1
8153,1
8154,1
8155,1
8156,1
3240,1
5736,1
4961,1
5189,1
9743,0
10625,0
14072,0
14103,0
14127,0
14135,0
14536,0
14861,0
15209,0
12766,0
12968,0
13339,0
15072,0
8492,0
15568,0
5096,1
3089,1
3350,1
3356,1
3385,1
4673,1
8396,0
517,1
15389,0
12451,0
10009,0
2201,1
9454,0
8891,0
11858,0
12507,0
1856,1
12041,0
14982,0
14172,0
14343,0
14889,0
2897,1
14499,0
1127,1
14994,0
6220,1
14290,0
13772,0
9396,0
6420,1
6632,1
6762,1
6794,1
1148,1
9554,0
1667,1
1477,1
3910,1
3919,1
4093,1
4249,1
4250,1
4251,1
4527,1
4532,1
4591,1
4595,1
8434,0
6614,1
405,1
9818,0
12944,0
11941,0
12393,0
331,1
1878,1
7677,1
7678,1
3906,1
6017,1
6082,1
6231,1
6468,1
6470,1
9208,0
11134,0
3256,1
9833,0
15208,0
1190,1
9657,0
8422,0
11384,0
13452,0
5980,1
1497,1
1122,1
9402,0
10130,0
3029,1
11981,0
1590,1
4708,1
10170,0
10326,0
14102,0
12346,0
12830,0
14940,0
10920,0
12127,0
15033,0
5942,1
11146,0
12808,0
8139,1
1955,1
3579,1
3580,1
3581,1
3584,1
3590,1
3595,1
14341,0
15240,0
398,1
12559,0
13587,0
250,1
6813,1
7271,1
7297,1
8267,1
13089,0
13559,0
1106,1
12222,0
15801,0
5338,1
7826,1
14675,0
2154,1
2976,1
3198,1
3330,1
3346,1
3348,1
3353,1
3354,1
3612,1
3664,1
3665,1
3667,1
3682,1
3685,1
3689,1
3693,1
3695,1
3697,1
3706,1
3708,1
3709,1
3714,1
3719,1
3727,1
3731,1
3732,1
3733,1
3737,1
3738,1
15122,0
13596,0
4922,1
3031,1
3421,1
7517,1
15867,0
10965,0
12389,0
12487,0
9449,0
4000,1
7546,1
14966,0
3996,1
760,1
10290,0
1655,1
2728,1
11295,0
3680,1
3762,1
9073,0
7385,1
7392,1
7393,1
15567,0
8746,0
4080,1
13971,0
1992,1
1046,1
15681,0
13851,0
4311,1
1251,1
10559,0
14554,0
14631,0
14211,0
2022,1
15487,0
10354,0
11081,0
11441,0
1265,1
1498,1
12258,0
751,1
10948,0
14991,0
1804,1
15280,0
15880,0
6442,1
6479,1
6567,1
6803,1
6814,1
6866,1
2522,1
5062,1
5075,1
5076,1
5388,1
5469,1
5489,1
5521,1
14647,0
15422,0
7090,1
6766,1
1318,1
6821,1
15420,0
9409,0
11572,0
12438,0
5352,1
11545,0
12280,0
7169,1
7369,1
7850,1
8246,1
1458,1
13918,0
7537,1
4108,1
7409,1
9447,0
9734,0
2752,1
8607,0
7586,1
7602,1
12026,0
3985,1
14914,0
10258,0
8299,1
12406,0
7457,1
13341,0
12826,0
13016,0
13286,0
8676,0
10050,0
2868,1
12224,0
9877,0
2021,1
6225,1
1871,1
4125,1
14125,0
1186,1
4198,1
7359,1
7360,1
211,1
309,1
838,1
1117,1
1155,1
9306,0
9390,0
11722,0
11876,0
9061,0
2104,1
13647,0
13713,0
13246,0
8655,0
15765,0
8068,1
8069,1
9868,0
12907,0
10137,0
15817,0
1174,1
2186,1
7723,1
1137,1
13376,0
13924,0
12062,0
12306,0
14979,0
2182,1
15555,0
10132,0
11056,0
2351,1
15237,0
863,1
2559,1
2560,1
12302,0
8486,0
5362,1
11829,0
11320,0
10172,0
13392,0
9741,0
14953,0
510,1
10397,0
15595,0
5066,1
6239,1
6679,1
15309,0
5525,1
5680,1
8868,0
11208,0
5986,1
13529,0
232,1
13793,0
13211,0
6147,1
15433,0
5759,1
8906,0
11910,0
3671,1
1507,1
8962,0
8928,0
10267,0
10846,0
1281,1
1425,1
15833,0
141,1
9236,0
11644,0
13033,0
12802,0
236,1
2576,1
13080,0
13336,0
8117,1
15873,0
14000,0
15857,0
9876,0
12884,0
3569,1
1729,1
1731,1
1803,1
12053,0
5821,1
6075,1
6364,1
11178,0
9981,0
2440,1
9760,0
12644,0
13242,0
12060,0
6717,1
14008,0
14139,0
14273,0
14529,0
12382,0
6281,1
9921,0
10928,0
15384,0
1051,1
9369,0
11119,0
11215,0
3614,1
2151,1
3369,1
4862,1
925,1
11395,0
11272,0
285,1
9228,0
8987,0
635,1
13792,0
4844,1
115,1
1957,1
14735,0
8947,0
4783,1
15359,0
9442,0
15410,0
6250,1
4171,1
2036,1
3751,1
7227,1
7230,1
7325,1
7337,1
7373,1
7791,1
7792,1
7804,1
7864,1
7923,1
7924,1
7963,1
7964,1
7965,1
7966,1
7968,1
7969,1
7972,1
7973,1
7975,1
7976,1
8044,1
8145,1
8291,1
8292,1
9754,0
13431,0
13534,0
7292,1
7293,1
13712,0
6480,1
6751,1
4295,1
4327,1
4417,1
4494,1
4500,1
4603,1
11362,0
8356,0
4292,1
7303,1
7327,1
7673,1
7674,1
7675,1
7743,1
7744,1
7745,1
7746,1
7747,1
7796,1
7798,1
7801,1
8274,1
11523,0
13545,0
13632,0
2017,1
8633,0
8847,0
11666,0
11936,0
4218,1
3329,1
9147,0
78,1
7272,1
8027,1
5589,1
11302,0
1748,1
10217,0
10187,0
2947,1
3746,1
4588,1
8692,0
9573,0
9703,0
663,1
10112,0
6057,1
9667,0
11973,0
15164,0
1752,1
1778,1
12945,0
14951,0
7403,1
7404,1
1688,1
15343,0
10626,0
3481,1
3488,1
3537,1
3539,1
7554,1
12943,0
3222,1
13646,0
2954,1
7953,1
1039,1
15223,0
7410,1
7413,1
8312,1
8316,1
12758,0
12919,0
13121,0
9652,0
12666,0
4557,1
1708,1
10312,0
12379,0
761,1
4463,1
4469,1
4471,1
10728,0
12205,0
4873,1
9787,0
8233,1
389,1
9632,0
11893,0
7651,1
9441,0
9984,0
7382,1
8048,1
14020,0
14043,0
7536,1
8078,1
8086,1
2015,1
2067,1
4424,1
4027,1
8322,1
5652,1
10612,0
3437,1
13210,0
11466,0
12203,0
907,1
8912,0
9555,0
11083,0
11172,0
12016,0
15661,0
7888,1
2013,1
9210,0
1271,1
12896,0
15619,0
13401,0
5774,1
12521,0
9014,0
7519,1
508,1
8846,0
10261,0
11534,0
552,1
4882,1
9707,0
9053,0
11822,0
1049,1
5590,1
15432,0
4049,1
2457,1
1533,1
2231,1
2680,1
5451,1
15168,0
335,1
9471,0
11036,0
4316,1
6441,1
9525,0
11593,0
12257,0
4716,1
1564,1
1944,1
11586,0
11917,0
2287,1
12202,0
267,1
10311,0
12130,0
15499,0
2078,1
9932,0
709,1
15811,0
11141,0
1417,1
7564,1
4643,1
14644,0
14025,0
12158,0
9888,0
1746,1
13952,0
8698,0
12254,0
15477,0
5871,1
6330,1
14181,0
6394,1
6430,1
6512,1
6596,1
14365,0
8886,0
9821,0
10594,0
11238,0
13386,0
3080,1
12018,0
8309,1
11926,0
972,1
8520,0
6819,1
6827,1
6857,1
6878,1
6885,1
6893,1
14271,0
14344,0
14360,0
14439,0
14480,0
2083,1
1904,1
1709,1
11002,0
11458,0
7793,1
7794,1
8436,0
10117,0
2881,1
2886,1
12179,0
500,1
9562,0
7863,1
1173,1
10241,0
2558,1
7376,1
7399,1
666,1
2371,1
6625,1
7625,1
4194,1
2240,1
12780,0
4348,1
15360,0
11368,0
15345,0
12465,0
13277,0
11347,0
11390,0
15020,0
15267,0
5870,1
8950,0
1966,1
15733,0
15407,0
12156,0
14003,0
13720,0
11964,0
14693,0
10391,0
9681,0
2200,1
8296,1
5130,1
5231,1
5491,1
5591,1
5720,1
5787,1
5833,1
5959,1
6078,1
6133,1
6241,1
6291,1
6292,1
6316,1
6350,1
6402,1
6501,1
6580,1
6584,1
6639,1
6644,1
6871,1
6895,1
6900,1
6959,1
6996,1
11028,0
12266,0
14803,0
922,1
10731,0
10528,0
1983,1
292,1
5711,1
6034,1
15000,0
204,1
10041,0
10092,0
11331,0
1587,1
2725,1
3022,1
3038,1
3087,1
578,1
1415,1
6920,1
407,1
4017,1
4034,1
3305,1
3347,1
3351,1
3394,1
1410,1
9589,0
15217,0
5324,1
12754,0
3323,1
5158,1
14569,0
512,1
611,1
12220,0
11961,0
2280,1
5319,1
9346,0
2994,1
15139,0
4437,1
11546,0
8158,1
12162,0
4464,1
10547,0
8482,0
8489,0
1371,1
362,1
11681,0
12378,0
13189,0
13811,0
7820,1
13404,0
6812,1
519,1
4039,1
4952,1
10484,0
14122,0
9659,0
4172,1
13564,0
2936,1
12387,0
7216,1
1809,1
10687,0
2345,1
6165,1
11769,0
6429,1
6573,1
6595,1
6790,1
11489,0
1700,1
3209,1
5653,1
10404,0
11879,0
10789,0
13432,0
9293,0
1145,1
11914,0
722,1
3617,1
5327,1
14592,0
1716,1
2724,1
15868,0
11062,0
15898,0
1015,1
7222,1
8587,0
8602,0
9801,0
13844,0
10340,0
12828,0
13098,0
15371,0
3616,1
14074,0
12373,0
2797,1
890,1
13697,0
9676,0
15545,0
7239,1
8557,0
12882,0
1897,1
4379,1
1347,1
1595,1
1668,1
1720,1
9354,0
12740,0
13099,0
10320,0
13135,0
9067,0
6368,1
7035,1
7037,1
7060,1
7071,1
3787,1
12164,0
15116,0
5869,1
897,1
1088,1
438,1
4528,1
10851,0
15722,0
1278,1
2433,1
4710,1
167,1
9527,0
10765,0
12585,0
1326,1
2813,1
9271,0
2253,1
13615,0
695,1
715,1
2117,1
2320,1
6578,1
6770,1
10436,0
11355,0
14985,0
14249,0
14060,0
15128,0
9860,0
13022,0
2305,1
8476,0
11548,0
11577,0
3263,1
4779,1
8630,0
8636,0
13443,0
86,1
13501,0
8118,1
206,1
10013,0
6621,1
6855,1
8498,0
8634,0
5531,1
5737,1
5760,1
5779,1
5828,1
6008,1
6058,1
6080,1
6122,1
6233,1
6270,1
6323,1
6380,1
6389,1
6399,1
6419,1
6498,1
6518,1
6575,1
6604,1
6630,1
6718,1
6735,1
6760,1
6761,1
6822,1
7023,1
3672,1
10057,0
2887,1
3283,1
4577,1
9327,0
913,1
13814,0
960,1
4564,1
9150,0
3524,1
3609,1
11502,0
15845,0
12687,0
12908,0
2944,1
3456,1
3457,1
3458,1
3459,1
3463,1
3464,1
3545,1
3560,1
3561,1
6401,1
4100,1
1432,1
3133,1
3143,1
3155,1
5080,1
10195,0
13957,0
14323,0
15618,0
7036,1
13497,0
3027,1
15068,0
4565,1
8463,0
8472,0
8573,0
8576,0
7557,1
15036,0
1726,1
8172,1
4051,1
11392,0
15514,0
2972,1
14283,0
414,1
8382,0
8894,0
11205,0
13062,0
3598,1
3603,1
3676,1
8083,1
2756,1
2329,1
7347,1
7348,1
7358,1
7495,1
4160,1
14279,0
6816,1
6829,1
6863,1
7018,1
7061,1
5048,1
5734,1
5802,1
5806,1
5881,1
5882,1
5883,1
5953,1
5954,1
5955,1
6027,1
14850,0
995,1
9857,0
10579,0
2554,1
1279,1
1337,1
1479,1
1583,1
8986,0
9035,0
9204,0
10944,0
11806,0
13686,0
15464,0
10879,0
4665,1
4672,1
4606,1
3808,1
14030,0
10356,0
5650,1
1199,1
2873,1
4613,1
1316,1
8271,1
1273,1
2551,1
2650,1
3179,1
3182,1
11738,0
3840,1
3841,1
3842,1
3843,1
3844,1
3845,1
3302,1
3303,1
12902,0
13054,0
12504,0
2148,1
11116,0
9189,0
8471,0
10033,0
4756,1
494,1
15466,0
13784,0
2261,1
1431,1
9727,0
572,1
1886,1
2410,1
2700,1
3415,1
14357,0
10310,0
1372,1
154,1
4774,1
12724,0
6446,1
6995,1
10109,0
9092,0
12769,0
9630,0
10517,0
11463,0
4174,1
3621,1
3623,1
3624,1
3625,1
3629,1
3630,1
3632,1
7282,1
7283,1
7284,1
7285,1
15648,0
6897,1
6904,1
5541,1
12270,0
5987,1
13797,0
10246,0
14571,0
9052,0
814,1
1200,1
11987,0
12637,0
4106,1
13149,0
14969,0
13370,0
5034,1
13383,0
1284,1
4720,1
246,1
301,1
1130,1
13902,0
13906,0
15777,0
3903,1
10557,0
9089,0
12345,0
15215,0
13164,0
13207,0
13328,0
109,1
15676,0
5033,1
296,1
15792,0
10936,0
15753,0
15901,0
8541,0
1438,1
15038,0
14590,0
840,1
740,1
2750,1
1226,1
13739,0
2986,1
5641,1
993,1
1292,1
4133,1
10088,0
6865,1
15768,0
12570,0
586,1
587,1
7286,1
3527,1
14431,0
1460,1
4909,1
12897,0
13112,0
490,1
8466,0
12911,0
12991,0
13010,0
15444,0
13059,0
15065,0
9513,0
88,1
10321,0
12264,0
4496,1
15512,0
8879,0
5830,1
4381,1
15840,0
10677,0
6005,1
7308,1
15228,0
13649,0
7231,1
1351,1
15668,0
5261,1
14702,0
4778,1
7737,1
7738,1
8365,0
4388,1
10014,0
14609,0
13967,0
12553,0
8475,0
892,1
8958,0
4159,1
128,1
4993,1
5246,1
5247,1
14888,0
3014,1
1905,1
7461,1
7462,1
7468,1
1554,1
13531,0
13865,0
13507,0
14403,0
4727,1
746,1
13742,0
12625,0
3018,1
187,1
56,1
939,1
9597,0
10458,0
11418,0
15004,0
15405,0
12007,0
15457,0
9863,0
2969,1
1167,1
1838,1
2531,1
2998,1
2999,1
1750,1
8627,0
49,1
276,1
9137,0
10797,0
11529,0
11909,0
12207,0
176,1
11587,0
11967,0
12649,0
8146,1
3058,1
4988,1
5228,1
5429,1
5452,1
5629,1
6041,1
13919,0
13946,0
13492,0
15006,0
3069,1
4268,1
9191,0
6642,1
2421,1
12867,0
13074,0
13239,0
8909,0
1045,1
6954,1
1258,1
2915,1
13870,0
14432,0
13683,0
6971,1
15515,0
268,1
1642,1
13738,0
4354,1
4515,1
4541,1
12653,0
11916,0
11579,0
14053,0
7204,1
12894,0
5444,1
5518,1
5719,1
6337,1
6410,1
6524,1
6650,1
6651,1
6681,1
6786,1
6818,1
6825,1
6881,1
6882,1
6891,1
6941,1
14130,0
9975,0
3156,1
2043,1
10596,0
12937,0
13040,0
13187,0
4792,1
11684,0
9644,0
12271,0
5473,1
15729,0
4584,1
11078,0
5063,1
14516,0
14539,0
15101,0
6408,1
1269,1
5573,1
12682,0
15380,0
8679,0
13591,0
10369,0
14091,0
1038,1
9360,0
12299,0
15766,0
13934,0
4540,1
2620,1
2621,1
2624,1
3111,1
10463,0
4715,1
10819,0
5005,1
6423,1
6526,1
6772,1
6860,1
6861,1
6902,1
6964,1
7000,1
15138,0
46,1
12215,0
11657,0
14930,0
429,1
13381,0
13417,0
1482,1
4987,1
4991,1
5023,1
5029,1
5040,1
5044,1
5068,1
5073,1
5084,1
5103,1
5107,1
5125,1
5132,1
5140,1
5152,1
5192,1
5217,1
5223,1
5454,1
14939,0
413,1
8300,1
7122,1
7123,1
7127,1
12878,0
13261,0
8132,1
13387,0
12604,0
7439,1
11024,0
10499,0
7435,1
691,1
2988,1
4948,1
5116,1
14586,0
858,1
14683,0
4380,1
3088,1
4269,1
4326,1
6061,1
6372,1
6373,1
4997,1
5347,1
5644,1
14690,0
8861,0
15760,0
504,1
11558,0
12784,0
13163,0
3307,1
12182,0
3375,1
3376,1
3377,1
1420,1
2854,1
2903,1
2905,1
2991,1
3918,1
4130,1
4201,1
4336,1
4725,1
4821,1
5195,1
7405,1
7871,1
7872,1
7873,1
7874,1
7892,1
7899,1
8877,0
9084,0
9161,0
10012,0
10990,0
11756,0
12160,0
12683,0
12806,0
12952,0
13083,0
13779,0
13979,0
14090,0
14128,0
14345,0
14393,0
14597,0
14751,0
15055,0
15547,0
15713,0
9577,0
639,1
1367,1
1845,1
6311,1
2116,1
4982,1
13681,0
7322,1
11210,0
12730,0
6424,1
2107,1
8754,0
9038,0
9601,0
10053,0
11663,0
3979,1
2443,1
2684,1
3393,1
3406,1
8784,0
12033,0
1782,1
11731,0
3452,1
3453,1
8412,0
8435,0
1205,1
10442,0
12995,0
2134,1
2136,1
2139,1
51,1
11647,0
14029,0
7936,1
7947,1
1798,1
2164,1
10925,0
10835,0
6179,1
2069,1
15702,0
2323,1
4860,1
1870,1
9537,0
15329,0
3374,1
2133,1
4812,1
4560,1
1694,1
10876,0
9943,0
997,1
13635,0
3289,1
11884,0
10431,0
1545,1
3740,1
2456,1
30,1
263,1
9580,0
9203,0
7538,1
14098,0
8331,1
1232,1
15204,0
3246,1
13343,0
8011,1
8199,1
8200,1
8201,1
8202,1
10094,0
10812,0
6209,1
13828,0
5572,1
1434,1
3063,1
13421,0
1189,1
3819,1
3555,1
8642,0
4216,1
11357,0
2714,1
12996,0
13190,0
13335,0
2568,1
11713,0
5706,1
12615,0
8386,0
1231,1
12329,0
343,1
14526,0
1707,1
9213,0
15391,0
14396,0
5035,1
14978,0
15791,0
3296,1
9730,0
147,1
1210,1
15354,0
2206,1
144,1
15114,0
11057,0
12043,0
12416,0
3519,1
3534,1
2310,1
4841,1
3049,1
1936,1
2024,1
4955,1
4956,1
4957,1
5049,1
5050,1
5051,1
5138,1
5239,1
5240,1
5241,1
5242,1
5243,1
5244,1
5245,1
5357,1
5359,1
5447,1
5448,1
5656,1
14747,0
15708,0
2709,1
8443,0
3658,1
11454,0
5154,1
5417,1
12000,0
4308,1
10059,0
7119,1
2940,1
4285,1
15131,0
3235,1
1565,1
1518,1
6519,1
6674,1
2119,1
2032,1
4283,1
15179,0
12966,0
11167,0
9446,0
503,1
27,1
12488,0
3794,1
10915,0
6358,1
1612,1
6487,1
6616,1
6654,1
3425,1
1196,1
9383,0
4529,1
11095,0
9324,0
2871,1
8177,1
8178,1
8179,1
8180,1
8181,1
443,1
3506,1
9936,0
10585,0
11575,0
12151,0
947,1
6375,1
15040,0
2575,1
9335,0
1594,1
4375,1
11735,0
15815,0
1711,1
7559,1
11003,0
11371,0
8943,0
12374,0
3390,1
1735,1
14024,0
8017,1
8018,1
8019,1
8020,1
3121,1
14405,0
3445,1
162,1
1254,1
12038,0
8402,0
6030,1
14176,0
14177,0
14201,0
1921,1
8980,0
2341,1
1315,1
2057,1
3124,1
3934,1
3969,1
5315,1
5354,1
5585,1
9767,0
9937,0
10480,0
15250,0
13348,0
2659,1
11011,0
12510,0
4750,1
9636,0
8535,0
9588,0
1503,1
15281,0
10931,0
1989,1
10269,0
12442,0
3857,1
4114,1
4274,1
322,1
12807,0
5269,1
1089,1
2788,1
1444,1
11040,0
12356,0
1072,1
12778,0
12779,0
13170,0
8603,0
11076,0
5208,1
5843,1
5935,1
6181,1
6234,1
6334,1
6475,1
6560,1
6610,1
6638,1
6702,1
6739,1
6748,1
6806,1
7029,1
7047,1
7050,1
7056,1
13582,0
9096,0
2213,1
8743,0
7362,1
1730,1
9819,0
982,1
11412,0
1849,1
4334,1
674,1
12440,0
11974,0
4686,1
13132,0
15597,0
3275,1
8348,0
1551,1
5226,1
1901,1
9448,0
13822,0
10842,0
13593,0
7097,1
7098,1
8062,1
8873,0
8876,0
3887,1
3761,1
10570,0
10806,0
12194,0
4320,1
1802,1
9569,0
14059,0
4771,1
9215,0
15899,0
3410,1
8346,0
8235,1
8631,0
8538,0
15273,0
14152,0
14158,0
12578,0
8697,0
511,1
14268,0
6505,1
8082,1
2775,1
8795,0
9086,0
9462,0
14178,0
8263,1
8264,1
8265,1
2263,1
1296,1
2641,1
1883,1
809,1
14248,0
11519,0
4681,1
13790,0
225,1
13701,0
4092,1
4099,1
9906,0
11561,0
15291,0
129,1
14231,0
12979,0
7844,1
2809,1
8474,0
1568,1
11051,0
12785,0
9486,0
546,1
564,1
566,1
567,1
621,1
1529,1
4061,1
4516,1
4517,1
8824,0
3461,1
13407,0
15023,0
67,1
13561,0
8748,0
5328,1
15511,0
15906,0
13887,0
908,1
3656,1
8481,0
8708,0
14572,0
4047,1
13747,0
11323,0
14207,0
14225,0
14233,0
14417,0
12058,0
12760,0
12794,0
12972,0
13221,0
13819,0
2065,1
653,1
14305,0
11750,0
3533,1
4590,1
4628,1
4631,1
4632,1
4634,1
4635,1
4641,1
4659,1
2121,1
3634,1
1678,1
12245,0
8897,0
14998,0
5936,1
13351,0
12390,0
10793,0
2109,1
3412,1
3443,1
6777,1
12206,0
1588,1
15018,0
15057,0
15135,0
2424,1
15456,0
563,1
618,1
13002,0
7521,1
1216,1
12640,0
15442,0
1984,1
4246,1
13483,0
4344,1
4843,1
14462,0
6046,1
9245,0
2343,1
1728,1
12836,0
6886,1
11089,0
11161,0
9279,0
15388,0
12847,0
12922,0
13389,0
10365,0
6485,1
1559,1
2717,1
1918,1
1948,1
9874,0
5173,1
5696,1
5777,1
5832,1
5920,1
5931,1
6190,1
6474,1
699,1
410,1
1158,1
2321,1
2324,1
3721,1
7190,1
7226,1
7238,1
7326,1
7333,1
7397,1
7473,1
7583,1
7740,1
7757,1
7758,1
7759,1
7760,1
7761,1
7764,1
7765,1
7766,1
7768,1
7769,1
7770,1
7771,1
7772,1
7773,1
7774,1
7775,1
7776,1
7781,1
7782,1
7783,1
7784,1
7785,1
7786,1
7803,1
7805,1
7806,1
7807,1
7808,1
7809,1
7810,1
8038,1
8039,1
8041,1
8042,1
8253,1
8254,1
11361,0
8649,0
8561,0
461,1
13668,0
1898,1
3210,1
72,1
73,1
173,1
196,1
202,1
203,1
217,1
227,1
230,1
291,1
298,1
304,1
312,1
356,1
363,1
365,1
397,1
420,1
442,1
532,1
533,1
539,1
579,1
580,1
581,1
588,1
831,1
971,1
1016,1
1062,1
1084,1
1093,1
1144,1
1255,1
1295,1
1394,1
1402,1
1472,1
1491,1
1506,1
1515,1
1523,1
1544,1
1552,1
1695,1
1859,1
1916,1
1996,1
2068,1
2169,1
2289,1
2396,1
2413,1
2630,1
2662,1
2673,1
2761,1
2784,1
2786,1
2793,1
2794,1
2795,1
2878,1
2921,1
3006,1
3044,1
3083,1
3100,1
3106,1
3137,1
3190,1
3195,1
3202,1
3208,1
3355,1
3736,1
3741,1
3749,1
3950,1
4088,1
4119,1
4134,1
4141,1
4147,1
4151,1
4157,1
4173,1
4189,1
4203,1
4235,1
4254,1
4265,1
4284,1
4319,1
4321,1
4335,1
4385,1
4386,1
4395,1
4396,1
4400,1
4414,1
4691,1
4763,1
4789,1
4796,1
4859,1
4910,1
4917,1
4984,1
5134,1
5187,1
5193,1
5286,1
5308,1
5309,1
5316,1
5325,1
5331,1
5332,1
5374,1
5381,1
5401,1
5402,1
5403,1
5404,1
5405,1
5421,1
5430,1
5431,1
5432,1
5461,1
5462,1
5490,1
5497,1
5502,1
5514,1
5515,1
5522,1
5533,1
5534,1
5535,1
5561,1
5570,1
5586,1
5607,1
5626,1
5675,1
5709,1
5770,1
5810,1
5847,1
5848,1
5865,1
5911,1
5916,1
5952,1
5988,1
6025,1
6039,1
6040,1
6056,1
6086,1
6256,1
6365,1
7142,1
7258,1
7259,1
7260,1
7261,1
7266,1
7267,1
7268,1
7270,1
7294,1
7351,1
7352,1
7364,1
7365,1
7366,1
7425,1
7437,1
7463,1
7464,1
7470,1
7471,1
7472,1
7580,1
7581,1
7582,1
7660,1
7816,1
7817,1
7847,1
7849,1
7868,1
7877,1
8131,1
8166,1
8192,1
8207,1
8208,1
8209,1
8258,1
8259,1
8260,1
8261,1
8288,1
8484,0
8488,0
8983,0
9168,0
9244,0
9685,0
9806,0
9960,0
10140,0
10254,0
10331,0
10383,0
10387,0
10412,0
10483,0
10641,0
10681,0
10771,0
10785,0
10795,0
10824,0
10973,0
11055,0
11137,0
11286,0
11370,0
11453,0
11483,0
11522,0
11855,0
11905,0
11949,0
12347,0
12597,0
12699,0
12855,0
13175,0
13318,0
13356,0
13375,0
13455,0
13480,0
13503,0
13577,0
13640,0
13689,0
13708,0
13722,0
13751,0
13817,0
13831,0
13845,0
13867,0
13935,0
14036,0
14097,0
14120,0
14232,0
14294,0
14297,0
14307,0
14338,0
14379,0
14538,0
14580,0
14614,0
14713,0
14789,0
14828,0
14840,0
14870,0
14902,0
14907,0
14923,0
14932,0
14958,0
14964,0
15026,0
15030,0
15037,0
15059,0
15081,0
15149,0
15151,0
15161,0
15225,0
15236,0
15275,0
15320,0
15328,0
15478,0
15516,0
15546,0
15600,0
15601,0
15609,0
15638,0
15682,0
15698,0
15705,0
15763,0
15770,0
15829,0
15896,0
15914,0
15926,0
7296,1
11933,0
11604,0
2236,1
3270,1
9783,0
11539,0
8327,1
8328,1
8329,1
8330,1
8334,1
8335,1
12801,0
9999,0
4261,1
378,1
2177,1
1050,1
11906,0
1646,1
9702,0
10587,0
12478,0
14119,0
10342,0
8993,0
11185,0
4857,1
1892,1
15050,0
13457,0
647,1
13777,0
3224,1
1075,1
2636,1
2817,1
3104,1
4050,1
9434,0
11465,0
12454,0
1891,1
357,1
1522,1
11156,0
12715,0
14579,0
12914,0
11952,0
12639,0
1009,1
4166,1
11216,0
2653,1
3285,1
3287,1
3430,1
4477,1
4518,1
1126,1
241,1
7300,1
7665,1
7672,1
15819,0
8716,0
12067,0
11564,0
2438,1
2671,1
2687,1
5701,1
10583,0
14523,0
136,1
4393,1
4398,1
8742,0
12375,0
13101,0
13360,0
9267,0
12210,0
8974,0
12552,0
4180,1
4312,1
5065,1
5174,1
273,1
10820,0
15071,0
3938,1
3941,1
3944,1
10906,0
842,1
4045,1
4054,1
4694,1
13385,0
12812,0
13035,0
11139,0
6759,1
1112,1
12107,0
12701,0
10680,0
10880,0
11888,0
9037,0
9593,0
11827,0
12408,0
14955,0
15002,0
5767,1
5800,1
3183,1
4372,1
13438,0
4298,1
4300,1
14990,0
4755,1
13243,0
9491,0
13525,0
3272,1
3429,1
11899,0
1132,1
1139,1
1288,1
8995,0
803,1
804,1
805,1
806,1
807,1
808,1
4939,1
4962,1
4989,1
5105,1
5197,1
5198,1
5265,1
5266,1
5664,1
5678,1
5699,1
5866,1
14209,0
14321,0
14496,0
14573,0
14627,0
14715,0
14741,0
14787,0
14818,0
14830,0
15423,0
7513,1
3668,1
6973,1
265,1
10003,0
12092,0
1806,1
185,1
11314,0
14281,0
6643,1
1162,1
11321,0
13042,0
13262,0
9689,0
13572,0
11934,0
1304,1
12864,0
5671,1
5925,1
6277,1
1894,1
1627,1
6738,1
4892,1
10233,0
2801,1
308,1
1890,1
10575,0
11757,0
11099,0
4751,1
34,1
6631,1
15738,0
10432,0
3592,1
1875,1
11852,0
6369,1
6117,1
8089,1
8090,1
8091,1
8092,1
8093,1
8094,1
8095,1
8096,1
8097,1
8098,1
8099,1
2657,1
9247,0
11443,0
12837,0
4376,1
9078,0
1811,1
3940,1
11821,0
15758,0
3322,1
3886,1
4236,1
7967,1
7970,1
7977,1
440,1
4735,1
8817,0
8453,0
3414,1
13728,0
1910,1
10621,0
14140,0
6449,1
6517,1
6574,1
10111,0
432,1
435,1
734,1
2928,1
12006,0
7042,1
9639,0
10942,0
12183,0
12219,0
15352,0
166,1
4833,1
10874,0
11467,0
11688,0
12618,0
12066,0
12873,0
13307,0
11592,0
10787,0
4523,1
15001,0
10473,0
4522,1
5922,1
12783,0
12903,0
12970,0
13044,0
10690,0
11219,0
8002,1
9045,0
13357,0
13603,0
11532,0
6889,1
9990,0
990,1
10961,0
15303,0
13920,0
6048,1
865,1
9697,0
11550,0
9612,0
11414,0
9005,0
11882,0
14319,0
2617,1
7331,1
7372,1
7880,1
9559,0
12532,0
360,1
1100,1
1192,1
1468,1
1476,1
3620,1
3728,1
3935,1
4864,1
6210,1
6217,1
6533,1
8941,0
13727,0
13959,0
14567,0
14890,0
15178,0
15474,0
15688,0
15805,0
15856,0
12669,0
2530,1
8961,0
2364,1
10407,0
3875,1
12747,0
13782,0
10032,0
6064,1
2843,1
3234,1
6779,1
1964,1
4237,1
12849,0
10588,0
1958,1
10801,0
10377,0
358,1
15302,0
12755,0
2298,1
6841,1
10595,0
11242,0
13679,0
13003,0
5581,1
14931,0
7486,1
7663,1
7667,1
11032,0
249,1
1501,1
14162,0
14165,0
14166,0
14711,0
14770,0
15102,0
13776,0
736,1
737,1
2652,1
6669,1
14469,0
4158,1
3056,1
3734,1
8504,0
1312,1
11166,0
8424,0
5305,1
12431,0
11963,0
15264,0
4642,1
6329,1
12311,0
2270,1
13013,0
6673,1
6675,1
3657,1
10969,0
8135,1
1172,1
5015,1
14086,0
14430,0
14489,0
957,1
4445,1
4449,1
10227,0
114,1
8856,0
15844,0
1977,1
8175,1
8176,1
1452,1
1652,1
4425,1
4699,1
7932,1
14962,0
10482,0
12694,0
14136,0
14971,0
10896,0
8441,0
6131,1
8363,0
2187,1
3220,1
6864,1
5794,1
152,1
9928,0
8517,0
9536,0
5693,1
6063,1
6192,1
6525,1
8937,0
11401,0
11416,0
12184,0
5070,1
6182,1
6734,1
2140,1
13462,0
1685,1
9074,0
8590,0
10308,0
12102,0
1692,1
12752,0
13809,0
10900,0
9401,0
7496,1
638,1
640,1
7305,1
14156,0
9,1
10346,0
11900,0
10452,0
4709,1
1037,1
5353,1
6296,1
13301,0
11,1
8885,0
11042,0
14075,0
10375,0
9135,0
12573,0
6955,1
2070,1
1743,1
1449,1
942,1
568,1
617,1
1532,1
5930,1
9871,0
9642,0
12453,0
10984,0
7527,1
5646,1
6045,1
10358,0
7156,1
7157,1
6227,1
6307,1
6328,1
6391,1
6392,1
6536,1
6658,1
6664,1
2144,1
3839,1
9202,0
1895,1
930,1
856,1
9998,0
8301,1
8305,1
8306,1
14250,0
14334,0
9940,0
5079,1
1407,1
14528,0
14662,0
733,1
7459,1
8717,0
15334,0
9262,0
13760,0
4502,1
15261,0
2691,1
6317,1
11308,0
7241,1
12195,0
1928,1
5008,1
1882,1
11147,0
87,1
10351,0
7246,1
7247,1
7248,1
7251,1
7252,1
7255,1
7256,1
7659,1
9497,0
8323,1
8324,1
8325,1
8884,0
11376,0
4161,1
15610,0
2442,1
2458,1
13984,0
10344,0
3923,1
10333,0
13469,0
4921,1
4925,1
15367,0
9614,0
5553,1
14980,0
3186,1
8547,0
3357,1
5220,1
13012,0
4059,1
1374,1
5229,1
7590,1
4713,1
12141,0
13970,0
2541,1
7476,1
8191,1
10098,0
11658,0
12710,0
14007,0
15658,0
13266,0
1464,1
12002,0
15158,0
9842,0
13235,0
8699,0
11181,0
9692,0
5614,1
15574,0
7317,1
7318,1
7983,1
7984,1
7985,1
7986,1
135,1
3201,1
3929,1
23,1
9119,0
6299,1
7101,1
7102,1
7103,1
7104,1
7105,1
3139,1
14928,0
15355,0
8870,0
1585,1
2010,1
4289,1
15361,0
13806,0
10240,0
11440,0
3942,1
11176,0
11672,0
11763,0
15486,0
1786,1
1221,1
9545,0
12097,0
4378,1
9748,0
4164,1
11029,0
13557,0
5045,1
5237,1
15175,0
991,1
2520,1
2552,1
2895,1
3160,1
15300,0
14847,0
9782,0
2909,1
3316,1
3378,1
6019,1
703,1
710,1
712,1
714,1
6957,1
12771,0
8515,0
14881,0
2387,1
11088,0
5364,1
6099,1
9854,0
12149,0
4726,1
13436,0
12178,0
15142,0
235,1
9251,0
3030,1
39,1
3065,1
2564,1
2419,1
9912,0
1250,1
12767,0
4621,1
4654,1
4660,1
4682,1
233,1
13446,0
12734,0
10934,0
1504,1
12243,0
8878,0
14220,0
4091,1
4131,1
4232,1
15589,0
1289,1
9071,0
9791,0
11903,0
10087,0
8684,0
12337,0
15854,0
4797,1
7135,1
1029,1
4802,1
11425,0
2402,1
3589,1
1022,1
771,1
778,1
791,1
614,1
14845,0
15728,0
111,1
13276,0
867,1
13039,0
3118,1
9798,0
8598,0
10663,0
15025,0
7406,1
289,1
15121,0
10794,0
376,1
3502,1
13453,0
14009,0
15881,0
15332,0
9146,0
12885,0
12917,0
559,1
1896,1
1920,1
1549,1
1764,1
11275,0
11415,0
6553,1
13717,0
10242,0
13155,0
13848,0
5993,1
15877,0
2220,1
3651,1
10715,0
7022,1
14454,0
977,1
14045,0
8516,0
4507,1
7207,1
7218,1
157,1
5290,1
14216,0
14744,0
10007,0
13206,0
10772,0
526,1
827,1
2429,1
2605,1
2694,1
3136,1
5110,1
5289,1
5377,1
4257,1
5350,1
5997,1
2993,1
3028,1
8865,0
11202,0
11994,0
943,1
13763,0
9481,0
9758,0
1368,1
2483,1
1474,1
9179,0
11720,0
3866,1
5412,1
3687,1
13072,0
13313,0
13563,0
10985,0
10490,0
12664,0
247,1
10152,0
12596,0
12569,0
9101,0
9477,0
9075,0
11636,0
12365,0
10085,0
1666,1
1821,1
5126,1
5420,1
5464,1
5604,1
5610,1
5612,1
5632,1
14754,0
14829,0
14832,0
15094,0
12419,0
13183,0
13254,0
13323,0
10655,0
1651,1
5147,1
12671,0
10174,0
10890,0
3976,1
10786,0
1141,1
10722,0
12318,0
9609,0
8430,0
14474,0
14697,0
15656,0
14027,0
10468,0
13985,0
9258,0
11296,0
13963,0
1358,1
3177,1
4014,1
7244,1
6511,1
15181,0
2243,1
3200,1
9894,0
11041,0
1869,1
5961,1
12327,0
2368,1
12537,0
4359,1
2408,1
2409,1
10332,0
10355,0
8341,1
10464,0
13093,0
13298,0
15672,0
1513,1
1514,1
9524,0
911,1
7179,1
9774,0
10367,0
2527,1
2081,1
4780,1
4834,1
15735,0
1346,1
6280,1
5041,1
5104,1
5144,1
5145,1
5150,1
5156,1
5157,1
5179,1
5183,1
5184,1
5186,1
5194,1
5204,1
5210,1
5213,1
5222,1
5230,1
5453,1
5488,1
1404,1
7025,1
8915,0
1947,1
2805,1
9158,0
15838,0
14623,0
9970,0
15326,0
10037,0
12594,0
14033,0
3932,1
3933,1
7001,1
14970,0
9104,0
10639,0
11573,0
12115,0
12580,0
9410,0
3829,1
3830,1
3832,1
3834,1
3837,1
5392,1
3895,1
14472,0
9934,0
340,1
9846,0
11045,0
11351,0
11393,0
11824,0
63,1
242,1
1165,1
4330,1
8758,0
9026,0
9098,0
9273,0
10285,0
10288,0
10674,0
10767,0
10998,0
11012,0
11524,0
11609,0
12118,0
12246,0
12635,0
6620,1
6858,1
1923,1
13154,0
13292,0
7147,1
170,1
1099,1
10542,0
10561,0
11048,0
15234,0
830,1
11670,0
408,1
4646,1
1244,1
14384,0
12905,0
5052,1
11417,0
482,1
4886,1
499,1
11291,0
14197,0
13893,0
13898,0
13938,0
15285,0
10121,0
10781,0
11065,0
11585,0
12617,0
12977,0
35,1
8924,0
11959,0
8739,0
8771,0
15021,0
821,1
447,1
7634,1
11774,0
10209,0
15494,0
15816,0
9451,0
9879,0
10657,0
1387,1
6219,1
2092,1
4506,1
12650,0
1909,1
10276,0
2389,1
1007,1
7307,1
9810,0
9899,0
2271,1
2834,1
10408,0
739,1
12834,0
4967,1
14141,0
14322,0
14742,0
14878,0
14884,0
13590,0
12989,0
13172,0
13228,0
7838,1
7841,1
7842,1
8194,1
8196,1
8197,1
8198,1
12856,0
13364,0
5225,1
5580,1
5977,1
8791,0
8933,0
9499,0
9869,0
11680,0
1323,1
10923,0
6712,1
1380,1
1745,1
192,1
450,1
14483,0
14519,0
9980,0
10419,0
15745,0
8781,0
11253,0
15799,0
9926,0
14023,0
1275,1
4355,1
1722,1
10981,0
1004,1
11038,0
11356,0
929,1
12986,0
10598,0
11911,0
8362,0
10983,0
10740,0
12880,0
2274,1
2373,1
4900,1
12714,0
4669,1
4675,1
64,1
4827,1
9149,0
9234,0
9880,0
9924,0
9966,0
10103,0
10347,0
10992,0
11143,0
11182,0
11342,0
11678,0
12177,0
12672,0
12750,0
12951,0
14113,0
14326,0
418,1
6037,1
10629,0
10907,0
3092,1
3166,1
8124,1
13150,0
8583,0
13023,0
13178,0
13247,0
12368,0
1987,1
2447,1
13082,0
513,1
12934,0
5365,1
14254,0
9759,0
3565,1
1241,1
10640,0
11472,0
13114,0
2713,1
1674,1
5101,1
15106,0
15107,0
3196,1
547,1
550,1
551,1
555,1
556,1
616,1
4264,1
12377,0
7585,1
7148,1
7149,1
7150,1
7151,1
7152,1
7153,1
7154,1
7155,1
7733,1
7869,1
8256,1
8257,1
1317,1
9205,0
4772,1
13362,0
1397,1
9277,0
15232,0
9781,0
4128,1
7579,1
9995,0
12354,0
373,1
14522,0
1203,1
8978,0
9711,0
9861,0
12089,0
12663,0
15701,0
5466,1
6582,1
14548,0
14615,0
14880,0
15307,0
15709,0
2981,1
4769,1
15076,0
1785,1
4762,1
9495,0
12843,0
13024,0
13041,0
13314,0
571,1
9457,0
1502,1
11595,0
15385,0
15822,0
10738,0
9414,0
11567,0
1390,1
10036,0
8703,0
13555,0
5527,1
10848,0
464,1
12298,0
10139,0
13253,0
14101,0
13673,0
15166,0
7441,1
8326,1
13775,0
1704,1
14974,0
8997,0
854,1
10637,0
8734,0
14811,0
3796,1
9745,0
14917,0
1606,1
10508,0
5929,1
14517,0
11835,0
3670,1
5408,1
5809,1
6215,1
15821,0
3084,1
9607,0
742,1
7664,1
7671,1
3152,1
12587,0
13284,0
12819,0
15752,0
6939,1
10817,0
6158,1
9176,0
9487,0
9603,0
2296,1
2340,1
2370,1
4793,1
11775,0
2732,1
11405,0
13365,0
14131,0
5880,1
6028,1
412,1
9151,0
5575,1
10861,0
11033,0
11457,0
7059,1
7170,1
2174,1
2249,1
2283,1
5983,1
10434,0
1266,1
846,1
1105,1
84,1
325,1
12936,0
13293,0
1119,1
1156,1
2034,1
9298,0
9377,0
9946,0
10255,0
10576,0
11155,0
11655,0
11781,0
11836,0
11842,0
12593,0
13234,0
13275,0
15263,0
11153,0
9704,0
12242,0
13388,0
2861,1
728,1
9049,0
10711,0
13523,0
10150,0
13450,0
3922,1
12774,0
12973,0
11289,0
14541,0
3371,1
15484,0
2877,1
2888,1
3551,1
15536,0
10359,0
15903,0
12190,0
300,1
3846,1
6541,1
8842,0
10214,0
9076,0
489,1
10319,0
829,1
10107,0
12022,0
10609,0
2012,1
14425,0
4085,1
15506,0
4895,1
8820,0
1495,1
8656,0
5841,1
6127,1
6252,1
6298,1
6378,1
6385,1
6490,1
9391,0
10526,0
12706,0
14680,0
4207,1
2152,1
11071,0
4182,1
3847,1
10818,0
10986,0
2507,1
12289,0
9700,0
1024,1
15469,0
10201,0
12541,0
3640,1
3641,1
2135,1
10318,0
15894,0
613,1
619,1
7346,1
7356,1
8100,1
11818,0
12899,0
9533,0
8585,0
1824,1
10927,0
1166,1
3960,1
10180,0
11481,0
11676,0
13316,0
4666,1
14429,0
11328,0
917,1
523,1
2855,1
2856,1
5598,1
601,1
11164,0
10252,0
8566,0
8857,0
11063,0
6488,1
2061,1
15257,0
8946,0
5540,1
6554,1
2319,1
9370,0
12627,0
11625,0
4753,1
1631,1
1161,1
4033,1
4200,1
9163,0
9248,0
10733,0
13800,0
15062,0
2113,1
12926,0
2325,1
6333,1
6832,1
6853,1
6854,1
6862,1
6903,1
6916,1
6917,1
6925,1
6938,1
6948,1
6950,1
6981,1
6984,1
6986,1
6998,1
7031,1
7051,1
7052,1
7054,1
7070,1
5601,1
1797,1
9118,0
11027,0
3215,1
11077,0
4306,1
15459,0
11626,0
416,1
1494,1
12225,0
684,1
685,1
726,1
11943,0
15143,0
390,1
9548,0
460,1
11584,0
12150,0
924,1
11001,0
11053,0
1133,1
7800,1
1761,1
1319,1
5603,1
6067,1
2096,1
2098,1
2112,1
15117,0
1430,1
9911,0
6873,1
1475,1
9716,0
7078,1
7141,1
1814,1
11226,0
15550,0
10034,0
2697,1
15119,0
10862,0
10046,0
8560,0
5175,1
5676,1
14688,0
14689,0
195,1
9736,0
15640,0
9021,0
261,1
2085,1
2086,1
4064,1
4267,1
9733,0
8552,0
11777,0
3890,1
9735,0
6396,1
4387,1
396,1
3469,1
2772,1
7628,1
1563,1
1679,1
10627,0
12096,0
7089,1
3115,1
2194,1
584,1
13090,0
8344,0
9696,0
3604,1
2166,1
4745,1
11069,0
12502,0
15051,0
13505,0
10529,0
4825,1
10916,0
13340,0
7894,1
1470,1
9388,0
10549,0
7428,1
7429,1
7438,1
12832,0
3730,1
3225,1
3227,1
12759,0
9288,0
9325,0
10081,0
10778,0
11778,0
12717,0
11547,0
14134,0
14257,0
14274,0
14309,0
3269,1
12764,0
1902,1
1951,1
1953,1
10039,0
10176,0
10685,0
11162,0
11303,0
11851,0
11422,0
1490,1
12075,0
3717,1
2498,1
2633,1
3132,1
13440,0
8014,1
3570,1
3927,1
12142,0
6101,1
4115,1
6443,1
1256,1
8735,0
1998,1
10129,0
822,1
2926,1
9299,0
1184,1
1843,1
1028,1
9143,0
992,1
7194,1
7195,1
7196,1
12840,0
5322,1
10304,0
2422,1
1773,1
194,1
10838,0
7185,1
7186,1
7187,1
7188,1
7189,1
7610,1
7611,1
7613,1
7614,1
7615,1
7616,1
7617,1
7618,1
7619,1
7620,1
7621,1
7622,1
7623,1
7624,1
7626,1
7627,1
7630,1
7631,1
7632,1
7633,1
7636,1
7661,1
7827,1
8137,1
8138,1
15798,0
65,1
5970,1
3943,1
5689,1
2066,1
14028,0
14057,0
2342,1
4418,1
8932,0
9443,0
12748,0
8883,0
214,1
15156,0
3440,1
7319,1
10400,0
13568,0
248,1
1940,1
13613,0
15157,0
10243,0
11741,0
12349,0
10155,0
1330,1
9033,0
8918,0
15835,0
4695,1
13996,0
1505,1
2953,1
10000,0
10807,0
4794,1
10774,0
8831,0
14929,0
6988,1
8957,0
9566,0
10070,0
10971,0
13885,0
15563,0
15616,0
9093,0
15642,0
10666,0
8248,1
10136,0
12696,0
8892,0
11528,0
1309,1
6495,1
8681,0
12536,0
9315,0
1509,1
8954,0
1135,1
54,1
4329,1
1635,1
1573,1
11406,0
5512,1
3223,1
8206,1
15541,0
2188,1
5427,1
5557,1
10581,0
10964,0
13883,0
15928,0
851,1
10144,0
2771,1
10099,0
15643,0
15740,0
14061,0
15557,0
467,1
12543,0
11767,0
2523,1
11285,0
1557,1
15802,0
14336,0
8465,0
4881,1
11188,0
3946,1
14987,0
13227,0
13663,0
4890,1
11687,0
12762,0
13030,0
13976,0
7516,1
7489,1
2803,1
4639,1
12017,0
12449,0
1531,1
11080,0
12484,0
12499,0
4177,1
4367,1
7253,1
7254,1
13637,0
599,1
1229,1
462,1
5660,1
958,1
9246,0
9903,0
10635,0
10683,0
12990,0
13136,0
8012,1
8013,1
483,1
5605,1
6258,1
6407,1
6590,1
6693,1
6776,1
1168,1
4288,1
9475,0
3237,1
474,1
493,1
3349,1
15836,0
13199,0
4429,1
14868,0
11037,0
4229,1
6700,1
8778,0
9375,0
10791,0
12707,0
11016,0
1421,1
7904,1
1850,1
10875,0
13168,0
7106,1
7107,1
7108,1
7109,1
400,1
4893,1
14041,0
13,1
1654,1
10488,0
12315,0
11224,0
1405,1
6618,1
4954,1
11469,0
1736,1
1320,1
12144,0
3750,1
5424,1
13951,0
5519,1
13063,0
13259,0
12741,0
9110,0
11665,0
11718,0
5446,1
9105,0
4324,1
8822,0
9664,0
10100,0
12165,0
13995,0
15069,0
1861,1
13725,0
5885,1
14375,0
14493,0
12103,0
9483,0
10604,0
4927,1
8337,1
10601,0
10239,0
11538,0
12138,0
12086,0
1215,1
11193,0
14142,0
12718,0
11372,0
13513,0
4423,1
4514,1
8420,0
9300,0
10695,0
10903,0
537,1
12049,0
8510,0
5659,1
15742,0
4880,1
11776,0
1303,1
8501,0
12674,0
9500,0
5505,1
6332,1
6792,1
9969,0
11940,0
9961,0
6879,1
2205,1
15869,0
10273,0
15049,0
959,1
1465,1
8813,0
12739,0
5256,1
14428,0
6799,1
12607,0
931,1
6605,1
14276,0
9670,0
11798,0
13371,0
15453,0
2711,1
1508,1
4363,1
9797,0
12744,0
13730,0
682,1
683,1
704,1
713,1
729,1
738,1
2395,1
2143,1
2753,1
9128,0
9792,0
11197,0
14052,0
3314,1
4953,1
14255,0
11470,0
14913,0
596,1
10309,0
6,1
12893,0
1086,1
7340,1
7341,1
12147,0
3824,1
2361,1
13936,0
3511,1
3552,1
9721,0
1717,1
8714,0
6235,1
6289,1
6383,1
6508,1
6559,1
384,1
1866,1
14687,0
200,1
860,1
377,1
4301,1
14646,0
12969,0
1461,1
12471,0
8390,0
10197,0
9837,0
13384,0
13372,0
11410,0
857,1
4916,1
1354,1
7598,1
5423,1
9392,0
4224,1
10669,0
10219,0
9455,0
14237,0
12483,0
3574,1
8354,0
14262,0
12684,0
11715,0
9590,0
4874,1
3607,1
2479,1
1061,1
835,1
836,1
5277,1
5372,1
5406,1
5445,1
5516,1
5556,1
5615,1
5780,1
5904,1
5908,1
5965,1
6090,1
6300,1
6437,1
6473,1
6547,1
6548,1
6577,1
6608,1
6845,1
15098,0
10438,0
3825,1
4605,1
4242,1
6880,1
15507,0
9130,0
887,1
13366,0
2292,1
7338,1
7339,1
7752,1
7753,1
7802,1
9688,0
10854,0
13658,0
2374,1
14892,0
15003,0
355,1
5694,1
11659,0
4851,1
12114,0
8505,0
9319,0
2587,1
3649,1
7555,1
7556,1
8174,1
12551,0
12083,0
12895,0
1701,1
8216,1
4924,1
7639,1
7640,1
1147,1
12761,0
13877,0
14449,0
15082,0
4179,1
9570,0
10556,0
164,1
168,1
12403,0
4887,1
1769,1
13373,0
1835,1
10779,0
10251,0
7197,1
7198,1
7199,1
8578,0
8449,0
8298,1
3705,1
11734,0
8687,0
9272,0
4949,1
1676,1
1828,1
2623,1
5496,1
5934,1
10313,0
13773,0
14975,0
15525,0
8236,1
1846,1
81,1
1779,1
844,1
14186,0
11544,0
10207,0
4969,1
13735,0
3957,1
4293,1
13076,0
921,1
12168,0
90,1
11377,0
1812,1
15323,0
11233,0
4865,1
14099,0
14401,0
3489,1
3492,1
3542,1
1776,1
9083,0
2051,1
15665,0
9219,0
2548,1
3175,1
4971,1
1136,1
3,1
1990,1
4497,1
2425,1
2450,1
2451,1
10031,0
13119,0
10713,0
5926,1
11826,0
3596,1
15630,0
3101,1
1807,1
1899,1
1934,1
2074,1
2399,1
3253,1
5459,1
5549,1
5726,1
6088,1
6310,1
6875,1
1213,1
7716,1
15634,0
1608,1
13576,0
5547,1
632,1
633,1
634,1
641,1
2505,1
2562,1
2048,1
3702,1
4148,1
4197,1
4205,1
7508,1
13459,0
3341,1
3432,1
8112,1
8113,1
8114,1
8115,1
9546,0
9991,0
4848,1
3075,1
4746,1
10232,0
11231,0
11958,0
9803,0
5278,1
1677,1
10348,0
9030,0
11101,0
12720,0
9142,0
3048,1
839,1
4196,1
13420,0
13049,0
14298,0
9403,0
12028,0
998,1
