y_true,prob_avg,y_predicted
1,0.2412258,0
1,0.99876904,1
1,0.70919836,1
1,0.9999378,1
1,0.9872722,1
1,0.07424104,0
1,0.12770711,0
1,0.17253505,0
1,0.20678544,0
1,0.5447812,1
1,0.3035305,0
1,0.2976082,0
1,0.13649908,0
1,1.0,1
1,0.53886795,1
1,0.096249685,0
1,0.68730867,1
1,0.016261527,0
1,0.07556826,0
1,0.009797787,0
1,0.23160072,0
1,0.38839066,0
1,0.34480703,0
1,0.08833178,0
1,0.99984187,1
1,0.072337,0
1,0.09486882,0
1,0.025469372,0
1,0.15785755,0
1,0.25334036,0
1,0.44512224,0
1,0.061354045,0
1,0.5091272,1
1,0.48935857,0
1,0.9979758,1
1,0.55115426,1
1,0.24427894,0
1,0.11026726,0
1,0.27978396,0
1,0.022097293,0
1,0.07154261,0
1,0.99258643,1
1,0.9767589,1
1,0.02611843,0
1,0.016531385,0
1,0.9999979,1
1,0.48369825,0
1,0.9718266,1
1,0.9999996,1
1,0.9854417,1
1,0.0039689923,0
1,0.33817327,0
1,0.93938243,1
1,0.21653703,0
1,0.9785882,1
1,0.17725903,0
1,0.55655295,1
1,0.9999019,1
1,0.9788311,1
1,0.99841774,1
1,0.9996123,1
1,0.9236855,1
1,0.8763332,1
1,0.99851954,1
1,0.07353508,0
1,0.18608737,0
1,0.9819617,1
1,0.25515446,0
1,0.8547481,1
1,0.8268039,1
1,0.8400325,1
1,0.5889226,1
1,0.51817936,1
1,0.87725043,1
1,0.91698706,1
1,0.57386816,1
1,0.9998971,1
1,0.065496065,0
1,0.05113926,0
1,0.9940993,1
1,0.111638784,0
1,0.9999999,1
1,0.9834039,1
1,0.99999934,1
1,0.19922397,0
1,0.56076634,1
1,0.94332474,1
1,0.10669527,0
1,0.940878,1
1,0.9496454,1
1,1.0,1
1,0.5151795,1
1,0.4269571,0
1,0.50783527,1
1,0.9961163,1
1,0.9975682,1
1,0.99999774,1
1,0.99998856,1
1,0.99803156,1
1,0.9996872,1
1,0.99535555,1
1,0.9994787,1
1,0.9985508,1
1,0.99967164,1
1,0.99014574,1
1,0.23816377,0
1,0.9999977,1
1,0.9987128,1
1,1.0,1
1,0.8998481,1
1,0.9035712,1
1,0.24744907,0
1,0.93479943,1
1,0.05393155,0
1,0.8009244,1
1,0.99785435,1
1,0.9997114,1
1,0.97651803,1
1,0.99580574,1
1,0.99999946,1
1,1.0,1
1,1.0,1
1,1.0,1
1,1.0,1
1,0.38937962,0
1,0.05343371,0
1,0.9718811,1
1,0.9850749,1
1,0.99580574,1
1,0.9971259,1
1,0.9999976,1
1,0.999997,1
1,1.0,1
1,0.9999997,1
1,1.0,1
1,1.0,1
1,1.0,1
1,1.0,1
1,0.99999976,1
1,1.0,1
1,0.99999994,1
1,0.9999997,1
1,0.99588776,1
1,0.99999976,1
1,0.99882054,1
1,0.5826678,1
1,0.9999915,1
1,0.99999565,1
1,0.99999833,1
1,0.9999927,1
1,0.9998771,1
1,0.23209585,0
1,0.99999726,1
1,0.99999875,1
1,0.99999875,1
1,0.99935997,1
1,0.99977875,1
1,0.18161795,0
1,0.09557172,0
1,0.06876893,0
1,0.89040613,1
1,0.9999927,1
1,0.9999519,1
1,0.99999547,1
1,0.9997264,1
1,0.99857986,1
1,0.999988,1
1,0.5059378,1
1,0.99829215,1
1,0.9995811,1
1,0.9994364,1
1,1.0,1
1,0.9999915,1
1,0.005066549,0
1,0.12717631,0
1,0.0042325174,0
1,0.16331819,0
1,0.007833135,0
1,0.20436786,0
1,0.0730413,0
1,0.9999861,1
1,0.006455023,0
1,0.08281288,0
1,0.8964872,1
1,0.019766396,0
1,0.023954682,0
1,0.29513848,0
1,0.9192002,1
1,0.06085001,0
1,0.51796746,1
1,0.4659696,0
1,0.37177703,0
1,0.6665534,1
1,0.86322457,1
1,0.07873429,0
1,0.2920569,0
1,0.99467164,1
1,0.99804574,1
1,0.50181985,1
1,0.107415,0
1,0.02322955,0
1,0.24139024,0
1,0.9103989,1
1,0.24771033,0
1,0.80095077,1
1,0.13116774,0
1,0.22178032,0
1,0.1484094,0
1,0.5197449,1
1,0.75109726,1
1,0.51059866,1
1,0.02773794,0
1,0.9995232,1
1,0.53853595,1
1,0.36384305,0
1,0.76454484,1
1,0.19872351,0
1,0.044201043,0
1,0.99906856,1
1,0.5294833,1
1,0.47031876,0
1,0.3631464,0
1,0.09443736,0
1,0.90391374,1
1,0.99999994,1
1,0.99998707,1
1,0.13848172,0
1,0.100377694,0
1,0.0047962316,0
1,0.4671425,0
1,0.11288862,0
1,0.7626653,1
1,0.0145254545,0
1,0.07793823,0
1,0.88979906,1
1,0.48404166,0
1,0.9999829,1
1,0.9964333,1
1,0.7410759,1
1,0.9999993,1
1,1.0,1
1,0.27756158,0
1,0.08718104,0
1,0.62601525,1
1,0.6448446,1
1,0.9807108,1
1,0.11780777,0
1,0.9879574,1
1,0.49053645,0
1,0.9269956,1
1,0.18235266,0
1,0.76671517,1
1,0.9907725,1
1,0.9999906,1
1,0.06695324,0
1,0.48457938,0
1,0.97832686,1
1,0.017403627,0
1,1.0,1
1,0.9921491,1
1,0.9991474,1
1,0.9617469,1
1,0.9782484,1
1,0.91321576,1
1,0.97912145,1
1,0.99999917,1
1,0.5768952,1
1,1.0,1
1,1.0,1
1,0.07377238,0
1,0.993408,1
1,0.9924884,1
1,1.0,1
1,0.24601121,0
1,0.99999994,1
1,0.9982275,1
1,0.14353338,0
1,0.12544988,0
1,1.0,1
1,0.99804807,1
1,0.9881143,1
1,0.9323837,1
1,0.9906717,1
1,0.21769999,0
1,0.92658985,1
1,0.7998201,1
1,0.9958428,1
1,1.0,1
1,0.11791405,0
1,0.9152083,1
1,0.98619175,1
1,0.1981278,0
1,0.9999998,1
1,1.0,1
1,0.50013757,1
1,0.9998393,1
1,0.93578434,1
1,0.2543339,0
1,0.9514294,1
1,0.99435025,1
1,0.9955172,1
1,0.4830434,0
1,0.9988645,1
1,0.9840973,1
1,0.34526238,0
1,0.9999893,1
1,0.23270121,0
1,0.9999817,1
1,0.999999,1
1,0.11794253,0
1,0.4088019,0
1,0.14462104,0
1,0.99923736,1
1,1.0,1
1,0.9573606,1
1,0.99995166,1
1,0.874605,1
1,0.99923056,1
1,0.99355716,1
1,1.0,1
1,0.9774003,1
1,1.0,1
1,0.98714304,1
1,0.27427343,0
1,0.26519763,0
1,0.9983844,1
1,0.2667922,0
1,0.99999654,1
1,0.08167808,0
1,0.9999999,1
1,0.61206925,1
1,0.9249425,1
1,0.29699412,0
1,0.37703678,0
1,1.0,1
1,0.9997457,1
1,0.99999183,1
1,0.720287,1
1,0.33175462,0
1,1.0,1
1,0.9986204,1
1,0.99937534,1
1,0.30203453,0
1,0.9998091,1
1,0.99698347,1
1,0.99998957,1
1,0.5378438,1
1,0.41353348,0
1,0.9999999,1
1,0.9976686,1
1,0.8945422,1
1,0.99967504,1
1,0.96863747,1
1,0.99999976,1
1,0.9935884,1
1,0.99999857,1
1,0.9998822,1
1,0.36328623,0
1,0.72659004,1
1,0.8725208,1
1,0.99951255,1
1,0.999247,1
1,0.95125264,1
1,0.99996996,1
1,0.36516774,0
1,0.99851876,1
1,0.9755215,1
1,0.26925647,0
1,0.99995565,1
1,0.9997352,1
1,0.083058916,0
1,0.13862759,0
1,0.9999563,1
1,0.99973714,1
1,0.99999624,1
1,0.040184252,0
1,0.9995754,1
1,0.4148029,0
1,1.0,1
1,0.99160886,1
1,0.0640804,0
1,1.0,1
1,0.9821248,1
1,0.4038742,0
1,0.9999974,1
1,0.84940207,1
1,0.42335644,0
1,0.99891615,1
1,0.9999959,1
1,1.0,1
1,0.9721155,1
1,0.9999985,1
1,0.2263783,0
1,0.99850047,1
1,0.4179096,0
1,1.0,1
1,0.28744873,0
1,0.99336463,1
1,0.33001587,0
1,0.99996144,1
1,0.029721208,0
1,0.2969188,0
1,0.99943346,1
1,0.97670394,1
1,0.99999905,1
1,0.9999994,1
1,0.89641654,1
1,0.99522877,1
1,0.7815417,1
1,0.9999998,1
1,0.521402,1
1,0.99999386,1
1,0.9984777,1
1,0.99999726,1
1,0.99999917,1
1,1.0,1
1,0.9709208,1
1,0.9993307,1
1,0.88949245,1
1,0.9996647,1
1,0.5006973,1
1,0.9999915,1
1,0.30921894,0
1,0.56468755,1
1,0.2908293,0
1,0.9257319,1
1,0.8047013,1
1,0.7841306,1
1,0.9538383,1
1,0.92211145,1
1,0.99999416,1
1,0.9999999,1
1,0.48046854,0
1,1.0,1
1,0.9943704,1
1,0.9995675,1
1,0.9314915,1
1,0.999716,1
1,0.9912053,1
1,0.9999967,1
1,0.9837644,1
1,1.0,1
1,0.9929744,1
1,0.9992208,1
1,0.17851448,0
1,0.9272274,1
1,0.02059302,0
1,1.0,1
1,0.41922453,0
1,0.9999715,1
1,0.53979003,1
1,0.99902713,1
1,0.8609536,1
1,0.72239614,1
1,0.996739,1
1,0.627348,1
1,0.9959061,1
1,0.9264574,1
1,0.88782287,1
1,0.999596,1
1,0.94377553,1
1,0.83600736,1
1,0.14624204,0
1,0.31001842,0
1,0.9992662,1
1,0.9997304,1
1,0.8376479,1
1,0.96804005,1
1,0.95084906,1
1,0.5577291,1
1,0.9998422,1
1,0.020154359,0
1,0.9999997,1
1,0.9835192,1
1,1.0,1
1,0.55810606,1
1,0.6226814,1
1,0.99995124,1
1,0.14381124,0
1,0.6045885,1
1,0.16043395,0
1,0.8171456,1
1,0.9999809,1
1,0.27599496,0
1,0.9916875,1
1,0.9940429,1
1,0.40026698,0
1,0.9945353,1
1,0.99283516,1
1,0.739045,1
1,0.9999975,1
1,0.99460155,1
1,0.6454563,1
1,0.63242257,1
1,0.9999846,1
1,0.99999994,1
1,0.2078806,0
1,0.62413216,1
1,1.0,1
1,0.99336064,1
1,0.9471402,1
1,0.6407147,1
1,0.8769877,1
1,0.99999964,1
1,0.22433288,0
1,0.43692496,0
1,0.9999709,1
1,0.99990284,1
1,1.0,1
1,0.90185666,1
1,0.64860106,1
1,1.0,1
1,0.9723618,1
1,0.9999999,1
1,0.9981945,1
1,0.9999639,1
1,0.9992595,1
1,0.9999963,1
1,0.19579883,0
1,0.999928,1
1,0.9999745,1
1,0.99999946,1
1,0.9999999,1
1,0.99999994,1
1,0.99999785,1
1,0.99999106,1
1,0.99999964,1
1,0.99963653,1
1,0.9976677,1
1,0.9998118,1
1,0.99959785,1
1,0.99999976,1
1,0.9999983,1
1,1.0,1
1,0.99999195,1
1,0.96246505,1
1,0.9533207,1
1,0.98418635,1
1,0.9993084,1
1,0.99638975,1
1,0.9597869,1
1,0.6688014,1
1,0.9153931,1
1,0.9974176,1
1,0.9613699,1
1,1.0,1
1,0.9999615,1
1,0.9999942,1
1,0.9999994,1
1,1.0,1
1,1.0,1
1,1.0,1
1,0.9984186,1
1,0.9640324,1
1,0.87414443,1
1,1.0,1
1,1.0,1
1,1.0,1
1,1.0,1
1,0.99997586,1
1,0.99999803,1
1,0.18090376,0
1,1.0,1
1,0.99984497,1
1,0.99975985,1
1,0.9938583,1
1,0.9999327,1
1,0.99703246,1
1,0.99543107,1
1,0.99996203,1
1,0.5190142,1
1,0.96579623,1
1,0.22205243,0
1,0.7906688,1
1,0.92455554,1
1,0.48790443,0
1,0.8723335,1
1,1.0,1
1,0.9384489,1
1,0.5842441,1
1,0.99999154,1
1,0.1559871,0
1,0.9999613,1
1,0.99808115,1
1,1.0,1
1,0.99997735,1
1,0.27181232,0
1,0.99999493,1
1,0.99939084,1
1,0.9999971,1
1,0.9864338,1
1,0.99935716,1
1,1.0,1
1,0.99999976,1
1,0.9951925,1
1,0.9820582,1
1,0.99999934,1
1,1.0,1
1,0.99999994,1
1,0.9999997,1
1,0.9999947,1
1,0.99998933,1
1,0.99997544,1
1,0.9999441,1
1,0.99999905,1
1,0.99792707,1
1,0.9999838,1
1,0.99865454,1
1,0.99434215,1
1,0.97775644,1
1,0.99952924,1
1,0.9999978,1
1,1.0,1
1,0.9908569,1
1,0.10201551,0
1,0.99974215,1
1,0.9999618,1
1,0.9999987,1
1,0.9813652,1
1,0.9999949,1
1,0.9999723,1
1,0.9731128,1
1,0.9998222,1
1,0.77552915,1
1,0.99998033,1
1,0.99988955,1
1,1.0,1
1,0.9999111,1
1,0.9990988,1
1,0.99974036,1
1,0.9999996,1
1,1.0,1
1,0.99984604,1
1,1.0,1
1,0.99884117,1
1,0.9918243,1
1,0.999105,1
1,0.23513171,0
1,0.99733496,1
1,0.9174933,1
1,0.9996644,1
1,0.99995357,1
1,0.45473412,0
1,1.0,1
1,0.9999318,1
1,1.0,1
1,0.98321503,1
1,0.98688734,1
1,0.98071855,1
1,0.99999976,1
1,0.13532752,0
1,0.99987036,1
1,0.9989948,1
1,0.57464147,1
1,1.0,1
1,0.07961205,0
1,0.51582265,1
1,0.88721013,1
1,0.95777917,1
1,0.85335916,1
1,0.9999984,1
1,0.99999243,1
1,0.31636447,0
1,1.0,1
1,0.99483895,1
1,0.24477325,0
1,0.99999446,1
1,0.76024526,1
1,0.9604827,1
1,0.9997085,1
1,0.9999995,1
1,0.17065416,0
1,0.9906997,1
1,0.4603219,0
1,0.99948984,1
1,0.9999225,1
1,0.9588505,1
1,0.98996395,1
1,0.98916125,1
1,0.9999987,1
1,0.9748965,1
1,0.99984515,1
1,0.51565266,1
1,0.009063306,0
1,0.013665554,0
1,0.99995667,1
1,0.9999999,1
1,1.0,1
1,0.9989689,1
1,0.9947458,1
1,0.0790236,0
1,0.51577175,1
1,0.9336934,1
1,1.0,1
1,0.99606466,1
1,1.0,1
1,1.0,1
1,0.98009944,1
1,0.9999916,1
1,0.99997586,1
1,0.9734535,1
1,1.0,1
1,0.9999999,1
1,0.9999998,1
1,0.9998888,1
1,1.0,1
1,0.031536903,0
1,0.9730458,1
1,0.97543013,1
1,1.0,1
1,0.99812835,1
1,0.9481937,1
1,0.93361086,1
1,0.9999406,1
1,0.81205827,1
1,0.9999995,1
1,0.999992,1
1,0.99932694,1
1,0.9999999,1
1,0.99999255,1
1,0.99572396,1
1,1.0,1
1,0.24764037,0
1,0.95834553,1
1,0.7271261,1
1,0.98466474,1
1,0.9608087,1
1,0.9948757,1
1,0.9517529,1
1,0.99999815,1
1,0.99999183,1
1,0.99324685,1
1,0.9986588,1
1,0.94488084,1
1,0.99999976,1
1,0.19624794,0
1,0.99995583,1
1,0.9999836,1
1,0.99999213,1
1,0.9998548,1
1,0.7812482,1
1,0.9957916,1
1,0.9993983,1
1,0.9866472,1
1,1.0,1
1,0.522437,1
1,0.8822696,1
1,0.9333335,1
1,0.99908894,1
1,0.48242867,0
1,0.999999,1
1,0.9996837,1
1,0.9779266,1
1,0.9999929,1
1,0.9997757,1
1,0.99999636,1
1,1.0,1
1,0.9999998,1
1,0.9972009,1
1,0.95144624,1
1,0.95439965,1
1,1.0,1
1,0.9670057,1
1,1.0,1
1,1.0,1
1,1.0,1
1,1.0,1
1,1.0,1
1,1.0,1
1,1.0,1
1,1.0,1
1,1.0,1
1,0.99759436,1
1,0.99999964,1
1,0.09082664,0
1,1.0,1
1,0.19493848,0
1,0.9995247,1
1,0.9910191,1
1,1.0,1
1,0.999913,1
1,1.0,1
1,0.9999501,1
1,0.8693049,1
1,0.999965,1
1,0.994962,1
1,0.9924971,1
1,0.98777413,1
1,0.99461573,1
1,0.9442808,1
1,0.98548585,1
1,0.99386567,1
1,0.87032056,1
1,0.9875779,1
1,0.9867649,1
1,0.98795754,1
1,0.9902363,1
1,0.71403754,1
1,0.98024803,1
1,0.94767964,1
1,0.9993349,1
1,0.25899354,0
1,0.9999563,1
1,1.0,1
1,1.0,1
1,1.0,1
1,1.0,1
1,1.0,1
1,0.22367835,0
1,0.9993035,1
1,0.9352714,1
1,0.084877044,0
1,0.08406944,0
1,1.0,1
1,0.99257624,1
1,1.0,1
1,0.9940357,1
1,0.9999919,1
1,0.9986948,1
1,1.0,1
1,0.9886962,1
1,0.9988268,1
1,0.9999968,1
1,1.0,1
1,0.99974984,1
1,0.9905754,1
1,0.96209955,1
1,1.0,1
1,1.0,1
1,0.93481535,1
1,0.99941933,1
1,0.9922167,1
1,0.9999955,1
1,0.60610765,1
1,0.99708253,1
1,0.9994346,1
1,0.9998073,1
1,0.9999999,1
1,1.0,1
1,0.99749154,1
1,0.9922339,1
1,0.9030599,1
1,0.031204155,0
1,1.0,1
1,0.1393012,0
1,0.96332765,1
1,1.0,1
1,1.0,1
1,1.0,1
1,0.09274896,0
1,0.6308124,1
1,1.0,1
1,0.22998692,0
1,1.0,1
1,1.0,1
1,0.97318834,1
1,0.9997165,1
1,0.078264534,0
1,0.999998,1
1,0.9977806,1
1,0.4534228,0
1,0.99998873,1
1,0.98445165,1
1,0.99449545,1
1,1.0,1
1,0.956674,1
1,0.9863467,1
1,0.933649,1
1,1.0,1
1,1.0,1
1,0.99196243,1
1,0.8903502,1
1,0.9401221,1
1,0.02231564,0
1,1.0,1
1,0.26629287,0
1,0.0834493,0
1,0.9999394,1
1,0.37954247,0
1,0.9997512,1
1,1.0,1
1,0.9001988,1
1,0.9306844,1
1,0.72569096,1
1,1.0,1
1,0.7715227,1
1,0.9820622,1
1,1.0,1
1,0.9992649,1
1,1.0,1
1,0.9259846,1
1,0.40912834,0
1,0.5675832,1
1,1.0,1
1,0.99965316,1
1,0.18827699,0
1,1.0,1
1,1.0,1
1,0.9743428,1
1,0.9999992,1
1,1.0,1
1,0.99774605,1
1,0.9719978,1
1,0.9999987,1
1,1.0,1
1,0.99999875,1
1,0.97688943,1
1,1.0,1
1,1.0,1
1,0.99987924,1
1,0.48611912,0
1,0.99999946,1
1,0.9998132,1
1,0.99130213,1
1,0.99830383,1
1,0.321468,0
1,0.9999853,1
1,0.9998951,1
1,0.99989647,1
1,1.0,1
1,1.0,1
1,0.998841,1
1,0.9911529,1
1,0.9920583,1
1,0.9999065,1
1,1.0,1
1,0.99999964,1
1,1.0,1
1,0.9722067,1
1,0.9999554,1
1,0.99920505,1
1,0.9984316,1
1,0.8966063,1
1,0.47527108,0
1,0.9993522,1
1,0.52773964,1
1,0.99829334,1
1,0.998841,1
1,0.9994398,1
1,0.99982285,1
1,1.0,1
1,1.0,1
1,1.0,1
1,1.0,1
1,0.9999978,1
1,1.0,1
1,0.003062214,0
1,1.0,1
1,0.980827,1
1,1.0,1
1,0.9792262,1
1,0.9733286,1
1,0.37136,0
1,1.0,1
1,1.0,1
1,1.0,1
1,0.1461284,0
1,0.95741636,1
1,0.37711263,0
1,1.0,1
1,0.6133088,1
1,0.999991,1
1,0.9987089,1
1,0.9957003,1
1,0.4768023,0
1,0.04871014,0
1,0.6894497,1
1,0.18413144,0
1,0.8990059,1
1,0.9447749,1
1,0.042900316,0
1,0.9282101,1
1,0.049538657,0
1,0.1094427,0
1,0.16594061,0
1,0.83152825,1
1,0.08229976,0
1,0.08817901,0
1,0.06780959,0
1,0.16370982,0
1,0.91756654,1
1,0.3250119,0
1,0.007911561,0
1,0.57165825,1
1,0.9979738,1
1,0.5950521,1
1,0.275324,0
1,0.35437486,0
1,0.018430255,0
1,0.09996007,0
1,0.46654302,0
1,0.9999999,1
1,0.016830824,0
1,0.14689395,0
1,0.22878654,0
1,0.103422225,0
1,0.95808345,1
1,1.0,1
1,0.2679659,0
1,0.8986581,1
1,0.19764595,0
1,0.60112154,1
1,0.9372257,1
1,0.9999985,1
1,0.9999857,1
1,0.047729257,0
1,0.9999481,1
1,1.0,1
1,1.0,1
1,0.9992901,1
1,0.24072886,0
1,1.0,1
1,0.99999666,1
1,0.99930596,1
1,0.7996212,1
1,0.99978215,1
1,0.9999857,1
1,0.5711554,1
1,0.9825252,1
1,0.9551816,1
1,0.9998845,1
1,0.9999522,1
1,1.0,1
1,1.0,1
1,0.9999856,1
1,0.99999994,1
1,0.99999976,1
1,0.12390092,0
1,1.0,1
1,1.0,1
1,0.9982491,1
1,0.9997307,1
1,0.9997426,1
1,0.9999653,1
1,0.95732003,1
1,0.9997338,1
1,0.4001479,0
1,0.99816114,1
1,0.99995255,1
1,0.80520916,1
1,0.9360615,1
1,0.99996376,1
1,0.9999709,1
1,0.9805036,1
1,0.9998718,1
1,0.99065346,1
1,0.99993515,1
1,0.9999635,1
1,0.9998037,1
1,0.9998195,1
1,0.9999999,1
1,0.9999999,1
1,0.99965787,1
1,0.9991072,1
1,0.9988785,1
1,0.66596884,1
1,0.99997926,1
1,0.99999225,1
1,0.9494678,1
1,0.9999991,1
1,0.98001456,1
1,0.9999166,1
1,0.5184294,1
1,1.0,1
1,0.99999744,1
1,0.9999999,1
1,0.9948676,1
1,0.9998733,1
1,0.99955744,1
1,1.0,1
1,0.99635977,1
1,0.25113648,0
1,0.99999475,1
1,0.8446909,1
1,0.99991006,1
1,1.0,1
1,0.9999709,1
1,0.83837837,1
1,0.98446906,1
1,0.9999827,1
1,0.9999996,1
1,0.99999976,1
1,0.99999756,1
1,0.9997584,1
1,1.0,1
1,0.9999082,1
1,0.94915485,1
1,1.0,1
1,0.9712446,1
1,0.9999954,1
1,0.99957997,1
1,0.99973434,1
1,1.0,1
1,0.9999372,1
1,0.99999857,1
1,0.98283637,1
1,0.999766,1
1,0.99999654,1
1,0.9913523,1
1,0.99882,1
1,0.9999945,1
1,0.9999915,1
1,0.9999953,1
1,0.9999868,1
1,0.9999654,1
1,1.0,1
1,0.99999994,1
1,0.9999988,1
1,1.0,1
1,0.9999977,1
1,0.99999994,1
1,0.9999702,1
1,1.0,1
1,1.0,1
1,0.9958695,1
1,1.0,1
1,0.33795276,0
1,0.9960239,1
1,0.94187754,1
1,1.0,1
1,1.0,1
1,0.99374,1
1,0.9980968,1
1,1.0,1
1,0.97270375,1
1,1.0,1
1,0.9996818,1
1,1.0,1
1,0.9959014,1
1,0.3360037,0
1,0.9999466,1
1,0.99999946,1
1,0.9999893,1
1,0.9999893,1
1,0.9999975,1
1,0.9845011,1
1,0.9999961,1
1,0.9999955,1
1,0.99987346,1
1,0.90177554,1
1,0.9988306,1
1,0.9987333,1
1,1.0,1
1,0.9998532,1
1,0.99999964,1
1,0.9970224,1
1,0.98854256,1
1,0.9999985,1
1,0.99933505,1
1,0.9999988,1
1,0.9998107,1
1,0.97263664,1
1,0.9999987,1
1,0.99877405,1
1,0.9999903,1
1,0.7007791,1
1,1.0,1
1,0.98464245,1
1,0.99999905,1
1,0.030891117,0
1,0.9999989,1
1,0.99989665,1
1,0.99999547,1
1,0.9079804,1
1,1.0,1
1,0.99991006,1
1,1.0,1
1,0.99861544,1
1,0.9999762,1
1,1.0,1
1,0.99997216,1
1,0.9990075,1
1,0.9769769,1
1,0.99996233,1
1,0.9999503,1
1,1.0,1
1,0.9986243,1
1,0.99932444,1
1,0.99953353,1
1,0.9999802,1
1,0.99916685,1
1,0.9999997,1
1,0.99156874,1
1,0.99992543,1
1,0.99999654,1
1,0.9999994,1
1,0.99999636,1
1,1.0,1
1,1.0,1
1,0.99999994,1
1,1.0,1
1,0.99986756,1
1,0.99433714,1
1,0.9999322,1
1,0.9988979,1
1,0.99949306,1
1,0.96617556,1
1,0.34577268,0
1,0.9999903,1
1,0.9999998,1
1,0.9999996,1
1,1.0,1
1,1.0,1
1,0.99990195,1
1,0.5128833,1
1,1.0,1
1,0.0005010276,0
1,0.993272,1
1,0.9999024,1
1,0.99527574,1
1,0.99999684,1
1,0.999024,1
1,0.9999867,1
1,1.0,1
1,0.97975546,1
1,0.9999015,1
1,0.9999903,1
1,0.999728,1
1,0.99994177,1
1,0.97535,1
1,0.9999998,1
1,0.99999964,1
1,0.9952477,1
1,0.9999996,1
1,0.99999595,1
1,0.9995466,1
1,0.99998975,1
1,1.0,1
1,0.99999785,1
1,0.9999969,1
1,0.97460926,1
1,1.0,1
1,0.9988331,1
1,0.98699635,1
1,0.9580186,1
1,0.9727551,1
1,0.99999774,1
1,0.9999874,1
1,0.999997,1
1,0.9999997,1
1,0.9997585,1
1,0.98900133,1
1,0.13677642,0
1,0.9999942,1
1,0.9995548,1
1,0.99945474,1
1,0.99997795,1
1,1.0,1
1,0.98604417,1
1,0.99999994,1
1,0.99999684,1
1,0.99997216,1
1,0.99824005,1
1,0.99999535,1
1,0.9994343,1
1,1.0,1
1,0.9993505,1
1,0.98566675,1
1,0.9950063,1
1,0.99955696,1
1,1.0,1
1,1.0,1
1,0.9998619,1
1,1.0,1
1,1.0,1
1,1.0,1
1,0.9769769,1
1,0.95525926,1
1,0.99816453,1
1,1.0,1
1,0.99941736,1
1,0.99769676,1
1,0.9811927,1
1,0.62454224,1
1,0.99987715,1
1,1.0,1
1,0.9906562,1
1,0.99998856,1
1,0.9769769,1
1,0.99999857,1
1,0.9994521,1
1,0.7006092,1
1,0.9998876,1
1,0.99999976,1
1,0.99999994,1
1,0.9973649,1
1,0.9999906,1
1,0.9959314,1
1,0.9999802,1
1,0.79172707,1
1,0.43624762,0
1,0.99479324,1
1,0.9998367,1
1,0.9999996,1
1,0.9999915,1
1,1.0,1
1,1.0,1
1,0.5335224,1
1,0.30690464,0
1,0.9999999,1
1,0.99907315,1
1,0.9999987,1
1,1.0,1
1,0.9999997,1
1,0.9999915,1
1,0.98910254,1
1,0.99829304,1
1,0.99975544,1
1,0.9999683,1
1,0.997872,1
1,0.9998779,1
1,0.99999994,1
1,0.9997893,1
1,0.9999034,1
1,0.99994373,1
1,0.9999994,1
1,0.99655056,1
1,0.9998724,1
1,0.99999166,1
1,0.46509665,0
1,1.0,1
1,0.99990416,1
1,0.99994266,1
1,0.9002343,1
1,0.99861145,1
1,0.9999997,1
1,0.9865377,1
1,1.0,1
1,0.35944548,0
1,0.99937356,1
1,0.99407476,1
1,0.9865221,1
1,0.9969438,1
1,0.9999951,1
1,0.99998116,1
1,0.9999651,1
1,0.91150117,1
1,0.99999857,1
1,0.9998999,1
1,0.9905202,1
1,0.9999937,1
1,0.9999951,1
1,0.9943743,1
1,0.9999979,1
1,0.99635136,1
1,1.0,1
1,0.99640834,1
1,0.99998754,1
1,0.9853984,1
1,0.9995516,1
1,0.9997711,1
1,0.9999991,1
1,0.9999961,1
1,0.9999818,1
1,0.9999224,1
1,0.99986595,1
1,0.9921459,1
1,0.9023245,1
1,0.9999888,1
1,0.9999979,1
1,0.9823215,1
1,1.0,1
1,0.9999484,1
1,1.0,1
1,0.9998565,1
1,0.9993886,1
1,0.9997068,1
1,0.9999999,1
1,0.99996716,1
1,0.9996261,1
1,0.9986203,1
1,0.6994401,1
1,0.995207,1
1,0.8689046,1
1,0.9999191,1
1,0.9999946,1
1,0.99999994,1
1,0.98925346,1
1,1.0,1
1,0.98778623,1
1,0.98231095,1
1,0.99947953,1
1,0.99617225,1
1,0.99999905,1
1,0.99994487,1
1,0.99999046,1
1,1.0,1
1,0.9999998,1
1,0.75096816,1
1,0.99986815,1
1,0.98910254,1
1,0.9999986,1
1,0.9999995,1
1,0.97537553,1
1,1.0,1
1,0.9950553,1
1,1.0,1
1,0.99987054,1
1,0.75096816,1
1,0.9998117,1
1,1.0,1
1,0.9999915,1
1,0.99999994,1
1,0.96657056,1
1,0.92376494,1
1,0.95215195,1
1,0.99003816,1
1,0.99967,1
1,0.94612986,1
1,0.99999964,1
1,0.9937105,1
1,1.0,1
1,0.9999844,1
1,0.999453,1
1,0.97537553,1
1,0.9546535,1
1,1.0,1
1,1.0,1
1,0.9072101,1
1,0.9623327,1
1,0.99999774,1
1,0.94440526,1
1,0.04168521,0
1,0.999998,1
1,0.9999661,1
1,0.99815935,1
1,0.9986423,1
1,0.8209206,1
1,0.9967786,1
1,0.99967885,1
1,0.9995232,1
1,0.99958247,1
1,0.9618734,1
1,0.99991816,1
1,0.99809057,1
1,0.9845011,1
1,0.99999785,1
1,0.99958247,1
1,0.99925596,1
1,1.0,1
1,1.0,1
1,1.0,1
1,1.0,1
1,1.0,1
1,1.0,1
1,1.0,1
1,1.0,1
1,1.0,1
1,1.0,1
1,1.0,1
1,1.0,1
1,1.0,1
1,1.0,1
1,1.0,1
1,0.9998751,1
1,0.9972661,1
1,0.99990314,1
1,1.0,1
1,1.0,1
1,1.0,1
1,0.9999555,1
1,0.9999555,1
1,1.0,1
1,1.0,1
1,1.0,1
1,1.0,1
1,1.0,1
1,1.0,1
1,1.0,1
1,1.0,1
1,1.0,1
1,0.4342684,0
1,0.01679177,0
1,1.0,1
1,1.0,1
1,1.0,1
1,1.0,1
1,1.0,1
1,1.0,1
1,1.0,1
1,1.0,1
1,1.0,1
1,1.0,1
1,1.0,1
1,1.0,1
1,1.0,1
1,1.0,1
1,1.0,1
1,1.0,1
1,1.0,1
1,0.99999976,1
1,1.0,1
1,1.0,1
1,1.0,1
1,1.0,1
1,0.99999505,1
1,1.0,1
1,1.0,1
1,1.0,1
1,1.0,1
1,1.0,1
1,1.0,1
1,1.0,1
1,0.10587431,0
1,1.0,1
1,1.0,1
1,1.0,1
1,0.99999523,1
1,0.99978817,1
1,1.0,1
1,1.0,1
1,1.0,1
1,0.99999845,1
1,1.0,1
1,1.0,1
1,1.0,1
1,1.0,1
1,1.0,1
1,1.0,1
1,0.9999184,1
1,1.0,1
1,1.0,1
1,1.0,1
1,0.9952109,1
1,1.0,1
1,0.99999976,1
1,1.0,1
1,1.0,1
1,0.99362683,1
1,1.0,1
1,1.0,1
1,1.0,1
1,1.0,1
1,1.0,1
1,0.99997336,1
1,0.9999525,1
1,0.99908406,1
1,0.9998651,1
1,0.99738413,1
1,0.93675184,1
1,0.98436373,1
1,1.0,1
1,0.93712246,1
1,0.95318013,1
1,0.99999964,1
1,0.9976957,1
1,1.0,1
1,1.0,1
1,1.0,1
1,0.9999996,1
1,0.9998642,1
1,1.0,1
1,1.0,1
1,1.0,1
1,1.0,1
1,1.0,1
1,1.0,1
1,1.0,1
1,0.99999905,1
1,1.0,1
1,1.0,1
1,1.0,1
1,1.0,1
1,1.0,1
1,1.0,1
1,1.0,1
1,0.99999976,1
1,1.0,1
1,1.0,1
1,1.0,1
1,0.99999946,1
1,1.0,1
1,1.0,1
1,1.0,1
1,1.0,1
1,1.0,1
1,1.0,1
1,0.9999156,1
1,0.34914395,0
1,0.99999815,1
1,0.9999679,1
1,0.99994975,1
1,1.0,1
1,1.0,1
1,0.24231401,0
1,0.32545635,0
1,0.9999892,1
1,1.0,1
1,1.0,1
1,1.0,1
1,1.0,1
1,0.99999994,1
1,1.0,1
1,1.0,1
1,1.0,1
1,0.99999994,1
1,0.99999994,1
1,1.0,1
1,1.0,1
1,1.0,1
1,1.0,1
1,1.0,1
1,1.0,1
1,1.0,1
1,1.0,1
1,1.0,1
1,1.0,1
1,1.0,1
1,0.9999999,1
1,1.0,1
1,1.0,1
1,1.0,1
1,1.0,1
1,1.0,1
1,1.0,1
1,1.0,1
1,0.99999994,1
1,1.0,1
1,1.0,1
1,0.999999,1
1,1.0,1
1,1.0,1
1,1.0,1
1,1.0,1
1,1.0,1
1,1.0,1
1,1.0,1
1,1.0,1
1,1.0,1
1,1.0,1
1,0.99999994,1
1,1.0,1
1,0.9999999,1
1,1.0,1
1,1.0,1
1,1.0,1
1,1.0,1
1,1.0,1
1,0.99999994,1
1,0.99996835,1
1,1.0,1
1,1.0,1
1,0.9999876,1
1,1.0,1
1,0.9999987,1
1,1.0,1
1,1.0,1
1,1.0,1
1,0.99997795,1
1,1.0,1
1,1.0,1
1,1.0,1
1,0.99999636,1
1,1.0,1
1,1.0,1
1,1.0,1
1,1.0,1
1,1.0,1
1,1.0,1
1,1.0,1
1,0.08716904,0
1,1.0,1
1,1.0,1
1,1.0,1
1,1.0,1
1,0.9999296,1
1,1.0,1
1,1.0,1
1,1.0,1
0,0.9270781,1
0,0.88858736,1
0,0.9995879,1
0,0.004068068,0
0,0.9998398,1
0,0.3263166,0
0,0.36476466,0
0,0.45237356,0
0,0.0011845175,0
0,0.98541933,1
0,0.99285054,1
0,0.9783173,1
0,0.58045965,1
0,0.36333072,0
0,0.18211456,0
0,0.37772793,0
0,0.9932608,1
0,0.33509472,0
0,0.6483274,1
0,0.08078688,0
0,0.19130768,0
0,0.48022693,0
0,0.4180832,0
0,0.49289092,0
0,1.0,1
0,0.122695625,0
0,0.19596814,0
0,0.23794188,0
0,0.054457083,0
0,0.98736924,1
0,0.056255866,0
0,0.7547666,1
0,0.21138306,0
0,0.02278909,0
0,0.07665488,0
0,0.51486003,1
0,0.9739812,1
0,0.041497786,0
0,0.1256168,0
0,0.032646205,0
0,0.98917794,1
0,0.0013555404,0
0,0.462974,0
0,0.98094857,1
0,0.25259125,0
0,0.9846572,1
0,0.35859647,0
0,0.005921793,0
0,0.9988384,1
0,0.8036296,1
0,0.0935423,0
0,0.60406315,1
0,0.43282965,0
0,0.4136993,0
0,0.23006694,0
0,0.5269779,1
0,0.14318915,0
0,0.28163394,0
0,0.026519528,0
0,0.0006939152,0
0,0.7678832,1
0,0.08724564,0
0,0.056294557,0
0,0.28185728,0
0,0.07898164,0
0,0.0144251445,0
0,0.0563298,0
0,0.22623293,0
0,0.3239842,0
0,0.23441929,0
0,0.07158291,0
0,0.009475275,0
0,0.013470207,0
0,0.99704903,1
0,0.053073775,0
0,0.99493235,1
0,0.14213659,0
0,0.25219873,0
0,0.2158907,0
0,0.02994041,0
0,0.15339209,0
0,0.0011395827,0
0,0.055971965,0
0,0.033261962,0
0,0.20268151,0
0,0.06980403,0
0,0.0049776766,0
0,0.019924339,0
0,0.057588644,0
0,0.6219536,1
0,0.009468832,0
0,0.5799307,1
0,0.01678906,0
0,0.02523625,0
0,0.13037921,0
0,0.03902144,0
0,0.024644839,0
0,0.11641784,0
0,0.37340546,0
0,0.014583641,0
0,0.06577527,0
0,0.050434135,0
0,0.10966617,0
0,0.90893,1
0,0.037331976,0
0,0.015171541,0
0,0.045101423,0
0,0.00021990639,0
0,0.18939203,0
0,0.2455532,0
0,0.45735142,0
0,0.050930038,0
0,0.4975759,0
0,0.14842236,0
0,0.37745234,0
0,0.318723,0
0,0.3167347,0
0,0.015839444,0
0,0.02772473,0
0,0.21041773,0
0,0.24601804,0
0,0.023172421,0
0,0.078701645,0
0,0.5193807,1
0,0.5394331,1
0,0.99985003,1
0,0.0050030844,0
0,0.042976197,0
0,0.2283177,0
0,0.55552435,1
0,0.59898233,1
0,0.35681474,0
0,0.021600043,0
0,0.0142205525,0
0,0.082808666,0
0,0.06777581,0
0,0.10177964,0
0,0.48002148,0
0,0.06188191,0
0,0.22183143,0
0,0.95421016,1
0,0.8414009,1
0,0.08280853,0
0,0.14097746,0
0,0.35954913,0
0,0.016407741,0
0,0.053223934,0
0,0.03619015,0
0,0.1900794,0
0,0.7780913,1
0,0.022743987,0
0,0.8588127,1
0,0.04810636,0
0,0.4982677,0
0,0.08868973,0
0,0.64443403,1
0,0.52250385,1
0,0.09121208,0
0,0.011778638,0
0,0.015796116,0
0,0.60161424,1
0,0.0056680623,0
0,0.07206483,0
0,0.46618587,0
0,0.014248448,0
0,0.012023891,0
0,0.51104844,1
0,0.3231271,0
0,0.03345304,0
0,0.096640944,0
0,0.058264647,0
0,0.121293984,0
0,0.03657905,0
0,0.02010825,0
0,0.16971263,0
0,0.42202646,0
0,0.13691676,0
0,0.06472313,0
0,0.14199015,0
0,0.15112552,0
0,0.124932244,0
0,0.51267385,1
0,0.34444913,0
0,0.079329066,0
0,0.031668957,0
0,0.15581633,0
0,0.0054055774,0
0,0.27441713,0
0,0.23407474,0
0,0.24855351,0
0,0.89134496,1
0,0.457018,0
0,0.20522608,0
0,0.18691953,0
0,0.06607013,0
0,0.08111027,0
0,0.16585171,0
0,0.52891,1
0,0.75251895,1
0,0.0916143,0
0,0.012071059,0
0,0.18150829,0
0,0.9998258,1
0,0.016853705,0
0,0.03685281,0
0,0.07041769,0
0,0.035145357,0
0,0.0054055774,0
0,0.18423414,0
0,0.014499341,0
0,0.599351,1
0,0.101066485,0
0,0.00024039613,0
0,0.09831432,0
0,0.5303498,1
0,0.0062302607,0
0,0.100763954,0
0,0.034642316,0
0,0.022932246,0
0,0.016062988,0
0,0.99395907,1
0,0.10953292,0
0,0.038982924,0
0,0.38376743,0
0,0.008833683,0
0,0.0071117454,0
0,0.024430953,0
0,0.008755069,0
0,0.1335318,0
0,0.013425992,0
0,0.0071540857,0
0,0.14766146,0
0,0.00096129114,0
0,0.7008059,1
0,0.08511944,0
0,0.110810585,0
0,0.13180545,0
0,0.43493354,0
0,0.91966283,1
0,0.3814635,0
0,0.5640328,1
0,0.053132135,0
0,0.9773188,1
0,0.07992737,0
0,0.042762,0
0,0.018824589,0
0,0.061353512,0
0,0.049334727,0
0,0.13643436,0
0,0.030136254,0
0,0.64152646,1
0,0.3912236,0
0,0.027168158,0
0,0.012513193,0
0,0.21462673,0
0,0.11301226,0
0,0.9999971,1
0,0.00754286,0
0,0.00039580223,0
0,0.027855275,0
0,0.032291755,0
0,0.9970447,1
0,0.8618572,1
0,0.2947122,0
0,0.0020482342,0
0,0.004738995,0
0,0.004165993,0
0,0.0043965564,0
0,0.0051070703,0
0,0.28168038,0
0,0.10878501,0
0,0.0010087538,0
0,0.5680467,1
0,0.02250361,0
0,0.056337416,0
0,0.10279318,0
0,0.49989587,0
0,0.037578616,0
0,0.43087807,0
0,0.74382895,1
0,0.55031765,1
0,0.09361844,0
0,0.042527318,0
0,0.7179885,1
0,0.4275608,0
0,0.009769506,0
0,0.18509036,0
0,0.16473594,0
0,0.024902212,0
0,0.020286288,0
0,0.061466645,0
0,0.101964936,0
0,0.032304544,0
0,0.07907521,0
0,0.12042199,0
0,0.03582111,0
0,0.098266356,0
0,0.0065657357,0
0,0.3435481,0
0,0.06265704,0
0,0.046112064,0
0,0.023853825,0
0,0.19181956,0
0,0.108226575,0
0,0.33899203,0
0,0.15608777,0
0,0.0041237,0
0,0.05131467,0
0,0.0001424904,0
0,0.2814491,0
0,0.256156,0
0,0.47558582,0
0,0.061419312,0
0,0.2891877,0
0,0.03918955,0
0,0.07507102,0
0,0.24152946,0
0,0.16086997,0
0,0.9925001,1
0,0.36084843,0
0,0.96168786,1
0,0.6653613,1
0,0.0019078472,0
0,0.53386384,1
0,0.20651746,0
0,0.013886228,0
0,0.0904686,0
0,0.21683519,0
0,0.09679008,0
0,0.102840625,0
0,0.20418416,0
0,0.058054782,0
0,0.158997,0
0,0.46301097,0
0,0.77360463,1
0,0.005203893,0
0,0.12616603,0
0,0.028867282,0
0,0.29889435,0
0,0.5860663,1
0,0.97369355,1
0,0.35010698,0
0,0.12887494,0
0,0.39538622,0
0,0.03681449,0
0,0.07025857,0
0,0.17116566,0
0,0.0004573931,0
0,0.081727676,0
0,0.15371363,0
0,0.021105599,0
0,0.15401469,0
0,0.018242957,0
0,0.08909034,0
0,0.004553867,0
0,0.040058736,0
0,0.009677947,0
0,0.15160023,0
0,0.46504822,0
0,0.30224118,0
0,0.0044329357,0
0,0.1655734,0
0,0.6563705,1
0,0.09873107,0
0,0.05508386,0
0,0.14196394,0
0,0.22815102,0
0,0.00963914,0
0,0.5304085,1
0,0.19440949,0
0,0.0024670102,0
0,0.09780091,0
0,0.18242498,0
0,0.14007343,0
0,0.023983272,0
0,0.002426794,0
0,0.016458208,0
0,0.079470396,0
0,0.4951368,0
0,0.22780997,0
0,0.009685234,0
0,0.016482368,0
0,0.9999735,1
0,0.14964922,0
0,0.19611163,0
0,0.0355024,0
0,0.39989224,0
0,0.08088393,0
0,0.4289547,0
0,0.06843585,0
0,0.04078051,0
0,0.15584902,0
0,0.026041495,0
0,0.011556838,0
0,0.06427491,0
0,0.04091021,0
0,0.002200631,0
0,0.14173114,0
0,0.82412696,1
0,0.38709798,0
0,0.003111887,0
0,0.16352093,0
0,0.026426237,0
0,0.20849846,0
0,0.010652879,0
0,0.16866077,0
0,0.14481169,0
0,0.04319664,0
0,0.047505446,0
0,0.17863838,0
0,0.049854513,0
0,0.17892182,0
0,0.91935563,1
0,0.0020520322,0
0,0.40044555,0
0,0.19148855,0
0,0.0814897,0
0,0.079382844,0
0,0.10002564,0
0,0.07283771,0
0,0.03616575,0
0,0.1048323,0
0,0.07058078,0
0,0.34186652,0
0,0.23229389,0
0,0.25649804,0
0,0.09087303,0
0,0.1507753,0
0,0.00079121895,0
0,0.016517917,0
0,0.025515836,0
0,0.11331754,0
0,0.6419022,1
0,0.7411917,1
0,0.048068322,0
0,0.19617784,0
0,0.0027095156,0
0,0.08960643,0
0,0.12413214,0
0,0.12862863,0
0,0.002574593,0
0,0.2688299,0
0,0.10897444,0
0,0.22037616,0
0,0.99185884,1
0,0.037096467,0
0,0.01190172,0
0,0.22750501,0
0,0.10278368,0
0,0.36288083,0
0,0.99782574,1
0,0.26133284,0
0,0.48717758,0
0,0.41462743,0
0,0.004025559,0
0,0.08706875,0
0,0.08679115,0
0,0.0009742949,0
0,0.102675535,0
0,0.26116338,0
0,0.21865892,0
0,0.124766,0
0,0.021241965,0
0,0.11662206,0
0,0.38286594,0
0,0.8908319,1
0,0.061933495,0
0,0.04895859,0
0,0.25922197,0
0,0.2250301,0
0,0.02536456,0
0,0.5502254,1
0,0.020177627,0
0,0.023364542,0
0,0.83823395,1
0,0.29270077,0
0,0.9997985,1
0,0.0066222297,0
0,0.040106673,0
0,0.31340072,0
0,0.022841867,0
0,0.024740413,0
0,0.55073637,1
0,0.258387,0
0,0.0226674,0
0,0.9999986,1
0,0.007140808,0
0,0.0020080502,0
0,0.0060341377,0
0,0.5507087,1
0,0.5687672,1
0,0.9389745,1
0,0.77607155,1
0,0.13058093,0
0,0.089221634,0
0,0.17995372,0
0,0.16751115,0
0,0.28458318,0
0,0.033402693,0
0,0.17940728,0
0,0.074735284,0
0,0.03182008,0
0,0.030216306,0
0,0.13027918,0
0,0.008007011,0
0,0.10872373,0
0,0.7159332,1
0,0.05411831,0
0,0.6686228,1
0,0.046759978,0
0,0.72788405,1
0,0.18731207,0
0,0.1527428,0
0,0.20845501,0
0,0.98905593,1
0,0.6487297,1
0,0.8624152,1
0,0.53507984,1
0,0.031967867,0
0,0.02662268,0
0,0.00110405,0
0,0.0016209531,0
0,0.024286084,0
0,0.07835225,0
0,0.029074222,0
0,0.65869546,1
0,0.05216847,0
0,0.91695845,1
0,0.98109233,1
0,0.22777544,0
0,0.025507217,0
0,0.39998206,0
0,0.00028008677,0
0,0.9305197,1
0,0.07032189,0
0,0.0025314766,0
0,0.12059235,0
0,0.10981595,0
0,0.034191813,0
0,0.2436378,0
0,0.040579572,0
0,0.15062287,0
0,0.117734514,0
0,0.5186589,1
0,0.6806537,1
0,0.09278665,0
0,0.059207212,0
0,0.51982886,1
0,0.12602246,0
0,0.23458844,0
0,0.082266726,0
0,0.16550158,0
0,0.098931976,0
0,0.08177274,0
0,0.26740664,0
0,0.06451832,0
0,0.46937147,0
0,0.102423884,0
0,0.99997544,1
0,0.08375292,0
0,0.06873613,0
0,0.40794894,0
0,0.07955414,0
0,0.056187317,0
0,0.03165222,0
0,0.025392996,0
0,0.76776874,1
0,0.064805865,0
0,0.006314858,0
0,0.402241,0
0,0.14202373,0
0,0.028721714,0
0,0.05506102,0
0,0.01786764,0
0,0.47828883,0
0,0.005168239,0
0,0.051397618,0
0,0.23797666,0
0,0.08035254,0
0,0.046612542,0
0,0.008549519,0
0,0.06838747,0
0,0.020268982,0
0,0.10462229,0
0,0.9999782,1
0,0.7145819,1
0,0.028506167,0
0,0.13278757,0
0,0.07415236,0
0,0.5072808,1
0,0.6110951,1
0,0.073501624,0
0,0.16945496,0
0,0.02718603,0
0,0.12502944,0
0,0.22201248,0
0,0.063484825,0
0,0.33328524,0
0,0.38413382,0
0,0.054730922,0
0,0.38003817,0
0,0.014546471,0
0,0.10437758,0
0,0.33594194,0
0,0.9640174,1
0,0.123050295,0
0,0.29408363,0
0,0.07571426,0
0,0.2048247,0
0,0.09997245,0
0,0.015045308,0
0,0.029190322,0
0,0.029807266,0
0,0.074229196,0
0,0.13583128,0
0,0.0026827662,0
0,0.035079107,0
0,0.16049522,0
0,0.15892546,0
0,0.08492742,0
0,0.23107252,0
0,0.028547449,0
0,0.15650277,0
0,0.0003023158,0
0,0.105219215,0
0,0.10126737,0
0,0.005759092,0
0,0.058572594,0
0,0.07009547,0
0,0.24708563,0
0,0.0052326014,0
0,0.08266928,0
0,0.21111184,0
0,0.19559611,0
0,0.13922928,0
0,0.0986273,0
0,0.88282776,1
0,0.16449057,0
0,0.12403901,0
0,0.17541023,0
0,0.8865806,1
0,0.08919381,0
0,0.031456016,0
0,0.03324359,0
0,0.0015277795,0
0,0.0076364945,0
0,0.8365626,1
0,0.077528425,0
0,0.0025864316,0
0,0.6465255,1
0,0.4779808,0
0,0.0008558855,0
0,0.022369085,0
0,0.064873025,0
0,0.03830156,0
0,0.12329253,0
0,0.06860369,0
0,0.30048603,0
0,0.2363591,0
0,0.016235208,0
0,0.084007904,0
0,0.23027368,0
0,0.03152716,0
0,0.0016513936,0
0,0.821489,1
0,0.054404274,0
0,0.25909245,0
0,0.3496536,0
0,0.009936992,0
0,0.9337703,1
0,0.079048745,0
0,0.076937675,0
0,0.91296333,1
0,0.4859385,0
0,0.17737357,0
0,0.006427143,0
0,0.13581525,0
0,0.09616684,0
0,0.39403716,0
0,0.06931306,0
0,0.9953233,1
0,0.36679193,0
0,0.002108309,0
0,0.0156109715,0
0,0.15799595,0
0,0.059464708,0
0,0.385581,0
0,0.008706966,0
0,0.9991097,1
0,0.05441918,0
0,0.23623574,0
0,0.111913666,0
0,0.10630688,0
0,0.06392654,0
0,0.10663625,0
0,0.1279035,0
0,0.04336123,0
0,0.096446835,0
0,0.08786702,0
0,0.037583705,0
0,0.08230731,0
0,0.31093574,0
0,0.45871085,0
0,0.09380902,0
0,0.4136571,0
0,0.023054047,0
0,0.298467,0
0,0.030136658,0
0,0.028193265,0
0,0.10416257,0
0,0.49789917,0
0,0.15424456,0
0,0.11993021,0
0,0.45459518,0
0,0.13060352,0
0,0.01607177,0
0,0.99978083,1
0,0.13217755,0
0,0.003176331,0
0,0.18040366,0
0,0.060787696,0
0,0.36387256,0
0,0.116262436,0
0,0.15088014,0
0,0.087667674,0
0,0.12738393,0
0,0.05401416,0
0,0.029120434,0
0,0.012133565,0
0,0.98255587,1
0,0.09724456,0
0,0.057883807,0
0,0.99718595,1
0,0.21691395,0
0,0.019116078,0
0,0.016287757,0
0,0.25007656,0
0,0.057035085,0
0,0.044165596,0
0,0.0068860985,0
0,0.8577952,1
0,0.8532965,1
0,0.07683395,0
0,0.21524091,0
0,0.12291174,0
0,0.05498451,0
0,0.01300524,0
0,0.8456473,1
0,0.004372448,0
0,0.6161512,1
0,0.29133195,0
0,0.6390157,1
0,0.038830865,0
0,0.028819913,0
0,0.10575005,0
0,0.1820137,0
0,0.052292157,0
0,0.24515863,0
0,0.022947242,0
0,0.001561086,0
0,0.04409531,0
0,0.089645505,0
0,0.029313521,0
0,0.13199644,0
0,0.02913481,0
0,0.18042234,0
0,0.9999503,1
0,0.3739665,0
0,0.07909902,0
0,0.0052195666,0
0,0.0040751104,0
0,0.028068714,0
0,0.7837913,1
0,0.09477352,0
0,0.02789098,0
0,0.16627662,0
0,0.16203088,0
0,0.050559215,0
0,0.036666654,0
0,0.13922872,0
0,0.020431563,0
0,0.059013348,0
0,0.22834884,0
0,0.9859198,1
0,0.01676416,0
0,0.02561502,0
0,0.056475624,0
0,0.009117361,0
0,0.5359566,1
0,0.01041137,0
0,0.24690408,0
0,0.51112163,1
0,0.054678243,0
0,0.34401795,0
0,0.113839164,0
0,0.032550167,0
0,1.0,1
0,1.0,1
0,0.0155430725,0
0,0.0410772,0
0,0.028981369,0
0,0.09768998,0
0,0.7219256,1
0,0.0139270965,0
0,0.006524622,0
0,0.7067343,1
0,0.005103805,0
0,0.06345927,0
0,0.08473633,0
0,0.008773807,0
0,0.011980634,0
0,0.010882733,0
0,0.18027936,0
0,0.62703305,1
0,0.018604703,0
0,0.37736285,0
0,0.45150524,0
0,0.08128651,0
0,0.06266118,0
0,0.95197594,1
0,0.17281687,0
0,0.049297135,0
0,0.023512283,0
0,0.010325498,0
0,0.05993563,0
0,0.13858081,0
0,0.0118493065,0
0,0.7637312,1
0,0.27255678,0
0,0.6270565,1
0,0.005868017,0
0,0.21514693,0
0,0.9587979,1
0,0.1322946,0
0,0.018485028,0
0,0.99858004,1
0,0.08793122,0
0,0.0917416,0
0,0.57959986,1
0,0.035646573,0
0,0.052970283,0
0,0.57021004,1
0,0.11709282,0
0,0.046567384,0
0,0.9818691,1
0,0.8442887,1
0,0.45509705,0
0,0.06433215,0
0,0.24686183,0
0,0.007916776,0
0,0.1030972,0
0,0.0033363278,0
0,0.082319446,0
0,0.005239471,0
0,0.9999359,1
0,0.037615728,0
0,0.20347317,0
0,0.88620317,1
0,0.5177549,1
0,0.55602324,1
0,0.005013899,0
0,0.8038261,1
0,0.98144585,1
0,0.18023092,0
0,0.45411393,0
0,0.010714355,0
0,0.113368265,0
0,0.03180913,0
0,0.005088489,0
0,0.025707869,0
0,0.14644063,0
0,0.13480361,0
0,0.41603807,0
0,0.06248097,0
0,0.8439882,1
0,0.44138762,0
0,0.11254354,0
0,0.10116965,0
0,0.058672525,0
0,0.023274876,0
0,0.0054190094,0
0,0.021468857,0
0,0.01744921,0
0,0.86543083,1
0,0.9673344,1
0,0.7544425,1
0,0.003213338,0
0,0.29276985,0
0,0.1656178,0
0,0.42517173,0
0,0.63014084,1
0,0.4404414,0
0,0.20319346,0
0,0.15729378,0
0,0.9999999,1
0,0.015732871,0
0,0.03131985,0
0,0.36767647,0
0,0.33413106,0
0,0.07991912,0
0,0.123190604,0
0,0.08124092,0
0,0.036870915,0
0,1.0,1
0,0.30700406,0
0,0.53325665,1
0,0.97444046,1
0,0.99868643,1
0,0.7309549,1
0,0.808843,1
0,0.053294,0
0,0.0062342323,0
0,0.052853286,0
0,0.23888354,0
0,0.20125972,0
0,0.59293485,1
0,0.4421929,0
0,0.99946463,1
0,0.016578244,0
0,0.110006325,0
0,0.9999958,1
0,0.4241201,0
0,0.17131081,0
0,0.97722274,1
0,0.94639415,1
0,0.10203249,0
0,0.038588278,0
0,0.08562127,0
0,0.33550474,0
0,0.91010493,1
0,0.012511949,0
0,0.9999388,1
0,0.5916864,1
0,0.9683651,1
0,0.1305981,0
0,0.92838556,1
0,0.9999966,1
0,0.8572533,1
0,0.43600807,0
0,0.8880292,1
0,0.80784214,1
0,0.97214633,1
0,0.029726237,0
0,0.013172779,0
0,0.841511,1
0,0.9604734,1
0,0.5355473,1
0,0.9984068,1
0,0.007955749,0
0,0.8602093,1
0,0.43859166,0
0,0.010924325,0
0,1.0,1
0,0.9999508,1
0,0.06743983,0
0,0.05313104,0
0,0.06860382,0
0,0.8545044,1
0,0.7966423,1
0,0.6118432,1
0,0.26352683,0
0,0.95650005,1
0,0.78666836,1
0,0.023909686,0
0,0.08014498,0
0,0.44168496,0
0,0.2761238,0
0,0.058458045,0
0,0.12794174,0
0,0.35619703,0
0,0.3387928,0
0,0.23608235,0
0,0.20717046,0
0,0.9999542,1
0,0.8289093,1
0,0.7694423,1
0,0.58410704,1
0,0.016578244,0
0,0.76357996,1
0,0.18856385,0
0,0.076508954,0
0,0.6571667,1
0,0.15710896,0
0,0.2349949,0
0,0.20362176,0
0,0.7042645,1
0,0.0703546,0
0,0.44528198,0
0,0.020634837,0
0,0.9904474,1
0,0.42267388,0
0,0.45278075,0
0,0.10997169,0
0,0.007961686,0
0,0.01474866,0
0,0.027138714,0
0,0.8223102,1
0,0.54942,1
0,0.29428712,0
0,0.15398599,0
0,0.24144408,0
0,0.04182987,0
0,0.08086951,0
0,0.5430598,1
0,0.10531545,0
0,0.9499942,1
0,0.0020550468,0
0,0.9871736,1
0,0.030742127,0
0,0.049882103,0
0,0.2746124,0
0,0.6045134,1
0,0.9939109,1
0,0.17723633,0
0,0.20016375,0
0,0.10957013,0
0,0.097451925,0
0,0.41525856,0
0,0.9996508,1
0,0.9678966,1
0,0.053859923,0
0,0.06863342,0
0,0.9113621,1
0,0.16992773,0
0,0.18971168,0
0,0.28600404,0
0,0.99955153,1
0,0.11005582,0
0,0.9996882,1
0,0.37613872,0
0,0.17181905,0
0,0.38625816,0
0,0.051696856,0
0,0.0713912,0
0,0.16927476,0
0,0.19214842,0
0,0.034842823,0
0,0.9121919,1
0,0.9960252,1
0,0.046491135,0
0,0.67571944,1
0,0.24279918,0
0,0.07426524,0
0,0.9360767,1
0,0.07917872,0
0,0.9997457,1
0,0.20223492,0
0,0.6262349,1
0,0.07447293,0
0,0.9446059,1
0,0.03170616,0
0,0.07115298,0
0,0.00468553,0
0,0.53122187,1
0,0.036248326,0
0,0.048138972,0
0,0.5959799,1
0,0.6837712,1
0,0.9999981,1
0,0.8332912,1
0,0.30974966,0
0,0.33381096,0
0,0.8940815,1
0,0.43431568,0
0,0.14200184,0
0,0.05621403,0
0,0.37045458,0
0,0.52734625,1
0,0.002915664,0
0,0.156326,0
0,0.46403688,0
0,0.09741831,0
0,0.17772393,0
0,0.25802445,0
0,0.07794001,0
0,0.7644644,1
0,0.010399213,0
0,0.16042113,0
0,0.05050397,0
0,0.19331682,0
0,0.5210891,1
0,0.8116124,1
0,0.4419462,0
0,0.13805532,0
0,0.2944463,0
0,0.0625086,0
0,0.64108646,1
0,0.089693636,0
0,0.72710097,1
0,0.99913114,1
0,0.49779576,0
0,0.068775564,0
0,0.9999998,1
0,0.9999744,1
0,0.43020585,0
0,0.016960097,0
0,0.9989343,1
0,0.34911838,0
0,0.63823354,1
0,0.99999994,1
0,0.90131044,1
0,0.0011599371,0
0,0.06088078,0
0,0.6206012,1
0,0.11075484,0
0,0.9772393,1
0,0.75422657,1
0,0.99999666,1
0,0.21397425,0
0,0.38197377,0
0,0.99999976,1
0,0.66372913,1
0,0.013363902,0
0,0.6276023,1
0,0.9937205,1
0,0.99999934,1
0,0.17639862,0
0,0.21703881,0
0,0.9813442,1
0,0.99999905,1
0,0.27733377,0
0,0.012539546,0
0,0.99975616,1
0,0.9830813,1
0,0.84090984,1
0,0.8805562,1
0,1.0,1
0,0.987967,1
0,0.9999981,1
0,0.09120354,0
0,0.2224858,0
0,0.41485098,0
0,0.7064107,1
0,0.9886031,1
0,0.99996907,1
0,0.29321423,0
0,0.13372305,0
0,0.4161533,0
0,0.12046516,0
0,1.0,1
0,1.0,1
0,0.9992479,1
0,0.9983872,1
0,0.9414304,1
0,0.13104562,0
0,0.36207774,0
0,0.442364,0
0,1.0,1
0,0.393091,0
0,0.38576138,0
0,0.28064865,0
0,0.101519786,0
0,0.99982613,1
0,0.7453227,1
0,0.9997218,1
0,1.0,1
0,0.9999754,1
0,1.0,1
0,1.0,1
0,1.0,1
0,0.99992305,1
0,0.9997184,1
0,0.17666492,0
0,0.8156616,1
0,0.5147741,1
0,0.99999994,1
0,0.9369708,1
0,0.99455446,1
0,0.99942505,1
0,0.12576307,0
0,1.0,1
0,0.95197666,1
0,0.95054233,1
0,0.035235416,0
0,1.0,1
0,0.55739164,1
0,0.99999994,1
0,0.9778447,1
0,0.12576307,0
0,0.5439383,1
0,0.9999995,1
0,0.999925,1
0,0.999918,1
0,1.0,1
0,0.99848294,1
0,0.9998097,1
0,0.9713262,1
0,1.0,1
0,0.9989488,1
0,0.99936527,1
0,0.9999951,1
0,0.036619704,0
0,0.99984384,1
0,0.8936684,1
0,0.99780834,1
0,0.74057055,1
0,1.0,1
0,0.05055532,0
0,0.5729233,1
0,0.24509561,0
0,0.99744534,1
0,0.8774945,1
0,0.9999995,1
0,0.04058827,0
0,0.21966086,0
0,0.99999946,1
0,0.9999661,1
0,0.4107175,0
0,1.0,1
0,1.0,1
0,0.9999075,1
0,1.0,1
0,0.8070445,1
0,0.9999993,1
0,0.23903884,0
0,0.99956226,1
0,0.99668384,1
0,0.989385,1
0,0.9999951,1
0,0.99962944,1
0,0.99961925,1
0,0.9999882,1
0,0.9996463,1
0,0.9894191,1
0,1.0,1
0,0.9997056,1
0,0.9701019,1
0,0.9999999,1
0,0.99538666,1
0,0.9999987,1
0,0.99914825,1
0,0.84406704,1
0,1.0,1
0,0.99847156,1
0,0.99911374,1
0,1.0,1
0,0.9996787,1
0,0.91363436,1
0,0.99999857,1
0,0.99894947,1
0,1.0,1
0,0.05055532,0
0,1.0,1
0,0.99999857,1
0,0.9999347,1
0,0.17403582,0
0,1.0,1
0,0.79998624,1
0,0.77102405,1
0,0.9999965,1
0,0.53856224,1
0,0.117833294,0
0,0.99999934,1
0,1.0,1
0,1.0,1
0,0.9990252,1
0,0.047445975,0
0,0.99984735,1
0,0.41680422,0
0,0.9987652,1
0,0.9999857,1
0,0.99955183,1
0,0.8735014,1
0,0.99992394,1
0,1.0,1
0,0.9781263,1
0,0.9997341,1
0,1.0,1
0,0.9985796,1
0,0.9987361,1
0,0.999975,1
0,0.99999934,1
0,0.9997252,1
0,0.77102405,1
0,0.9999999,1
0,1.0,1
0,0.99999857,1
0,1.0,1
0,1.0,1
0,0.99967223,1
0,0.99993324,1
0,0.9647121,1
0,0.07082275,0
0,0.2521303,0
0,1.0,1
0,1.0,1
0,0.72874904,1
0,0.99994475,1
0,0.9999982,1
0,1.0,1
0,0.9975309,1
0,0.99999917,1
0,0.91516995,1
0,0.040987328,0
0,0.10786104,0
0,0.035620566,0
0,0.1931949,0
0,0.80238134,1
0,0.9970191,1
0,0.20527695,0
0,0.90575904,1
0,0.19151038,0
0,0.067072205,0
0,0.99960285,1
0,1.0,1
0,0.058398653,0
0,0.85501146,1
0,0.46849355,0
0,0.9981917,1
0,0.3342295,0
0,0.48226154,0
0,0.033482447,0
0,0.9062016,1
0,0.48555732,0
0,0.91008604,1
0,0.053474985,0
0,0.0069006807,0
0,0.0009890075,0
0,0.09302672,0
0,0.99997705,1
0,0.44770277,0
0,0.54450417,1
0,0.71987444,1
0,0.8273519,1
0,0.015307648,0
0,0.26361677,0
0,0.042147834,0
0,0.91309464,1
0,0.8303245,1
0,0.99996114,1
0,0.95343477,1
0,0.9817479,1
0,0.99443257,1
0,0.99999994,1
0,0.81563705,1
0,0.099842876,0
0,0.4897663,0
0,0.9999986,1
0,1.0,1
0,0.9986622,1
0,0.55189675,1
0,1.0,1
0,0.17035192,0
0,0.30337635,0
0,0.69753885,1
0,1.0,1
0,0.67213,1
0,0.3665191,0
0,0.38806185,0
0,0.99896157,1
0,0.11007314,0
0,0.16054706,0
0,0.9999804,1
0,0.47213846,0
0,0.12615743,0
0,0.42735922,0
0,0.10168305,0
0,0.9965164,1
0,0.49987075,0
0,0.76203275,1
0,0.08503782,0
0,0.4205264,0
0,0.11254098,0
0,0.21624878,0
0,0.012656657,0
0,0.18534774,0
0,0.9997359,1
0,0.06046423,0
0,0.9040444,1
0,1.0,1
0,0.045779195,0
0,0.9999644,1
0,0.71117747,1
0,0.99996847,1
0,0.3944845,0
0,0.096728615,0
0,0.14879607,0
0,0.00877949,0
0,0.030438537,0
0,0.48522872,0
0,1.0,1
0,0.31185725,0
0,0.6032803,1
0,0.15334454,0
0,0.36142132,0
0,0.06896515,0
0,0.15918489,0
0,0.9999812,1
0,0.0008184294,0
0,0.032585535,0
0,0.9918775,1
0,0.99714464,1
0,0.10062544,0
0,0.009679189,0
0,0.88588977,1
0,0.2297816,0
0,0.0015574879,0
0,0.46099207,0
0,0.40763685,0
0,0.016374521,0
0,0.18507265,0
0,0.9999993,1
0,0.99959964,1
0,0.99997514,1
0,0.020934774,0
0,0.4519424,0
0,0.9430169,1
0,0.8649827,1
0,0.9999995,1
0,0.16719043,0
0,0.75752807,1
0,0.2701914,0
0,0.15137325,0
0,0.6968499,1
0,0.443945,0
0,0.98369896,1
0,0.99997646,1
0,0.05688678,0
0,0.1541441,0
0,0.35757127,0
0,0.01814116,0
0,0.21765445,0
0,0.010590217,0
0,0.98160654,1
0,0.999998,1
0,0.03391311,0
0,0.36530906,0
0,0.575783,1
0,0.9917723,1
0,0.96445835,1
0,0.4179554,0
0,0.9998804,1
0,0.19376414,0
0,0.44389048,0
0,0.06310728,0
0,0.20423378,0
0,0.046749752,0
0,0.8837995,1
0,1.0,1
0,0.09024738,0
0,0.98507,1
0,0.012805615,0
0,0.044021867,0
0,0.7702112,1
0,0.08132029,0
0,0.067858264,0
0,1.0,1
0,0.06859605,0
0,0.2090333,0
0,0.028209705,0
0,0.2098885,0
0,0.999621,1
0,0.31507614,0
0,0.49651945,0
0,0.5822414,1
0,0.97936743,1
0,0.8935747,1
0,0.5824629,1
0,0.99999595,1
0,0.0685085,0
0,0.28569725,0
0,0.34319067,0
0,0.99998766,1
0,0.99993056,1
0,0.34451535,0
0,0.0823516,0
0,0.009026577,0
0,0.99999905,1
0,0.13074957,0
0,0.9990066,1
0,0.27264458,0
0,0.9998976,1
0,0.7500696,1
0,0.9999907,1
0,0.404628,0
0,0.9565838,1
0,0.207384,0
0,0.42312533,0
0,0.36638877,0
0,0.0073740236,0
0,0.99791473,1
0,0.043641075,0
0,0.9999877,1
0,0.06755411,0
0,0.9732536,1
0,0.24534929,0
0,0.013610626,0
0,0.99949354,1
0,0.8946835,1
0,0.46354365,0
0,0.050398428,0
0,0.9999737,1
0,0.5348718,1
0,0.9994701,1
0,0.033280563,0
0,0.974576,1
0,0.9999564,1
0,0.24729164,0
0,0.005588415,0
0,0.873469,1
0,0.9110991,1
0,0.29299858,0
0,0.30779976,0
0,0.98596346,1
0,0.1069187,0
0,0.1137129,0
0,0.50047314,1
0,0.0441995,0
0,0.103596844,0
0,0.878994,1
0,0.1770889,0
0,0.26258183,0
0,0.77224356,1
0,0.056660432,0
0,0.38403445,0
0,0.4486573,0
0,0.32326388,0
0,0.057292197,0
