ID,scaffold_smiles,mean_shap,effect,umap_x,umap_y
Test: Pos 1,O=C1CC(c2ccccc2)Oc2cc(OC3OCCCC3OC3CCCCO3)ccc21,0.002881912,positive,5.5282426,15.652109
Test: Pos 2,C(=Cc1cccc(OC2CCCCO2)c1)c1ccc(OC2CCCCO2)cc1,0.002645344,positive,6.030657,16.169886
Test: Pos 3,O=C(OC1CCCOC1Oc1c(-c2ccccc2)oc2ccccc2c1=O)c1ccccc1,0.002502431,positive,6.6617336,14.816147
Test: Pos 4,O=C1CC2C(c3ccoc3)CC3OC32C2CCC3C4CCCC3(COC4)C12,0.002460456,positive,5.9097204,16.27657
Test: Pos 5,C1=C2C(CCC3C2CC2OCC4CCCC3C42)C(c2ccoc2)C1,0.002343032,positive,6.005369,16.106033
Test: Pos 6,O=C(C=Cc1ccccc1)CC(CCc1ccccc1)OC1CCCCO1,0.002339807,positive,3.8623717,12.980321
Test: Pos 7,O=c1cc(-c2ccccc2)oc2cc(OC3CCCC(COC4CCCCO4)O3)ccc12,0.002273505,positive,6.5423307,14.58505
Test: Pos 8,O=C1C=C(C2CCC3C2CCC2C4CCCCC4CCC23)CO1,0.00223175,positive,5.839927,16.973133
Test: Pos 9,O=C1C=C(C2CCC3C2CCC2C3CCC3CCCCC32C=NNC(=O)c2ccccc2)CO1,0.002212863,positive,5.564139,16.570833
Test: Pos 10,O=C1C2CCCC1C(=O)C(C(=O)c1ccccc1)C2=O,0.002176626,positive,5.722071,15.95517
Test: Pos 11,c1ccc2c(c1)Oc1cccc3c1C2OCC3,0.002101264,positive,5.0578103,15.530361
Test: Pos 12,O=c1ccc(C2CCC3C2CCC2C4CCCCC4CCC23)co1,0.002091699,positive,5.748542,17.022207
Test: Pos 13,c1ccc(C2Cc3cc4c(cc3O2)CCc2ccccc2-4)cc1,0.002087999,positive,4.702802,15.750192
Test: Pos 14,C=C1CCCCC2CC=CC12,0.002075815,positive,5.9115176,16.34764
Test: Pos 15,C1=CC2c3ccccc3CCC2(C=Cc2ccccc2)CC1,0.002045683,positive,5.5316443,15.536842
Test: Pos 16,O=c1cc(-c2cccc3c2OCC=C3)oc2ccccc12,0.002032185,positive,5.582799,15.95334
Test: Pos 17,C1CC2=C3CCC4CCCCC4C3CCC2C1,0.002030555,positive,5.9290566,16.83335
Test: Pos 18,O=C1CCC23Oc4cccc5c4C(Oc4cccc1c42)(O3)C1OC1C5,0.00201807,positive,5.2783823,16.081009
Test: Pos 19,O=C(NN=Cc1ccccc1)c1ccc(-c2ccccc2)cc1,0.002001815,positive,3.1055105,13.85262
Test: Pos 20,O=C(C=Cc1ccc(-c2ccccc2)o1)Nc1ncc(Cc2ccccc2)s1,0.001999342,positive,7.3061986,14.066894
Test: Pos 21,O=C1CCC23CC24CCC2C(C5COCC6OCOC6C5)CCC2C4CCC3C1,0.001999175,positive,5.61625,16.27989
Test: Pos 22,O=C1C=C2C(C1)OC1C2CC2CCCC3C(=O)OC1C23,0.001979818,positive,5.663725,16.29579
Test: Pos 23,O=C1OCC=C1C1C=C2C(C1)OC1C2CC2CCCC3C(=O)OC1C23,0.001932661,positive,5.507259,16.270275
Test: Pos 24,C1=C2C3CCCCC3CCC2C2CCC3CC(OC4OCCCC4OC4CC(OC5CCCCO5)CCO4)CCC3C2C1,0.001919445,positive,5.8008585,16.711628
Test: Pos 25,O=c1c(OC2CCCC(COC3CCCCO3)O2)c(-c2ccccc2)oc2ccccc12,0.001915678,positive,6.5520654,14.840174
Test: Pos 26,O=C1C=CC2C(CCC3Oc4ccc5c(c4CC32)CCOC5=O)C1,0.001915337,positive,5.646755,16.458614
Test: Pos 27,O=C(Nc1ccnn1-c1cccnc1)NC1CCC(Oc2ccc3nnc(N4CCCCC4)n3c2)c2ccccc21,0.001914341,positive,6.0564,15.191524
Test: Pos 28,O=c1ccc2ccc(OCC=CCCC3CC4CCC3O4)cc2o1,0.001909439,positive,5.559077,17.500355
Test: Pos 29,O=C1CC2CCCCC2C2CCCCC12,0.00189127,positive,5.8885417,17.039656
Test: Pos 30,O=C(CCc1ccccc1)c1ccc2c(c1)C=CCO2,0.001890698,positive,4.389886,13.74923
Test: Pos 31,C1=C2CCCCC2C2CCC3CCCC3C2=C1,0.001882209,positive,5.8460894,16.655895
Test: Pos 32,C(=Nc1ccc2c3c(cccc13)CC2)c1ccccc1,0.0018772,positive,3.8470285,14.407797
Test: Pos 33,O=C1C=CCC(C2OCC34CCC5C6C(=O)C=CC=C6CCC5C3CCC24)O1,0.001875179,positive,5.6827374,16.411997
Test: Pos 34,O=C(C=CC=CC=CC=CC=CC=CC=CC=C=C1CCCCC1)CC12CCCCC1O2,0.001826952,positive,5.8198776,16.490786
Test: Pos 35,C1CC2=C3CC4OC45CCCCC5C3CCC2C1,0.00182135,positive,5.716033,16.557602
Test: Pos 36,O=C(OC1CCCC2CC3OC4CC(c5ccoc5)C=C4C3CC21)c1ccccc1,0.001813175,positive,5.8815503,15.841415
Test: Pos 37,O=C(C=Cc1ccc2occc2c1)c1ccccc1,0.001810179,positive,4.361039,13.632848
Test: Pos 38,O=C(C=Cc1ccccc1)OC1CCCCC1,0.001802992,positive,3.800002,12.838767
Test: Pos 39,O=c1c(-c2ccccc2)coc2cc(OC3CCCCO3)ccc12,0.001790368,positive,6.7481766,14.8418455
Test: Pos 40,O=C(NN=CC=Cc1ccco1)c1cc(-c2ccccc2)nc2ccccc12,0.001772062,positive,7.804195,13.357667
Test: Pos 41,N=C1C(=Cc2ccco2)C(=O)N=C2SC=CN12,0.001765476,positive,5.42978,15.924736
Test: Pos 42,C(=Cc1cccc2c1C(c1ccccc1)C(c1ccccc1)O2)c1ccc2c(c1)C(c1cccc3c1C(c1ccccc1)C(c1ccccc1)O3)C(c1ccccc1)O2,0.001761372,positive,5.2025332,15.064562
Test: Pos 43,O=C(C=Cc1ccc(C=C2SC(=O)NC2=O)cc1)NCC1CC(NCc2ccccc2-c2ccccc2)CN1C(=O)c1ccccc1C(=O)c1ccccc1,0.001757209,positive,3.6500518,15.485352
Test: Pos 44,O=c1c(-c2ccccc2)coc2cc3c(cc12)C=CCO3,0.001753698,positive,6.801856,14.790603
Test: Pos 45,O=C(C=Cc1ccccc1)c1ccc2c(c1)C=CCO2,0.001734071,positive,3.7105262,13.1549015
Test: Pos 46,O=C1C(=Cc2ccccc2)Oc2ccccc21,0.001721499,positive,4.3730383,15.556686
Test: Pos 47,O=C1NC(=S)C(=Cc2ccccc2)S1,0.001699163,positive,3.680635,15.340965
Test: Pos 48,O=C(C=Cc1ccccc1)NC(=S)NNC(=O)C1CC1c1ccccc1,0.001698955,positive,3.9122057,12.740808
Test: Pos 49,C1CCC2C(C1)CCC1C3CCCC3CCC21,0.00168917,positive,5.8596597,16.928434
Test: Pos 50,O=C1CC2CCCC3CCC=C3C2O1,0.001682473,positive,6.0177207,16.256004
Test: Pos 51,O=c1cc2occc3c(OC4CCCCO4)c(-c4ccccc4)oc(c1)c23,0.001682159,positive,6.072906,15.723646
Test: Pos 52,C=C1CCCC2CC3OC(=O)CC3CC12,0.00168161,positive,5.6477776,16.585798
Test: Pos 53,O=C(C=Cc1ccccc1)c1ccc[nH]1,0.001679726,positive,3.6364558,12.717115
Test: Pos 54,O=C(C=Cc1cn(-c2ccccc2)nc1-c1cccc(S(=O)(=O)N2CCOCC2)c1)NCc1ccco1,0.001677809,positive,6.054142,14.874639
Test: Pos 55,O=C1C=CC(=O)c2c1ccc1ccccc21,0.001664859,positive,5.0539784,16.094597
Test: Pos 56,c1ccc(-c2ccc(OC3CCCC4CCCCC43)cc2)cc1,0.00165756,positive,6.820322,15.039815
Test: Pos 57,O=C1OC(C=Cc2cccc3ccc(=O)oc23)CC1Cc1ccccc1,0.001652844,positive,4.994841,14.94256
Test: Pos 58,c1ccc(Cc2cccc3c2OC(c2ccccc2)CC3)cc1,0.001652651,positive,5.4026656,14.328212
Test: Pos 59,O=C(NC1CC1)c1cc2c(-c3ccco3)c3c(nc2s1)C(=Cc1ccco1)CC3,0.001649982,positive,6.3635526,15.919688
Test: Pos 60,c1ccc(C(Cc2ccncn2)c2cccc(OC3CCCC3)c2)cc1,0.001639745,positive,5.8475294,14.923957
Test: Pos 61,O=c1ccc2ccc(OCC3CCCC4CCCCC43)cc2o1,0.001638191,positive,5.5973597,17.554655
Test: Pos 62,c1cc(-c2cn3c4nc(ncc24)NCCCCCCCCCC3)ccc1CN1CCNCC1,0.00162398,positive,7.0786786,16.981869
Test: Pos 63,c1cc(-c2cn3c4nc(ncc24)NCCCCCCCCCCCCC3)ccc1CN1CCNCC1,0.00162398,positive,7.0758386,16.96279
Test: Pos 64,O=C1C=C(C2C=C3C(C2)OC2C3CC3C(OC(=O)C=Cc4ccccc4)CCC4COC2C43)CO1,0.001620741,positive,4.933878,15.280281
Test: Pos 65,O=c1cc(-c2ccccc2)oc2c(C3CCCCO3)cc(C3CCCCO3)cc12,0.001615416,positive,6.855817,14.393185
Test: Pos 66,O=C1CCC23Oc4cccc5c4C(CCC5=O)(Oc4cccc1c42)O3,0.001607506,positive,5.3386397,16.060343
Test: Pos 67,C1=CC2CCc3ccccc3C2CC1,0.00159311,positive,5.831028,15.710099
Test: Pos 68,O=C(CC1=CC(=Cc2ccccc2)c2ccccc21)NCCOc1ccccc1,0.001592374,positive,5.155102,13.73355
Test: Pos 69,C1=C2C3=CCC4CCCCC4C3CCC2CC1,0.001591779,positive,5.7983556,16.355358
Test: Pos 70,C1=C2C(CCC3C2CCC2CCCCC23)C2CCCCC2C1,0.00157621,positive,6.1077924,16.802341
Test: Pos 71,O=C1C=CCC(CC2=CCC3C2CCC2C3CCC3CCCC(=O)C32)O1,0.00157283,positive,5.9379687,16.5078
Test: Pos 72,C1CCC2CCCCC2C1,0.001567211,positive,6.095492,16.567945
Test: Pos 73,O=c1ccc2cc3c(cc2o1)OCC(c1ccccc1)O3,0.00156691,positive,5.5179257,15.820707
Test: Pos 74,O=C(c1ccccc1)N1CC2NC(C1)C2c1ccc(C=Cc2ccccc2)cc1,0.00156051,positive,5.5794053,14.858921
Test: Pos 75,O=C(Nc1ccccc1)Nc1ccc2c(c1)C(=O)NCCC(CNCC1CCCCC1)OCCCCCO2,0.001546135,positive,5.6712227,12.627313
Test: Pos 76,c1ccc2c(c1)CCC1C2CCC2CCCC21,0.001542401,positive,6.0978904,16.831055
Test: Pos 77,O=C1C(=Cc2ccccc2)SC(=S)N1CCc1ccccc1,0.001535793,positive,3.4462538,14.864609
Test: Pos 78,O=C(Nc1ccnn1-c1ccccc1)NC1CCC(Oc2ccc3nnc(N4CCCC4)n3c2)c2ccccc21,0.001520315,positive,5.9784913,15.064863
Test: Pos 79,O=C(CCc1nccc2c1[nH]c1ccccc12)c1nccc2c1[nH]c1ccccc12,0.001519297,positive,4.0693307,16.372467
Test: Pos 80,C=C1CC23CCC4CCCCC4C2CCC1C3,0.001518929,positive,6.140537,16.754631
Test: Pos 81,c1cc(CCc2cc[nH+]cc2)cc(OCC2CC2)c1,0.001505819,positive,5.3034253,15.8078165
Test: Pos 82,c1ccc(-c2ccccc2OC2CCCC3CCCCC32)cc1,0.00150229,positive,6.762877,15.148065
Test: Pos 83,O=C1C=C(CCC2CCCC3C2CCCC32CO2)CO1,0.001493758,positive,5.5701733,16.46145
Test: Pos 84,O=C(C=Cc1ccc2c(c1)OCO2)c1ccc2c(c1)C=CCO2,0.001489937,positive,3.6369424,13.526451
Test: Pos 85,O=C1CC2CCCCC2C2C(=O)C=C3C4CCCCC4CCC3C12,0.001486098,positive,6.0931025,17.056702
Test: Pos 86,O=C(OCC12C(=O)OC3CCC1CC32OC1CCCCO1)c1ccccc1,0.001485164,positive,5.6079206,13.835511
Test: Pos 87,O=C(C=Cc1ccccc1)Nc1ccccc1,0.001482913,positive,4.0830336,12.870919
Test: Pos 88,O=C1C=CCC(CC2=CCC3C2CCC2C3CC3OC34CC=CC(=O)C24)O1,0.00147489,positive,6.0037937,16.574959
Test: Pos 89,O=C1NC(=S)SC1=Cc1ccc(Nc2ccccc2)cc1,0.001471077,positive,3.5513499,15.251106
Test: Pos 90,C1=CC23OOC14CCCCC4C2CCC1CCCC13,0.001463669,positive,6.1063247,16.870394
Test: Pos 91,O=C(NCC1CCCO1)c1cc2c(-c3ccco3)c3c(nc2s1)C(=Cc1ccco1)CC3,0.00146329,positive,6.433002,15.979229
Test: Pos 92,C1=CC2=CC3CC4C(CC5CC6(CCCCN6)OC54)CC3C2CC1,0.001461465,positive,5.9198065,16.69353
Test: Pos 93,O=C(OC(Cc1cc[nH+]cc1)c1cccc(OCC2CC2)c1)c1ccc(NS(=O)(=O)C2CC2)c(OCC2CC2)c1,0.00145923,positive,5.2481546,15.86103
Test: Pos 94,O=C(CCN1C(=O)C(=Cc2ccccc2)SC1=S)Nc1ccccc1,0.001459191,positive,3.4044077,14.8602295
Test: Pos 95,O=C1C(=Cc2ccco2)SC(=S)N1N=Cc1ccccc1,0.001448027,positive,3.7186139,14.582199
Test: Pos 96,C=C1C2CCCC2CCC23CCC(CCC12)C3,0.001431794,positive,5.753854,16.559069
Test: Pos 97,C=C1CCCC12CCC1CCCC=C12,0.001430921,positive,5.7959003,16.683859
Test: Pos 98,c1ccc(-c2ccc(C3CNC3)cc2)cc1,0.0014163,positive,6.733996,14.252933
Test: Pos 99,O=C1CCCC1CCCCCCC(=O)N1CCCCC1,0.001399726,positive,6.129287,16.545345
Test: Pos 100,O=C(CN1C(=O)C(=Cc2ccccc2)SC1=S)Nc1ccccc1,0.00139676,positive,3.409013,14.827943
Test: Pos 101,O=C1C=CC2C(=CCC3C2CCC2C(OC(=O)c4ccco4)CCC23)C1,0.001387756,positive,6.151626,16.509626
Test: Pos 102,O=C1NC(=S)NC(=O)C1=Cc1cn(-c2ccccc2)nc1-c1ccccc1,0.001386046,positive,5.5975695,14.955096
Test: Pos 103,c1cn(-c2ccc(Nc3nccc(-c4cc5c(o4)CCNC5)n3)cc2)cn1,0.001380204,positive,6.4615593,15.879328
Test: Pos 104,O=C(C=Cc1ccccc1)OCc1ccccc1,0.001375906,positive,3.8633008,12.960922
Test: Pos 105,c1ccc(CCc2ccccc2CC2c3cc4c(cc3OC2c2ccccc2)-c2ccccc2CC4)cc1,0.001361104,positive,4.617004,15.344066
Test: Pos 106,O=C(Nc1ccncc1)Nc1cc(-c2cccc(-c3cc(C(=O)NC4CC4)cc(C(=O)NC4CC4)c3)c2)n[nH]c1=O,0.001357625,positive,7.46901,12.428828
Test: Pos 107,O=S1(=O)CCCN1c1ccc(C(Cc2ccncc2)c2cccc(OC3CCCC3)c2)cc1,0.001353017,positive,5.744291,15.171438
Test: Pos 108,C(#Cc1c(-c2ccccc2)[nH]c2ccc(-c3cccc4[nH]ccc34)cc12)c1ccsc1,0.001347048,positive,7.086619,14.490319
Test: Pos 109,O=C1CCOc2ccoc(=O)c21,0.001342847,positive,5.889458,16.02861
Test: Pos 110,O=C(C=Cc1ccccc1)OCCc1cccc2ccc(=O)oc12,0.001340384,positive,3.8389373,12.886291
Test: Pos 111,O=C(C=Cc1ccccc1)c1cccccc1=O,0.001339923,positive,3.5707939,12.668428
Test: Pos 112,C1=Cc2ccc(-c3cc4ccccc4o3)cc2OC1,0.001337962,positive,6.0173807,15.848005
Test: Pos 113,O=C(Cc1cn(C(=O)c2ccccc2)c2ccccc12)NCCOc1ccccc1,0.001337344,positive,5.3202786,13.499646
Test: Pos 114,N=C1NC(=O)C(=Cc2ccccc2)S1,0.001334436,positive,3.6583154,15.4713745
Test: Pos 115,O=C(CCCN1C(=O)C(=Cc2cccs2)SC1=S)Nc1ccccc1,0.001328783,positive,3.4161308,14.862994
Test: Pos 116,C(=NCCc1ccccc1)c1ccccc1,0.001316763,positive,4.436026,14.1894
Test: Pos 117,O=c1ccc2c3c(ccc2o1)C=CCO3,0.001316045,positive,5.763187,16.399265
Test: Pos 118,O=C1OCC=C1C1C=C2C(C1)OC1C2CC2C(OC(=O)c3ccccc3)CCC3COC1C32,0.001314123,positive,5.0278025,15.641478
Test: Pos 119,O=C1C=C2OCCC2C(=O)C1,0.001313885,positive,6.030792,16.136612
Test: Pos 120,c1ccc(-c2nc(-c3ccccc3)c(-c3cccs3)[nH]2)cc1,0.001308842,positive,7.2417526,14.179469
Test: Pos 121,O=C(Nc1ccccc1)Nc1cccc(-c2ccc3ncncc3c2)c1,0.001307568,positive,6.5677547,12.942387
Test: Pos 122,O=C1C=C2C3CCCCC3CCC2C2CCC3CCCCC3C12,0.001305835,positive,6.117239,17.105076
Test: Pos 123,O=C(C1CCC1)N1CC(c2ccc(C#Cc3ccccc3)cc2)C1,0.001301245,positive,5.74599,13.410071
Test: Pos 124,c1ccc(Sc2nc3ccccc3s2)cc1,0.001291872,positive,5.892836,14.294844
Test: Pos 125,O=C(Cc1ccccc1)OC1CCC2C(=O)C=CC3CC3CCC=CC12,0.001287086,positive,4.9305573,15.000914
Test: Pos 126,O=C1NC(=O)N(c2ccccc2)C(=O)C1=CC=Cc1ccccc1,0.001285481,positive,3.6543028,15.82665
Test: Pos 127,O=C1C2CC=CCC2C(c2ccccc2)=NN1Cc1ccc(CN2CCC3(CC2)OCCO3)cc1,0.001283233,positive,8.409852,15.219014
Test: Pos 128,C(=NNc1ccccc1)c1ccc2c(c1)OCO2,0.001278963,positive,3.415845,13.733687
Test: Pos 129,O=C1CC(c2ccccc2)Oc2cc3c(cc21)C=CCO3,0.001277191,positive,5.6017184,15.850638
Test: Pos 130,O=C1OC(C2=CCOC2=O)CC1=CC1OC2CCC=C3C(=O)OC1C32,0.0012715,positive,6.035627,16.085567
Test: Pos 131,O=C(Nc1nc(-c2cccs2)cs1)c1ccco1,0.001270645,positive,6.215766,15.639043
Test: Pos 132,N=C1C(=Cc2ccc(OC(=O)c3ccco3)cc2)C(=O)N=C2SC=NN12,0.001268285,positive,5.4743404,16.069597
Test: Pos 133,C(=Nc1ccc2[nH]c(-c3ccccc3)nc2c1)c1ccccc1,0.001256797,positive,3.882575,14.260751
Test: Pos 134,O=C1C=C2CCCC3CCC(C=C2O1)O3,0.001247931,positive,6.2047796,16.530201
Test: Pos 135,O=C(Nc1ccnn1-c1ccccc1)NC1CCC(Oc2ccc3nnc(N4CCOCC4)n3c2)c2ccccc21,0.001242491,positive,5.9818525,15.163855
Test: Pos 136,O=C(Nc1ccncc1)Nc1cc(-c2cccc(-c3cc(C(=O)NC4CC4)cc(C(=O)NC4CCN(Cc5ccccc5)CC4)c3)c2)n[nH]c1=O,0.001240975,positive,7.4499545,12.435371
Test: Pos 137,O=C(Nc1ccccc1)N1CC(c2ccc(C#CC3CCCC3)cc2)C1,0.00123358,positive,5.3767047,12.715975
Test: Pos 138,O=C1CCCCCn2cc(-c3ccc(CN4CCNCC4)cc3)c3cnc(nc32)NCCCCCCN1,0.001230707,positive,7.074397,16.956963
Test: Pos 139,O=C1NC(=S)NC(=O)C1=Cc1cccs1,0.001229511,positive,3.8153656,15.467596
Test: Pos 140,O=C(Nc1ccc(-c2nc3ncccc3o2)cc1)c1ccco1,0.00122375,positive,6.3185396,15.261899
Test: Pos 141,O=C1NC(=S)SC1=Cc1ccccc1,0.001219962,positive,3.5860462,15.343536
Test: Pos 142,c1ccc(N=Nc2ccccc2)cc1,0.00121526,positive,5.4716005,14.407709
Test: Pos 143,N=C1NC(=O)C(=Cc2c[nH]nc2-c2ccccc2)S1,0.0012133,positive,3.6668816,15.44416
Test: Pos 144,O=C(C=Cc1cccc(COc2ccccc2)c1)Nc1cn[nH]c1,0.001208956,positive,4.177614,13.095309
Test: Pos 145,O=C1NC(=Nc2ccccc2)SC1=Cc1ccco1,0.001200842,positive,3.806512,15.22734
Test: Pos 146,O=C1CNC(=O)CNC(=O)CNC(=O)CNC(=O)CNC(=O)C2CCCN2C(=O)CNC(=O)C(CCc2ccccc2)NC(=O)CNC(=O)CNC(=O)C(Cc2ccccc2)NC(=O)CSCCN1,0.001200273,positive,4.532919,17.68113
Test: Pos 147,O=C(Cc1cccc(C(=O)c2ccccc2)c1)Nc1ccccc1,0.001199494,positive,5.4924097,13.156813
Test: Pos 148,O=C(C=Cc1ccccc1)c1cccs1,0.001199028,positive,3.711129,12.703908
Test: Pos 149,O=C1C(=Cc2ccn(-c3ccccc3)c2)C(=O)c2ccccc21,0.001187594,positive,5.067338,15.476641
Test: Pos 150,O=C1CCCC1=Cc1ccccc1,0.001180776,positive,3.937218,15.312804
Test: Pos 151,O=c1c(=Cc2ccc(-c3ccccc3)o2)sc2nc3ccccc3n12,0.001177992,positive,7.2677827,14.256101
Test: Pos 152,O=C1N=C(c2ccccc2)SC1=Cc1ccc2ccccc2c1,0.001176234,positive,4.500173,15.265365
Test: Pos 153,O=S(=O)(c1ccccc1)N1CC(c2ccccc2C2=CCCCC2)C1,0.001164213,positive,5.245602,15.665853
Test: Pos 154,O=C1c2ccc3c(c2OC2COc4ccccc4C12)C=CCO3,0.001164108,positive,5.7794414,16.104801
Test: Pos 155,O=C(Cc1cn(C(=O)c2ccccc2)c2ccccc12)Nc1ccccc1,0.001156617,positive,5.362726,13.180508
Test: Pos 156,O=C(c1ccccc1)c1ccc(Sc2ccccc2)cc1,0.001155098,positive,5.846929,14.095471
Test: Pos 157,O=C1c2ccccc2C(=O)c2ccccc21,0.00115215,positive,4.8202887,15.61504
Test: Pos 158,O=C1CCC2C3=CCC4CCCC4C3=CCC2C1,0.001151377,positive,5.9955087,16.566532
Test: Pos 159,O=C(NN=Cc1cnn(-c2ccccc2)c1)c1cc[nH]n1,0.001150298,positive,3.2549891,13.589862
Test: Pos 160,O=C(Nc1ccncc1)Nc1cc(-c2cccc(-c3cc(C(=O)NCCN4CCCCC4)cc(C(=O)NC4CC4)c3)c2)n[nH]c1=O,0.001144157,positive,7.4644704,12.428858
Test: Pos 161,O=C1CCN(Cc2ccc(CN3N=C(c4ccccc4)C4CC=CCC4C3=O)cc2)CC1,0.001144102,positive,8.404278,15.213064
Test: Pos 162,c1ccc(Oc2cccc3cnccc23)cc1,0.001133333,positive,6.0224957,14.813016
Test: Pos 163,C(=Cc1nc(-c2ccccn2)no1)c1ccccc1,0.001132366,positive,6.124383,14.919574
Test: Pos 164,S=C(Nc1ccccc1)Nc1nc(-c2ccccc2)cs1,0.001130838,positive,7.98093,14.002146
Test: Pos 165,O=C(Cc1ccccc1)Nc1ccc(Oc2cccnc2)cc1,0.001130127,positive,5.6179886,13.344886
Test: Pos 166,C=C1CCC2C(CC3C(=O)OC4C5CC=CCC5CCC34)C(=O)OC2C2C(=C)CCC12,0.001124136,positive,5.8310738,17.169374
Test: Pos 167,O=C1CCC2C(=CCC3C4CC(=O)CC4CCC23)C1,0.001123693,positive,5.745625,16.221193
Test: Pos 168,O=C1CC2=C(CO1)CC(=O)C1C(=C2)CC2C(=O)OC3OCC(=O)C1C32,0.001114173,positive,5.981301,16.165686
Test: Pos 169,O=C1C=CC2=C(C1)OC(c1ccccc1)CC2=O,0.001113863,positive,5.6299295,15.956124
Test: Pos 170,O=c1oc2cc3c(cc2cc1-c1ccccc1)C=CCO3,0.001112161,positive,6.8223424,14.751694
Test: Pos 171,O=C(COc1ccc2c(=O)cc(-c3ccccc3)oc2c1)c1ccccc1,0.001111301,positive,6.293772,14.080316
Test: Pos 172,O=C1C=CC2C(=CCC3C2CCC2C3CC3OC4(CCCC4)OC32)C1,0.001108367,positive,6.1057496,16.3982
Test: Pos 173,O=C(Cc1ccccc1)Nc1ccc(Oc2cncnc2)cc1,0.001108213,positive,5.6888275,13.28279
Test: Pos 174,O=C(NN=Cc1cc2ccccc2s1)c1ccccc1,0.001099081,positive,3.6674697,13.630843
Test: Pos 175,O=C(C=Cc1ccccc1)N(c1ccccn1)C1CCCCC1,0.001094155,positive,3.8255215,12.923877
Test: Pos 176,O=C(OC1Cc2ccccc2OC1c1ccccc1)c1ccccc1,0.001092051,positive,4.9325547,15.551586
Test: Pos 177,O=C(Nc1ccncc1)Nc1cc(-c2cccc(-c3cccc(C(=O)NCCN4CCCCC4)c3)c2)n[nH]c1=O,0.001090912,positive,7.4269195,12.474453
Test: Pos 178,O=C1N=C(c2ccccc2)SC1=Cc1ccccc1,0.001089931,positive,4.1590533,15.26309
Test: Pos 179,O=C(Nc1ccc(C(Cc2ccncc2)c2cccc(OC3CCCC3)c2)cc1)N1CCCC1,0.00108812,positive,5.7685056,15.148508
Test: Pos 180,O=S(=O)(c1ccccc1)N1CCCCN2CC(c3ccc(-c4ccccc4)cc3)C2C1,0.001088055,positive,6.6677666,14.487719
Test: Pos 181,O=C1CC=C(C(=O)C=Cc2ccccc2)C(=O)C1,0.001083387,positive,3.597722,12.710153
Test: Pos 182,C(=NNc1nc(N2CCCC2)nc(N2CCCC2)n1)c1ccc(-c2ccccc2)o1,0.001081033,positive,6.8972635,13.973808
Test: Pos 183,O=c1c2cnc(Nc3ccc(OCCN4CCNCC4)cc3)nc2n2c3ccccc3nc2n1-c1ccccc1,0.001076905,positive,5.84891,14.217891
Test: Pos 184,c1ccc(C(Cc2cnc[nH]2)c2cccc(OC3CCCC3)c2)cc1,0.001076024,positive,5.761974,14.977615
Test: Pos 185,O=C(NN=CC=Cc1ccco1)c1cc[nH]n1,0.001074533,positive,7.597517,13.548767
Test: Pos 186,O=C1CCCCN1C1CCN(CCOc2ccc(Oc3nc4ccccc4s3)cc2)CC1,0.00107371,positive,5.6382732,15.504496
Test: Pos 187,c1cncc(-c2cn3c4nc(ncc24)NCCCCCCCCCCCC3)c1,0.001069001,positive,7.097828,16.969233
Test: Pos 188,O=C1C=CC(=O)c2c1ccc1c2[nH]c2ccccc21,0.001067879,positive,4.2094254,16.37936
Test: Pos 189,O=C1NC(=O)C(=Cc2cn(-c3ccccc3)nc2-c2ccc(OCc3ccccc3)cc2)C(=O)N1,0.001067816,positive,5.636005,14.97072
Test: Pos 190,O=C(C1CCCC1)N1CC2NC(C1)C2c1ccc(C=Cc2ccccc2)cc1,0.001065804,positive,5.598792,14.886529
Test: Pos 191,C(=Cc1ccccc1)C1=NCCO1,0.001064333,positive,5.8308077,14.771092
Test: Pos 192,O=C1NCCc2ccccc21,0.001062451,positive,4.5687222,16.020773
Test: Pos 193,c1cc(CCn2ccnc2)cc(OC2CCOC2)c1,0.001046416,positive,5.002948,16.861
Test: Pos 194,O=C1C=C(C2CC3C(CCC4CCCCC43)O2)CO1,0.00104437,positive,6.0827847,17.155819
Test: Pos 195,O=C(N1CCCCC1)n1cc(CCOc2ccccc2)c(=O)o1,0.001044045,positive,4.2495375,15.19511
Test: Pos 196,O=C(NNC(=S)NC(=O)c1ccccc1)c1ccccc1,0.001043305,positive,5.184036,11.9857435
Test: Pos 197,O=C(Cn1ncccc1=O)NCC(=O)Nc1ccccc1,0.001040391,positive,5.5485144,13.087775
Test: Pos 198,O=C1CCCN1C1CCN(CCOc2ccc(Oc3nc4ccccc4s3)cc2)CC1,0.001038904,positive,5.657884,15.626151
Test: Pos 199,N=C1CCc2ccccc2C1=O,0.00103306,positive,4.43881,15.885123
Test: Pos 200,C(=NNc1nc(-c2ccccc2)nc2ccccc12)c1ccccc1,0.001029136,positive,3.4677072,13.907906
Test: Pos 201,O=C(C=Cc1cccc2c1OCC2=O)OCCc1cccc2ccc(=O)oc12,0.001029127,positive,5.4383936,16.137873
Test: Pos 202,O=C(NC(=S)NNC(=O)c1conc1-c1ccccc1)c1ccccc1,0.001028915,positive,5.3190384,12.212141
Test: Pos 203,C=c1ccc(=c2[nH]oc(=O)c2=CC=Cc2ccccc2)cc1,0.001028687,positive,5.1928344,15.992269
Test: Pos 204,O=C(C(=NN=Cc1ccccc1)c1ccccc1)c1ccccc1,0.001028576,positive,3.8740206,14.334126
Test: Pos 205,O=c1ccc2ccc(OCC3CCC=C4CCCCC43)cc2o1,0.001021863,positive,5.529698,17.557648
Test: Pos 206,O=C1C2CC=CCC2C(c2ccccc2)=NN1Cc1ccc(Cn2ccnc2)cc1,0.001020733,positive,8.412592,15.2066765
Test: Pos 207,O=C1NC(=O)N(c2ccccc2)C(=O)C1=Cc1ccc(Sc2ccccc2)o1,0.001017621,positive,3.6431923,15.951365
Test: Pos 208,O=c1c(=Cc2ccccc2)sc2nc(-c3ccco3)nn12,0.001015132,positive,3.880313,15.049548
Test: Pos 209,O=C(NN=Cc1cccc(OS(=O)(=O)c2ccccc2)c1)c1ccc2ccccc2c1,0.001013859,positive,3.3726006,14.173269
Test: Pos 210,c1cc(-c2cc3c(o2)CCNC3)nc(Nc2ccc(N3CCNCC3)cc2)n1,0.001013624,positive,6.471098,15.961453
Test: Pos 211,O=C1C=CCC2CCCC2C=CCCCCO1,0.001012374,positive,5.8277035,16.749155
Test: Pos 212,O=C(C=Cc1ccccc1)CCc1ccccc1,0.001008239,positive,3.909215,12.953632
Test: Pos 213,c1cc(Nc2nc3ccccc3[nH]2)cc(-c2ccc3ncncc3c2)c1,0.001006787,positive,6.7901683,13.288173
Test: Pos 214,O=C(Nc1ccc(N2CCCC2)cc1)c1ccco1,0.001005614,positive,6.308557,15.263198
Test: Pos 215,C(=NNc1ccncc1)c1ccccc1,0.001005084,positive,3.3783915,13.908369
Test: Pos 216,O=C(N1CCCCC1)n1cc(S(=O)(=O)c2ccccc2)c(=O)o1,0.001004882,positive,4.275865,15.269428
Test: Pos 217,O=c1ccn(-c2ccc3c(c2)CCC3)c2nc(Nc3ccc(CN4CCNCC4)cc3)ncc12,0.001003564,positive,6.2066765,16.44012
Test: Pos 218,C(=Cc1nc[nH]n1)c1ccccc1,0.001000572,positive,5.888069,14.74382
Test: Pos 219,O=C1NCCC12CCN(c1ccnc(Nc3ccc(N4CCNCC4)cc3)n1)CC2,0.000994523,positive,6.6455574,16.055271
Test: Pos 220,O=C(NC1CCNC1=O)c1cnc2ccccc2c1,0.000990922,positive,2.8514197,17.843245
Test: Pos 221,O=C1C=C(C2CC(=CC3OC4CCC=C5C(=O)OC3C54)C(=O)O2)CO1,0.000984223,positive,6.142491,16.272457
Test: Pos 222,O=C1CCC2C(=CC=C3C4CCCC4CCC32)C1,0.000984102,positive,6.016952,16.712809
Test: Pos 223,O=C(NC1CC1)c1ccc(=O)n(Cc2nccc3[nH]ccc23)c1,0.000983804,positive,5.7797494,16.156277
Test: Pos 224,O=C1c2ccc3c(c2OC2COc4ccccc4C12)CCO3,0.000980558,positive,5.8230357,16.289167
Test: Pos 225,O=C(Cc1ccccc1)OC1CCC2C(=O)CC=C3CC3CCC=CC12,0.000980069,positive,4.817424,14.778771
Test: Pos 226,C=c1[nH]c(=O)c(=Cc2ccc(-c3ccccc3)o2)s1,0.000979723,positive,7.191162,14.237203
Test: Pos 227,C(=Cc1ccc(-c2c[nH]c(-c3ccccc3)n2)cc1)c1ccccc1,0.000976257,positive,8.119971,14.474518
Test: Pos 228,O=C(C=Cc1ccccc1)NCc1cccnc1,0.00097465,positive,3.9710152,12.837395
Test: Pos 229,c1ccc(Nc2ccncc2)cc1,0.000973585,positive,6.203454,13.360996
Test: Pos 230,C(=NCc1ccccc1)c1cc2ccccc2[nH]1,0.000973271,positive,5.087122,14.27348
Test: Pos 231,O=C(Nc1ccncc1)Nc1cc(-c2cccc(-c3cccc(C(=O)NCCN4CCOCC4)c3)c2)n[nH]c1=O,0.000964268,positive,7.4625025,12.447307
Test: Pos 232,O=C(NCCc1ccccc1)C(Nc1ccccc1)c1cccs1,0.000963215,positive,4.8745756,13.62397
Test: Pos 233,O=C1C=C2C=Cc3cccc4c3C2C(C1)O4,0.000961815,positive,5.9553175,16.056133
Test: Pos 234,O=C1C=CC2(CCCC2)CC1,0.000961661,positive,5.9199314,16.777401
Test: Pos 235,O=C1OCC2Cc3cc4c(cc3C(c3ccccc3)C12)OCO4,0.000960096,positive,5.5976954,15.394854
Test: Pos 236,C1CC2CC3C(CCC24CCC1C4)CC1OC13,0.00095902,positive,6.134587,16.771015
Test: Pos 237,O=C(Cc1ccc(-c2ccccc2)cc1)NCCc1ccccc1,0.000958693,positive,4.8585453,13.689787
Test: Pos 238,O=c1cc(-c2ccccc2)oc2c1ccc1occc12,0.000958596,positive,6.8584914,14.394702
Test: Pos 239,O=C(Nc1cccc(CN2CCCNCC2)c1)c1ccc2c(c1)CN(c1cncnc1)CC2,0.000958565,positive,7.0225058,17.162405
Test: Pos 240,O=C1CN(C(=O)Cn2ncccc2=O)c2ccccc2N1,0.000954496,positive,5.7489386,15.661734
Test: Pos 241,O=C(CNc1ccccc1)NN=Cc1ccco1,0.000952697,positive,5.4017553,13.330496
Test: Pos 242,C=C(Cc1ccc(-c2cncnc2)cc1)c1nc2ccccc2n1Cc1ccccc1,0.000952295,positive,5.213392,14.17922
Test: Pos 243,O=C(C=Cc1ccc(Sc2nnc[nH]2)cc1)c1ccccc1,0.000951636,positive,4.1626186,13.489785
Test: Pos 244,O=C1NC(=O)C(=Cc2ccccc2OS(=O)(=O)c2ccccc2)S1,0.000950426,positive,3.555412,15.363198
Test: Pos 245,O=C1C(=NS(=O)(=O)c2ccccc2)C(n2cc[nH+]c2)=Cc2ccccc21,0.000948084,positive,5.016116,15.678785
Test: Pos 246,c1ccc(Cn2c3c(c4ccccc42)CCCC3)cc1,0.000941368,positive,4.795083,14.240668
Test: Pos 247,O=C1CC2=C3CCCCC3CCC2C2CCC3CCCCC3C12,0.000937943,positive,6.0409756,17.110012
Test: Pos 248,C1=Nc2ccccc21,0.000937011,positive,6.034563,15.023866
Test: Pos 249,O=C1NC(=S)SC1=Cc1ccccc1Oc1ccccc1,0.000934482,positive,3.5115297,15.327453
Test: Pos 250,O=C1C2CC=CCC2C(c2ccccc2)=NN1Cc1ccc(CN2CCCCC2)cc1,0.000933827,positive,8.407724,15.202526
Test: Pos 251,O=C(C=NC(=O)C1CC2(C=CC=CC2)ON1)CCNC(=O)C1=NOC2(C=CC=CC2)C1,0.000929468,positive,5.8013506,15.976226
Test: Pos 252,O=C(NC1CCCCC1)n1ccc(=O)o1,0.000920847,positive,3.7815177,12.003624
Test: Pos 253,C=C1CCC2CCCCC2C1=CC=C1COC(=O)C1,0.000913544,positive,5.9424386,16.746717
Test: Pos 254,S=C(Nc1ccccc1)Nc1ccc(Oc2ccccc2)cc1,0.000911538,positive,5.7870436,13.154126
Test: Pos 255,O=C(NN=Cc1ccccc1)c1cnon1,0.000911395,positive,3.130819,13.873079
Test: Pos 256,O=C(COC(=O)c1ccccc1)c1ccccc1,0.000911042,positive,5.702026,13.60199
Test: Pos 257,O=c1c2cnc(Nc3ccccc3)nc2n2c3ccccc3nc2n1-c1ccccc1,0.000906057,positive,5.9107246,14.023608
Test: Pos 258,O=C(Nc1ccccc1)C1=CN=c2sc(=Cc3ccccc3)c(=O)n2C1c1ccco1,0.000903989,positive,4.3023596,13.522191
Test: Pos 259,O=C1NCCC12CCN(c1ccnc(Nc3ccncc3)n1)CC2,0.000900448,positive,6.68832,15.952151
Test: Pos 260,O=C1C=CCCC1,0.000899714,positive,5.7318196,16.845182
Test: Pos 261,c1ccc(C2NCCc3ccccc32)cc1,0.000898514,positive,4.5615067,16.120222
Test: Pos 262,O=C(C=Cc1ccc2c(c1)OCO2)Nc1nc2ccccc2s1,0.000897582,positive,3.5545805,13.6055355
Test: Pos 263,c1ccc(-c2cccc3c2CCCC3)cc1,0.000897209,positive,4.935973,15.600264
Test: Pos 264,O=C1OCC(Cc2ccc3c(c2)CCO3)C1c1ccccc1,0.000893266,positive,5.33803,15.302943
Test: Pos 265,O=C(C=Cc1ccccc1)c1c[nH]c2ccccc2c1=O,0.000892736,positive,3.4734142,12.676447
Test: Pos 266,O=C(NC1CCCC1)N1CC(c2ccccc2-c2ccccc2)C1,0.000892415,positive,4.9044967,15.99381
Test: Pos 267,O=C(Cn1ncccc1=O)NCC1CCCCC1,0.000891581,positive,5.424259,13.289949
Test: Pos 268,O=c1[nH]ccn1CC1(c2cccc(OC3CCCC3)c2)CC1,0.000890699,positive,5.1155887,16.76181
Test: Pos 269,O=C(N1CC=CC1)n1ccc(=O)o1,0.00088878,positive,3.6882527,11.857192
Test: Pos 270,O=C(COC(=O)C=Cc1cn(-c2ccccc2)nc1-c1ccccc1)Nc1ccccc1,0.000886885,positive,5.2504115,12.653466
Test: Pos 271,O=C1CCC(c2ccc(OCCCCn3nc(-c4cccn5nccc45)ccc3=O)cc2)=NN1,0.000886357,positive,5.9628086,15.735825
Test: Pos 272,O=C1CC2=CC3CC4C(=O)OC5OCC(=O)C(C3C(=O)C=C2CO1)C54,0.00088501,positive,5.7791486,16.47595
Test: Pos 273,O=c1c(C=Nc2ccc(Oc3ccccc3)cc2)c[nH]n1-c1ccccn1,0.000884951,positive,5.41743,14.5837
Test: Pos 274,O=c1cc[nH]c2c1sc1nc(-c3ccccc3)ccc12,0.000884327,positive,7.610596,14.224113
Test: Pos 275,O=C(NC1CC2(CCC2)C1)c1cnc2ccccc2c1,0.000883954,positive,2.866324,17.83173
Test: Pos 276,O=C1NCCC1C#Cc1cccc(-c2c[nH]c3cncnc23)c1,0.000879444,positive,7.650932,14.992827
Test: Pos 277,O=C(N1CCSCC1)n1ccc(=O)o1,0.000876003,positive,3.6592617,11.859061
Test: Pos 278,C1=C2C3Cc4ccccc4C2(CCC1)CCN3,0.000872819,positive,5.937924,16.426863
Test: Pos 279,O=C(NCc1ccncn1)c1cnc2ccccc2c1,0.000871411,positive,2.8214552,17.869053
Test: Pos 280,O=c1oc2ccccc2cc1-c1ccn(-c2ccccc2)n1,0.000870307,positive,5.385131,14.980512
Test: Pos 281,O=C(c1ccccc1)C1CCN(C(=O)n2ccc(=O)o2)CC1,0.000869767,positive,3.647275,11.839899
Test: Pos 282,c1ccc(CNc2ccc3c(c2)OCO3)cc1,0.000866042,positive,5.718529,14.0514145
Test: Pos 283,C=C1CCC2CC(=O)CCC2C1COc1ccc2ccc(=O)oc2c1,0.000865646,positive,5.568954,17.523739
Test: Pos 284,O=C(NN=Cc1c[nH]c2ccccc12)c1ccc2ccccc2c1,0.000863249,positive,3.4712186,14.446871
Test: Pos 285,O=C(Nc1ccccc1C(=O)c1ccccc1)c1ccccc1,0.000858614,positive,5.873682,12.884507
Test: Pos 286,O=c1cc(CCc2ccccc2)oc2c1C1CC(C2)Oc2cccc(CCc3coc4ccccc4c3=O)c21,0.000858402,positive,5.694081,14.624151
Test: Pos 287,c1ccc2c(c1)CC1COc3ccccc3C21,0.000857343,positive,5.5727444,15.87315
Test: Pos 288,O=C1NN(c2ccccc2)C(=O)C1=Cc1ccccc1,0.000855626,positive,3.6911533,15.6142025
Test: Pos 289,O=C1CC(=O)CC(=O)C1,0.000854826,positive,6.030881,16.10735
Test: Pos 290,C=C1C(=O)OC2CC3CC3CC12,0.000853727,positive,6.1862154,16.622255
Test: Pos 291,O=C(Nc1ccc(N2CCNCC2)cc1)c1ccco1,0.000852778,positive,6.4102,15.430469
Test: Pos 292,c1ccc(Nc2nccc(-c3ccncc3)n2)cc1,0.000851514,positive,6.3279567,13.720761
Test: Pos 293,O=C1NCCCc2c1oc1ccccc21,0.000848426,positive,5.3993125,16.45397
Test: Pos 294,O=C1CNC(=O)CNC(=O)CNC(=O)CNC(=O)CNC(=O)C2CCCN2C(=O)CNC(=O)C(Cc2cccc3ccccc23)NC(=O)CNC(=O)CNC(=O)C(Cc2ccccc2)NC(=O)CSCCN1,0.000845382,positive,4.5283747,17.689304
Test: Pos 295,c1ccc2ncc(NCc3cccc4ccccc34)cc2c1,0.000844325,positive,6.1977873,14.939347
Test: Pos 296,S=c1c2ccccc2[nH]c2ccccc12,0.000836847,positive,3.945039,16.420437
Test: Pos 297,O=C(NCCc1c[nH]c2ccccc12)c1cnc(Nc2cccc(=O)[nH]2)nc1,0.000836685,positive,7.6353483,15.435297
Test: Pos 298,c1ccc(Cc2cc3ccc(-c4ccc(-c5ccccc5)cc4)cc3[nH]2)cc1,0.000836668,positive,6.6900477,14.18516
Test: Pos 299,O=C(Cc1ccccc1Nc1ccccc1)NCCCOc1ccccc1,0.000836457,positive,5.347696,13.657308
Test: Pos 300,c1coc(-c2ccc3cc[nH]c3c2)c1,0.000835649,positive,6.5232725,14.964612
Test: Pos 301,c1ccc(-c2ncc3c(ccc4ccccc43)n2)cc1,0.00083456,positive,7.0505815,14.407197
Test: Pos 302,O=C1SC(=Cc2ccc(Oc3ccccc3)cc2)C(=O)N1c1cccc(OCCCCCN2CCNCC2)c1,0.000832708,positive,3.7019684,15.507984
Test: Pos 303,C(=Cc1nc2ccccc2s1)c1ccc(-c2ccccc2)o1,0.00083253,positive,7.2648726,14.015899
Test: Pos 304,O=C(Cc1ccccc1)Nc1ccc(Oc2cccc(-n3cnnc3)c2)cc1,0.00083203,positive,5.5921683,13.199796
Test: Pos 305,O=C(Nc1nc(-c2cc3ccccc3o2)cs1)c1ccc(S(=O)(=O)N2CCOCC2)cc1,0.000831742,positive,6.224345,15.324445
Test: Pos 306,O=c1[nH]ccn1CCc1cccc(OC2CCCC2)c1,0.000829157,positive,5.0070815,16.915142
Test: Pos 307,O=c1c(C=NOCc2ccccc2)c[nH]n1-c1ccccn1,0.000827996,positive,5.2650466,14.538197
Test: Pos 308,O=c1cc(-c2ccccc2)c2ccc(OCc3ccccc3)cc2o1,0.000826359,positive,7.3896494,15.091962
Test: Pos 309,C(=NNc1ccccc1)c1ccccc1,0.000826148,positive,3.3761883,13.907309
Test: Pos 310,O=C1C2CCC=CC2C(c2ccoc2)N1Cc1ccccc1,0.000824219,positive,4.4876513,14.713593
Test: Pos 311,O=C(NCCC1CCOCC1)c1ccc(=O)n(Cc2ccccc2)c1,0.000823827,positive,4.6141567,13.935426
Test: Pos 312,N=C1C(=Cc2cnn(-c3ccccc3)c2)C(=O)N=C2SC=NN12,0.000820764,positive,5.373887,15.975608
Test: Pos 313,O=c1ccn(C2CCCCC2)c2nc(Nc3ccc(N4CCNCC4)cc3)ncc12,0.000820053,positive,6.432872,16.230103
Test: Pos 314,O=S(=O)(c1ccc(Sc2nnnn2-c2ccccc2)cc1)N1CCNCC1,0.000818878,positive,5.3269305,15.399224
Test: Pos 315,O=C1CC(=O)c2cccc3cccc1c23,0.000818418,positive,5.456741,15.7117405
Test: Pos 316,O=C(C=Cc1ccccc1)N1CCOCC1,0.000816693,positive,3.8919945,12.467961
Test: Pos 317,O=C(Nc1cnc2ccccc2c1)C1CCN(S(=O)(=O)c2ccccc2)CC1,0.000814076,positive,2.6577168,15.527005
Test: Pos 318,O=C(OC1C(=O)C=C2C=CN(c3ccccc3)C=C2C1=O)c1cnc2ccccc2n1,0.000810962,positive,5.5038815,15.083347
Test: Pos 319,c1ccc2c(c1)[nH]c1cc3ccncc3cc12,0.000810617,positive,4.0928426,16.352993
Test: Pos 320,C=C1C(=O)OC2CC3CCCCC3=CC12,0.00080576,positive,6.2394214,16.818016
Test: Pos 321,O=C(N1CCCCC1)n1cc(C2CCS(=O)(=O)CC2)c(=O)o1,0.000803972,positive,4.22859,15.33426
Test: Pos 322,O=C(N=c1cc[nH]cc1)c1cccn2nccc12,0.000802757,positive,5.9768257,15.629629
Test: Pos 323,c1ccc(CCNc2nccc(Cc3nc4ccccc4s3)n2)cc1,0.000798159,positive,5.962873,14.5441885
Test: Pos 324,O=C1CC(=O)C2=C(C1)Oc1ccccc1C2c1ccccc1,0.000796647,positive,5.495216,16.40974
Test: Pos 325,O=C(Cn1ncccc1=O)Nc1cccc(S(=O)(=O)N2CCOCC2)c1,0.000785154,positive,5.493658,13.16115
Test: Pos 326,N=C1NC(=O)C(=Cc2cccs2)S1,0.000784866,positive,3.7252915,15.490875
Test: Pos 327,O=C1CC(=O)C2=C(C1)OC1(CC2)CC2CC(C2)C1,0.000784475,positive,5.6527276,17.053808
Test: Pos 328,O=C(NN=Cc1c[nH]c(=S)[nH]c1=O)c1ccccc1,0.000782428,positive,3.6869593,13.806541
Test: Pos 329,O=c1ccc2ccc3c(c2o1)C=CCO3,0.000780315,positive,5.6412773,16.23566
Test: Pos 330,O=c1c2ccccc2c(C=NNS(=O)(=O)c2ccccc2)cn1-c1ccccc1,0.000778952,positive,5.5706806,14.433061
Test: Pos 331,O=C1NC(=Nc2ccccc2)SC1=Cc1cccs1,0.000778509,positive,3.7452247,15.389259
Test: Pos 332,c1cc(Nc2nc(-c3ccc4c(c3)CCCC4)cs2)ncn1,0.000777998,positive,6.9636154,14.460358
Test: Pos 333,O=C(CN1C(=O)SC(=Cc2cccn2-c2ccccc2)C1=O)Nc1ccccc1,0.000774212,positive,5.068982,12.97628
Test: Pos 334,O=C1C(=O)c2c(C(=O)c3ccccc3)coc2-c2ccccc21,0.00077395,positive,5.091161,15.559842
Test: Pos 335,O=C1CCc2ccc(OC3CCOCC3)cc21,0.000773924,positive,6.328771,16.375591
Test: Pos 336,O=C1N(c2ccccc2)CC2CC(c3cc4ccccc4o3)N3CCCC123,0.000773704,positive,6.3090725,16.16397
Test: Pos 337,O=C(C=C=Nc1ccccc1)C(=O)N=C=Cc1ccccc1,0.00077145,positive,5.011588,14.670538
Test: Pos 338,O=C(Cc1csc(Nc2ccccc2)n1)NN=Cc1ccccc1,0.000770199,positive,3.2214332,13.845442
Test: Pos 339,C(=Cc1ccno1)c1ccccn1,0.000764968,positive,5.9951124,15.377796
Test: Pos 340,O=C(Nc1ccccc1)N(CCN1CCCCC1)c1ccc2ncsc2c1,0.000763879,positive,6.1137323,12.290354
Test: Pos 341,c1ccc(-c2cc3ccc4ccccc4c3o2)cc1,0.000763345,positive,7.086853,14.285727
Test: Pos 342,O=C1NC(=O)C(=Cc2cn(-c3ccccc3)nc2-c2ccccc2)S1,0.000762751,positive,5.459821,14.927533
Test: Pos 343,c1ccc(-c2ccc3ncc(-c4ccccc4)n3c2)cc1,0.0007603,positive,7.245919,14.239694
Test: Pos 344,O=C(NNC(=S)NC(=O)c1ccco1)c1ccccc1,0.000760105,positive,5.1243086,11.880267
Test: Pos 345,O=C(N1CCOCC1)n1ccc(=O)o1,0.000758494,positive,3.7792087,11.959379
Test: Pos 346,O=C(C=Cc1ccccc1)c1cnc2ccccn12,0.000757952,positive,3.6617925,12.734099
Test: Pos 347,O=C1OC2CC3CCCCC3=CC2C1CN1CCCCCC1,0.00075711,positive,6.2029347,16.91562
Test: Pos 348,O=C(Nc1cc(-c2nc(OCC3CCN(Cc4ccccc4)CC3)cs2)ccn1)C1CC1,0.00075617,positive,4.7771773,13.918068
Test: Pos 349,O=C1CC(c2ccccc2)Oc2c1ccc1c2C=CCO1,0.000753356,positive,5.7461805,16.018068
Test: Pos 350,N=C1C(=Cc2cccn2Cc2ccccc2)C(=O)N=C2SC=CN12,0.000753111,positive,5.2679205,15.349663
Test: Pos 351,c1ccc(CCN=c2cnn(-c3ccccc3)[nH]2)cc1,0.000753076,positive,4.9747243,14.380437
Test: Pos 352,O=C1Nc2ccccc2C1=Cc1ccco1,0.000750914,positive,5.0970654,15.977324
Test: Pos 353,O=C(Cc1ccccc1Nc1ccccc1)NCCCCOc1ccccc1,0.000749844,positive,5.335946,13.636327
Test: Pos 354,O=C(Nc1ccc2c(c1)OCO2)c1cc(-c2ccccc2)on1,0.000748774,positive,6.7954974,13.808224
Test: Pos 355,O=C(Nc1cc2c(s1)CCCC2)c1ccco1,0.000747566,positive,6.8162303,15.932187
Test: Pos 356,O=C(NC(=S)Nc1nc(-c2ccccc2)cs1)c1cccnc1,0.000746931,positive,7.908081,14.01564
Test: Pos 357,c1ccc(NC2CCCO2)cc1,0.000743013,positive,5.9206834,13.75363
Test: Pos 358,O=C(Nc1cccc(-c2nc3ccccc3[nH]2)c1)c1ccccc1,0.000740959,positive,6.3244276,12.712288
Test: Pos 359,C1=NCCc2ccccc21,0.000740684,positive,5.566234,15.696441
Test: Pos 360,O=C(C=NNc1ccccc1)c1ccccc1,0.000734849,positive,4.0586553,13.560675
Test: Pos 361,O=C1Nc2ccccc2OC1=Cc1ccccc1,0.00073114,positive,4.128968,15.461564
Test: Pos 362,c1ccc(Nc2nccc(-c3ccccc3)n2)cc1,0.000730387,positive,6.39605,13.720649
Test: Pos 363,O=C(Nc1ccc(S(=O)(=O)Nc2ccccc2)cc1)c1ccc(-c2ccccc2)cc1,0.000729084,positive,5.6951237,12.348007
Test: Pos 364,N=c1sccn1Cc1ccccc1,0.00072731,positive,4.626983,14.2205105
Test: Pos 365,O=C(Oc1csc2c1c(=O)n(-c1ccccc1)c(=S)n2-c1ccccc1)c1ccccc1,0.000723698,positive,5.6800127,14.473677
Test: Pos 366,c1ccc(Cc2cc3ccc(-c4ccccc4)cc3[nH]2)cc1,0.000722963,positive,6.6659026,14.20414
Test: Pos 367,O=C(N1CCC(Cc2ccccc2)CC1)n1ccc(=O)o1,0.000721074,positive,3.6187148,11.853046
Test: Pos 368,O=C(CC=Nc1ccccc1)c1ccc(Oc2ncccn2)cc1,0.000718894,positive,5.1651835,14.685757
Test: Pos 369,O=C(NC(=S)NNC(=O)c1cccs1)c1ccco1,0.000718454,positive,5.0475507,11.820368
Test: Pos 370,O=C(Nc1cccc(Nc2ccc3c(c2)OCc2ccccc2C3=O)c1)c1ccccc1,0.00071781,positive,4.648494,15.430267
Test: Pos 371,O=C(NCCc1c[nH]c2ccccc12)c1ccc(-c2ccccc2)cc1,0.000716881,positive,7.6473455,15.303825
Test: Pos 372,c1ccc(-c2coc3ccccc23)cc1,0.000715532,positive,6.722443,14.814348
Test: Pos 373,O=C(Cc1ccc2occc2c1)c1ccccc1,0.000715261,positive,5.537859,13.897479
Test: Pos 374,c1ccc(-c2ccc(COC3CNC3)cc2)cc1,0.000714281,positive,6.677936,14.268733
Test: Pos 375,C(=NN=C1Nc2cccc3cccc1c23)c1ccccn1,0.000710969,positive,5.831761,15.38945
Test: Pos 376,O=C1CCCc2c1cnn2-c1cccc(NC2CCCCC2)c1,0.0007108,positive,6.481113,16.373453
Test: Pos 377,O=C1CC(=O)C2=C(C1)OCC2,0.000707493,positive,5.6476417,17.073885
Test: Pos 378,O=C(Nc1ccccc1)N1Cc2[nH]c3ccccc3c2C2(CN(Cc3ccccc3)C2)C1,0.000707437,positive,5.1544633,12.554254
Test: Pos 379,c1ncc2ccn(C3CCCO3)c2n1,0.000706397,positive,6.3643064,17.400053
Test: Pos 380,O=C(Nc1cccs1)c1cc(-c2ccccc2)nc2ccccc12,0.000705479,positive,7.8407054,13.292482
Test: Pos 381,c1ccc(-c2cn3ccncc3n2)cc1,0.000702049,positive,7.3756795,14.244144
Test: Pos 382,O=C(Nc1ccccc1)c1cccc(-c2ccc3nc(NCCN4CCCC4)ncc3c2)c1,0.000701032,positive,5.72135,12.547447
Test: Pos 383,C1=CC2C3CCCC3CCC2C2Cc3cnn(-c4ccccc4)c3C=C12,0.000697295,positive,6.037131,16.185455
Test: Pos 384,c1ccc(-c2c3c(nc4sccc24)CCC3)cc1,0.000697025,positive,7.0626206,14.653767
Test: Pos 385,O=C1NC(=S)SC1=CC=C1Cc2ccccc2N1,0.000693836,positive,4.260763,15.909434
Test: Pos 386,c1ccc(-c2c[nH]c3cncnc23)cc1,0.000690892,positive,7.5885177,14.683036
Test: Pos 387,C(=NNc1nc(Nc2ccccc2)nc(N2CCCCC2)n1)c1ccc2c(c1)OCO2,0.000690486,positive,3.3594282,13.720347
Test: Pos 388,O=C(N1CCN(Cc2ccccc2)CC1)n1ccc(=O)o1,0.000687067,positive,3.6164021,11.867697
Test: Pos 389,O=C(c1ccc(-c2ccccc2)cc1)N1CCC12CNC2,0.000685151,positive,6.7330256,14.200301
Test: Pos 390,O=C(CON=Cc1ccccc1)NCc1cccs1,0.000685122,positive,3.8650162,14.221557
Test: Pos 391,O=C1CC(c2ccc3c(c2)OCO3)Oc2c1ccc1c2C=CCO1,0.000683099,positive,5.595155,16.036852
Test: Pos 392,O=c1c2ccccc2n(Cc2ccccc2)c(=O)n1CCc1ccccc1,0.000682546,positive,4.9207387,14.360384
Test: Pos 393,c1cncc(-c2cccc3[nH]c4c(c23)CNCC4)c1,0.000682312,positive,5.276136,16.275465
Test: Pos 394,O=C(Cc1ccccc1)NNC(=S)NC(=O)c1cccs1,0.000677716,positive,4.945098,11.819947
Test: Pos 395,O=C(Nc1cccc(CN2CCNCC2)c1)c1cccc(C#Cc2ccc3ccnn3c2)c1,0.000676525,positive,7.207291,16.308401
Test: Pos 396,O=C(COC(=O)c1ccccc1)NCCCc1ccccc1,0.000675059,positive,5.086033,13.159917
Test: Pos 397,O=C1C2CC=CCC2C(c2ccccc2)=NN1CCOCCn1ccnc1,0.000673978,positive,8.336148,15.157678
Test: Pos 398,S=C(NCCC(c1ccccc1)c1ccccc1)Nc1ccccc1,0.000667219,positive,4.9119067,13.218528
Test: Pos 399,c1ccc2sc(Oc3ccc(CCN4CCCCC4)cc3)nc2c1,0.000665531,positive,5.271662,14.900241
Test: Pos 400,O=C(NN=Cc1ccccc1)c1cncs1,0.000665276,positive,3.0921938,13.891907
Test: Pos 401,C1=NNc2cccc3cccc1c23,0.000663724,positive,5.6771693,15.188084
Test: Pos 402,O=c1[nH]c(=S)[nH]cc1C=Nc1ccc(N2CCOCC2)cc1,0.000662098,positive,5.207372,16.68596
Test: Pos 403,O=C(Nc1cc(-c2nc(OCCC3CCN(Cc4ccccc4)CC3)cs2)ccn1)C1CC1,0.000661917,positive,4.629661,13.891081
Test: Pos 404,O=C(Nc1ccccc1)c1cccc(S(=O)(=O)Nc2ccccc2)c1,0.000661529,positive,5.754616,12.255269
Test: Pos 405,O=C1C2CCC=CC2C(c2ccc3ccccc3c2-c2ccccc2)N1Cc1ccccc1,0.00066129,positive,4.4179525,14.778106
Test: Pos 406,c1ccc(-c2cccc3ccccc23)cc1,0.000659783,positive,6.910708,15.085892
Test: Pos 407,O=C(Nc1ccccc1)Nc1ccc2c(c1)C1CC(CC(=O)N3CCc4ccccc4C3)OCC1O2,0.000658795,positive,5.540781,12.704581
Test: Pos 408,O=C(Cc1ccccc1)NCCOc1ccccc1,0.000657574,positive,5.1113644,13.737455
Test: Pos 409,O=C1C(=Cc2ccccc2)CCc2ccccc21,0.000656848,positive,4.2359843,15.771716
Test: Pos 410,O=C1CC(C=Cc2ccccc2)(C(=O)NC2CCCC2)N1c1ccccc1,0.000656312,positive,4.3502803,15.322633
Test: Pos 411,c1ccc(-c2cc(C3CCCNC3)ccn2)c(OCC2CCCCC2)c1,0.000655548,positive,6.1841955,15.823999
Test: Pos 412,O=c1ccn(C2CC3CCC2C3)c2nc(Nc3ccc(N4CCNCC4)cc3)ncc12,0.000654308,positive,6.5498686,16.238482
Test: Pos 413,O=C(COc1ccc(C=NNC(=O)c2cc3ccccc3o2)cc1)Nc1ccccc1,0.000653995,positive,4.7758055,12.384379
Test: Pos 414,O=C(Nc1cccc(CN2CCN(C3CCCCC3)CC2)c1)c1ccc2c(c1)CN(c1cncnc1)CC2,0.000652278,positive,6.9894743,17.165937
Test: Pos 415,O=C1NC(=O)C(=Cc2ccc(N3CCCC3)cc2)S1,0.000650438,positive,3.8136117,15.671611
Test: Pos 416,c1ccc(-c2cc(C3CCCNC3)ccn2)cc1,0.000649437,positive,7.6645617,14.504138
Test: Pos 417,C=C1Oc2ccoc(=O)c2S1,0.000646848,positive,5.856534,15.942735
Test: Pos 418,O=c1nc2n(-c3ccccc3)c3ccccc3cc-2c(=O)[nH]1,0.000640418,positive,5.6253147,15.578138
Test: Pos 419,O=C1c2ccccc2CCc2cc(Oc3ccccc3)ccc21,0.000640291,positive,4.335082,15.902267
Test: Pos 420,O=C1NC(=O)c2c1c1c3ccccc3[nH]c1c1[nH]c3ccccc3c21,0.000639112,positive,4.054807,16.446976
Test: Pos 421,O=C1C(=O)c2c(ccc3ccccc23)-c2occc21,0.000638715,positive,5.112818,15.953789
Test: Pos 422,c1ccc(-c2cc(C3CCCNC3)ccn2)c(OCC2CCC2)c1,0.000636351,positive,6.3227973,15.642874
Test: Pos 423,O=C(Nc1ccccc1)c1ccnc(Nc2nc3ccccc3o2)n1,0.00063581,positive,5.701983,13.030309
Test: Pos 424,O=C(Nc1c[nH]c2ccccc12)c1cnc2ccccc2c1,0.000635247,positive,2.8348155,17.859005
Test: Pos 425,O=C1C=CCC=C1,0.000633726,positive,5.121366,16.49199
Test: Pos 426,O=C(Nc1ccccn1)c1cc(-c2ccco2)nc2ccccc12,0.000633615,positive,7.536939,13.241491
Test: Pos 427,O=C1CCCC2CCC3Cc4ccoc4CC3C12,0.000633153,positive,6.462214,16.821486
Test: Pos 428,c1csc(-c2c3c(nc4sccc24)CCCCC3)c1,0.000631675,positive,6.395653,15.554104
Test: Pos 429,O=C1Sc2cccc3cccc1c23,0.00063063,positive,5.585773,15.787623
Test: Pos 430,O=c1cc[nH]c(=S)[nH]1,0.000629111,positive,5.020073,16.754757
Test: Pos 431,O=C(N=CNOCc1ccccc1)c1cccnc1Oc1ccccc1,0.000627148,positive,4.9711823,14.057427
Test: Pos 432,O=C(c1cccs1)N1CCOCC1,0.000623553,positive,4.07269,12.164285
Test: Pos 433,c1ccc(Nc2nc(-c3ccncc3)nc3ccccc23)cc1,0.00062095,positive,6.200343,13.540027
Test: Pos 434,O=S(=O)(NCCN1CCOCC1)c1ccc(Sc2nnnn2-c2ccccc2)cc1,0.000619961,positive,5.2817836,15.463292
Test: Pos 435,O=C1C=C2C=COC=C2C(=O)C1,0.000618928,positive,6.0410485,16.552422
Test: Pos 436,O=C1CNC(=O)CNC(=O)CNC(=O)CNC(=O)CNC(=O)CNC(=O)CNC(=O)CNC(=O)CNC(=O)CNC(=O)C(Cc2ccccc2)NC(=O)CSCCN1,0.000618398,positive,4.544696,17.658175
Test: Pos 437,O=C(NCCc1c[nH]c2ccccc12)c1cnc(Nc2ccccn2)nc1,0.000618019,positive,7.660551,15.434725
Test: Pos 438,c1ccc2cc(Nc3ncncn3)ccc2c1,0.0006172,positive,6.3790207,14.981501
Test: Pos 439,c1ccc(-n2cnc3ccccc32)nc1,0.000615501,positive,6.190178,15.483483
Test: Pos 440,O=C1Cc2ccccc2Sc2ccccc21,0.000615494,positive,4.8517423,15.953261
Test: Pos 441,c1ccc2c(-c3cncc4ccccc34)cncc2c1,0.000615272,positive,6.826513,15.210857
Test: Pos 442,O=C1CCCCc2sccc2N1,0.000613599,positive,5.386152,16.864159
Test: Pos 443,c1ccc(CCc2ccccc2)cc1,0.00061352,positive,5.0792184,14.162586
Test: Pos 444,c1ccc(Nc2ccnc(Nc3ccc(-c4ccsc4)cn3)n2)nc1,0.000612124,positive,6.4279404,13.919128
Test: Pos 445,O=C(Nc1ccccc1)N1Cc2[nH]c3ccccc3c2C2(CCN(C(=O)c3ccc4c(c3)OCO4)CC2)C1,0.00061167,positive,5.1463633,12.514168
Test: Pos 446,O=C(Nn1cnc2sc3c(c2c1=O)CCOC3)c1ccccc1,0.00061152,positive,5.2732954,14.54449
Test: Pos 447,c1ccc(Cc2cc3ccc4ccccc4c3[nH]2)cc1,0.000611077,positive,5.880263,14.566474
Test: Pos 448,C(#Cc1ccc(-c2c[nH]c(-c3ccccc3)n2)cn1)c1ccccc1,0.000609966,positive,8.033072,14.479103
Test: Pos 449,O=C(Nc1ccccc1)Nc1ccccc1,0.000608809,positive,5.608002,12.81935
Test: Pos 450,O=C(c1ccc(S(=O)(=O)c2ccccc2)cc1)N1CCN(c2ccccn2)CC1,0.000607303,positive,4.2827425,13.985278
Test: Pos 451,c1ccc(CCCCCCCc2ccccc2)cc1,0.000605475,positive,4.622394,14.336104
Test: Pos 452,c1ccc2c(Nc3ncncn3)cccc2c1,0.000602557,positive,6.611712,15.232056
Test: Pos 453,N=C(N=c1nccc[nH]1)Nc1ccc(OCc2ccccc2)cc1,0.000601183,positive,4.95658,13.856503
Test: Pos 454,O=C1c2ccccc2C(=O)c2occc21,0.000596441,positive,5.01811,15.633939
Test: Pos 455,O=C1NCNc2sc(-c3ccccc3)cc21,0.000594753,positive,6.517485,14.589536
Test: Pos 456,N=C1C(=O)N(Cc2ccccc2)c2ccccc21,0.000593296,positive,4.376107,14.636572
Test: Pos 457,C=C1OC(=O)c2ccccc21,0.000592918,positive,4.941782,15.992039
Test: Pos 458,O=C(COc1ccccc1)NNC(=S)NC(=O)c1ccco1,0.000590519,positive,4.996532,11.743014
Test: Pos 459,O=c1ccocc1,0.000590205,positive,5.58831,15.497001
Test: Pos 460,O=c1cc(N2CCOCC2)oc2c(-c3ccccc3)cccc12,0.000584992,positive,6.655646,14.6854925
Test: Pos 461,O=C(NCc1ccccc1)N1CCC(Nc2ncccn2)CC1,0.000584449,positive,4.498283,13.220125
Test: Pos 462,O=C(Oc1ccccc1)N1CCOCC1,0.000582029,positive,4.200212,12.267063
Test: Pos 463,S=C(NN=C1CCc2ccccc21)NC1CCCCC1,0.000577376,positive,4.7904377,15.995135
Test: Pos 464,C=C1CCC2C(CC3C(=O)OC4C=CCCC=CCCC43)C(=O)OC2C2C(=C)CCC12,0.000575384,positive,5.777381,17.082369
Test: Pos 465,O=C1Nc2cc(C(=O)N3CCC4(CC3)OCCO4)ccc2NC1CSCc1ccccc1,0.000570414,positive,4.575716,14.182191
Test: Pos 466,O=C1c2ccccc2S(=O)(=O)c2cc(C(=O)N(c3ccccn3)c3ccccn3)ccc21,0.000569319,positive,5.1209955,16.063383
Test: Pos 467,O=C(c1ccccc1)c1cnc2oncc2c1,0.000568032,positive,5.980244,13.907443
Test: Pos 468,c1ccc(Cc2nc3cc(-c4ncon4)ccc3n2Cc2ccccc2)cc1,0.00056654,positive,4.666141,14.245932
Test: Pos 469,O=C(c1ccccc1)N1CCC23C1=NC=CC2Nc1ccccc13,0.000564287,positive,6.1419296,15.324715
Test: Pos 470,C(=NNc1ccccc1)Oc1ccccc1,0.000563194,positive,3.8567705,13.782935
Test: Pos 471,c1ccc(C2=NOC3(CCNC3)C2)cc1,0.000562951,positive,7.043637,14.096395
Test: Pos 472,C=c1cc2ccccc2c(-c2ccccc2)c1=C,0.000554142,positive,5.934501,14.507337
Test: Pos 473,O=C(COc1ccccc1)Cn1ncc2ccccc21,0.000553319,positive,4.460373,12.700526
Test: Pos 474,c1ccc(C2(OCc3ccc(-c4ccc5c(c4)OCCO5)cc3)CNC2)cc1,0.000549855,positive,6.251098,14.204227
Test: Pos 475,N=c1ccc(C(=O)c2ccccc2)co1,0.000549192,positive,5.9683733,13.870019
Test: Pos 476,C(=Cc1ccccc1)C=Nn1cnnc1,0.000546436,positive,4.416603,14.664495
Test: Pos 477,c1cc(N2CCCCCC2)ncn1,0.000545447,positive,6.423678,15.785174
Test: Pos 478,C(=NNc1nc2ccccc2s1)c1ccncn1,0.000542071,positive,6.3991795,14.35521
Test: Pos 479,c1ccc(Cc2cccc3ccccc23)cc1,0.000540105,positive,6.3797865,14.848475
Test: Pos 480,O=C1C(C2C(=O)c3ccccc3C2=O)=Nc2ccccc21,0.000538529,positive,5.0630603,15.9984045
Test: Pos 481,c1ccc(-c2ccc3ncncc3c2)cc1,0.000538507,positive,6.8323355,13.190743
Test: Pos 482,O=C(NCc1ccccc1)n1ccc(=O)o1,0.000537423,positive,4.4667945,13.037141
Test: Pos 483,O=C1Nc2ccccc2C12CC1N=C(CCCC34ON3C3CC5(C(=O)Nc6ccccc65)C5CC4C3CO5)C3CC2OCC13,0.000533857,positive,5.414966,15.86344
Test: Pos 484,O=C(NC1CCCc2ccccc21)C1CCN(S(=O)(=O)c2ccccc2)CC1,0.000533579,positive,2.7044425,15.516995
Test: Pos 485,O=C(Nc1nc(-c2ccccc2)cs1)c1ccn[nH]1,0.000532739,positive,7.9564667,14.0242605
Test: Pos 486,O=C(Nc1cc(CN2CCNCC2)cc(C2CC2)c1)c1ccc2c(c1)CN(c1cncnc1)CC2,0.000532107,positive,6.9394712,17.20934
Test: Pos 487,O=C1NN(c2ccccc2)C(=O)C1=Cc1cccs1,0.000531111,positive,3.7613797,15.559119
Test: Pos 488,O=C(N=Nc1c[nH]c2ccccc12)C(C=CCc1ccccc1)=NC(=O)c1ccccc1,0.000529485,positive,4.653003,14.61815
Test: Pos 489,O=C(Nc1ccc(-c2nc3ccccc3[nH]2)cc1)c1ccccc1,0.000527509,positive,6.351514,12.776878
Test: Pos 490,O=C1C2CCC=CC2C(c2ccc3ccccc3c2)N1Cc1ccccc1,0.000527102,positive,4.480575,14.736074
Test: Pos 491,O=C(NC(=S)Nc1ccc2c(c1)oc1ccccc12)c1ccccc1,0.000526558,positive,5.3191595,12.141645
Test: Pos 492,O=C1C(=Cc2cccnc2)CNCC1=Cc1cccnc1,0.000524003,positive,5.1173267,16.640152
Test: Pos 493,O=C1CNC(=O)CNC(=O)C(Cc2ccccc2)NC(=O)CNC(=O)CNC(=O)C(Cc2ccccc2)NC(=O)CSCCN1,0.000523568,positive,4.548036,17.663109
Test: Pos 494,O=C(NCCc1c[nH]c2ccccc12)c1ccc(-c2ccccc2)nc1,0.000523439,positive,7.693463,15.276078
Test: Pos 495,N=C(NOC(=O)c1ccccc1)c1ccccn1,0.000522168,positive,5.759081,14.253764
Test: Pos 496,O=C1c2ccccc2CCC1CNCCc1ccccc1,0.000520691,positive,4.429322,14.457533
Test: Pos 497,O=C(c1ccccc1)N1c2ccccc2Sc2ccccc21,0.00051887,positive,5.4047046,14.239733
Test: Pos 498,O=C(NC1CCOCC1)c1cnc2ccccc2c1,0.000518187,positive,2.8695474,17.828442
Test: Pos 499,C(=Nn1cnnc1)c1ccccc1,0.000517789,positive,3.72518,14.457124
Test: Pos 500,C=C1CCCC2Cc3occc3CC12,0.000517201,positive,6.5248637,16.76143
Test: Pos 501,c1ccc(-c2ccc(NC3CCOCC3)cc2)cc1,0.000516863,positive,6.641533,13.901775
Test: Pos 502,O=C(NN=Cc1cccs1)c1ccon1,0.000516543,positive,6.6437955,15.360252
Test: Pos 503,O=c1[nH][nH]cc1C=NCc1ccccc1,0.000515633,positive,5.154877,14.529421
Test: Pos 504,O=C(Nc1ccc(CN2CCNCC2)cc1)c1cccc(C#Cc2cncc3ccccc23)c1,0.000515602,positive,7.21862,16.210592
Test: Pos 505,O=C(Nc1ccc(N2CCCCC2)cc1)C1CCN(S(=O)(=O)c2ccccc2)CC1,0.000515223,positive,2.676999,15.522519
Test: Pos 506,O=P(NC(C=CCO[SiH](c1ccccc1)c1ccccc1)c1ccccc1)(c1ccccc1)c1ccccc1,0.000513865,positive,5.31507,13.472151
Test: Pos 507,O=C(CC1CCCC2(CCCC(Cc3nc4ccccc4o3)O2)O1)c1ccc[nH]1,0.000512064,positive,5.2644067,16.635042
Test: Pos 508,C(#CC1CC1)c1ccc(-c2c[nH]c(-c3ccccc3)n2)cn1,0.000508809,positive,8.05801,14.4770565
Test: Pos 509,O=C(Nc1ccc(-c2nc3ccccc3o2)cc1)c1ccc(N2CCOCC2)cc1,0.000508756,positive,6.8628497,13.616056
Test: Pos 510,c1ccc(CSc2nc3ccccc3c3nccn23)cc1,0.000508133,positive,4.749534,14.32064
Test: Pos 511,O=[PH](OCC1CCC(n2cnc3cncnc32)O1)O[PH](=O)OCC1CCC([n+]2ccccc2)O1,0.000508019,positive,6.247516,17.357273
Test: Pos 512,O=C(CS(=O)(=O)c1ccccc1)Nc1nc(-c2ccccc2)cs1,0.00050801,positive,7.9575734,14.037933
Test: Pos 513,O=C(NN=Cc1cnn(-c2ccccc2)c1)c1cc(-c2cccs2)n[nH]1,0.000505634,positive,3.2868288,13.615482
Test: Pos 514,O=C(NCc1ccccc1)c1coc2c1C(=O)c1ccccc1C2=O,0.00050508,positive,4.579589,13.424865
Test: Pos 515,O=C(Nc1ccccc1)N1CCOC1,0.000504004,positive,5.3905993,12.504473
Test: Pos 516,O=C(Nc1ccccc1)c1cc2c(-c3ccco3)c3c(nc2s1)CCCC3,0.000502921,positive,6.2615304,13.672601
Test: Pos 517,O=C(NC1CCCC1)c1cnc2ccccc2c1,0.000500296,positive,2.9170377,17.783142
Test: Pos 518,C(=[NH+]C1CCCCC1[NH+]=Cc1ccccc1)c1ccccc1,0.000500169,positive,5.429925,15.400459
Test: Pos 519,O=C(NC1NC(=O)N(c2ccccc2)C1=O)c1ccncc1,0.000499657,positive,6.478761,14.380307
Test: Pos 520,O=S(=O)(c1ccccc1)N1CCc2c([nH]c3ccccc23)C1,0.000498795,positive,3.9631345,16.49556
Test: Pos 521,O=C(Nc1ccc(N2CCOCC2)cc1)C1CCN(S(=O)(=O)c2ccccc2)CC1,0.000497584,positive,2.6821597,15.498115
Test: Pos 522,O=C(Nc1ccon1)c1cncs1,0.000496715,positive,6.784683,15.639507
Test: Pos 523,O=C1SC(=Cc2ccc(Oc3ccccc3)cc2)C(=O)N1c1ccc(OCCCN2CCNCC2)cc1,0.000495574,positive,3.6240444,15.434887
Test: Pos 524,O=C(Nc1cccc(N2CCNCC2)c1)c1ccc2c(c1)CN(c1cncnc1)CC2,0.000492982,positive,7.0182266,17.195526
Test: Pos 525,O=C(Nc1ccccc1)c1ccc2c(=O)c(S(=O)(=O)c3ccccc3)c[nH]c2c1,0.000491071,positive,5.666445,12.271646
Test: Pos 526,c1ccc(N=Nc2cccc3ncccc23)cc1,0.000489532,positive,5.3276987,14.991819
Test: Pos 527,c1ccc(Cc2ccc3ccccn23)cc1,0.000488669,positive,4.63294,14.208435
Test: Pos 528,O=C(NC1CCNCC1)c1cnc2ccccc2c1,0.000488091,positive,2.9447563,17.789104
Test: Pos 529,O=C(CNC(=O)CNC(=O)C1CSCC(=O)NC(Cc2ccccc2)C(=O)NCC(=O)NCC(=O)NC(Cc2ccccc2)C(=O)NCC(=O)NCC(=O)N1)NCC(=O)N1CCCC1,0.000484806,positive,4.5919566,17.642397
Test: Pos 530,O=C(Nc1ccccc1)Nc1ccccc1Oc1ccccc1,0.000483671,positive,5.770056,12.669118
Test: Pos 531,O=C1c2ccccc2C(=O)N1CC(=O)N1CCCc2ccccc21,0.000483318,positive,4.5681305,15.853871
Test: Pos 532,C=c1ccsc1=Cc1c[nH]n(-c2ccccc2)c1=O,0.000483101,positive,5.0462437,15.136101
Test: Pos 533,C=C(c1ccccc1)C1C(=O)CCCC1=O,0.000482555,positive,5.1818333,16.09193
Test: Pos 534,O=C(C=Cc1ccccc1)n1cnc2ccccc21,0.000479419,positive,3.853356,12.578934
Test: Pos 535,O=C1NCCc2c1ccc1ccccc21,0.000479402,positive,4.772499,16.273592
Test: Pos 536,c1ccc(-c2ccco2)cc1,0.000477532,positive,7.0482554,14.057828
Test: Pos 537,c1ccc(CNc2nc(-c3ccccc3)nc3ccccc23)cc1,0.000475755,positive,6.0339932,13.748035
Test: Pos 538,O=C(Nc1ccc2[nH]c(-c3ccco3)nc2c1)c1cccs1,0.000470518,positive,7.1523194,14.809571
Test: Pos 539,O=C(NCCc1ccccc1)c1ccccc1,0.000470049,positive,4.7270184,13.472057
Test: Pos 540,C(=[NH+]c1ccccc1)c1cccc2nsnc12,0.000469695,positive,5.1855497,14.438505
Test: Pos 541,O=C(COc1ccccc1)NNC(=S)NC(=O)c1cccs1,0.000469287,positive,4.916063,11.824592
Test: Pos 542,C(=NNc1ncnc(N2CCCCC2)n1)c1ccccc1,0.000469151,positive,3.3177032,13.962499
Test: Pos 543,c1ccc(-c2ccc(COC3CCNC3)cc2)cc1,0.000465065,positive,6.852892,14.240455
Test: Pos 544,O=C(Nc1cccc2ccccc12)N(CCN1CCOCC1)c1ccc2ncsc2c1,0.000461008,positive,6.1156516,12.2916355
Test: Pos 545,O=C(NC1CCOC1)c1cnc2ccccc2c1,0.000460957,positive,2.8437982,17.852814
Test: Pos 546,C(=NNc1ccccc1)c1cnn(-c2ccccc2)c1,0.000459928,positive,3.3825223,13.71716
Test: Pos 547,O=C(COc1ccccc1)NNC(=S)NC(=O)Cc1ccccc1,0.000459835,positive,4.9040966,11.719316
Test: Pos 548,C(#Cc1ccc(-c2nc(-c3ccccc3)n[nH]2)cn1)c1ccccc1,0.000458527,positive,7.5464077,14.399717
Test: Pos 549,O=C(Nc1ccccc1)c1cn(-c2ccccc2)nc1-c1ccccc1,0.000450738,positive,5.5625553,12.916631
Test: Pos 550,c1cc(Nc2nc(C34CC5CC(CC(C5)C3)C4)cs2)ncn1,0.000450373,positive,6.4253387,14.219669
Test: Pos 551,O=C(NCCC1=CCCCC1)c1cc(COc2ccccc2)on1,0.000446835,positive,5.150192,14.327909
Test: Pos 552,O=C1CCCC2=NC(Nc3nc4ccccc4o3)=NC3(CCCCC3)C12,0.000444955,positive,5.405691,16.755426
Test: Pos 553,N=c1[nH]c(-c2ccccc2)cs1,0.000444705,positive,7.158045,14.179735
Test: Pos 554,C1=CC2OC1c1cn(-c3ccccc3-c3ccccc3)cc12,0.000442909,positive,6.6863155,14.100018
Test: Pos 555,O=C(NC1CCNCC1)c1ccc(Oc2ccccc2)nc1,0.000440224,positive,4.078432,17.257761
Test: Pos 556,O=C(c1ccc(S(=O)(=O)c2ccccc2)cc1)N1CCN(Cc2ccccc2)CC1,0.000439097,positive,4.262992,14.03774
Test: Pos 557,O=S(=O)(Cc1ccccc1)c1cc2cccnc2s1,0.000437034,positive,5.2233663,14.834491
Test: Pos 558,O=S(=O)(NC1CNC1)c1ccc(-c2ccccc2)cc1,0.000433384,positive,6.7323647,14.235508
Test: Pos 559,C(C=C1Cc2ccccc2N1)=Nc1ccc2ccccc2c1,0.000433225,positive,4.367576,15.958247
Test: Pos 560,c1ccc(-c2nc(SCc3nnc(-c4ccccc4)o3)c3ccccc3n2)cc1,0.000432021,positive,6.992774,13.937284
Test: Pos 561,O=C(COC(=O)c1ccccc1)Nc1ccccc1,0.000431965,positive,5.1858344,12.70704
Test: Pos 562,O=C(Nc1cccc(-c2cc3ccccc3oc2=O)c1)c1ccco1,0.000431635,positive,6.1410484,13.292968
Test: Pos 563,c1ccc(NC2CCNc3ccc(-c4ccc(CN5CCOCC5)cc4)cc32)cc1,0.000431286,positive,6.037321,13.721152
Test: Pos 564,O=c1[nH]c(=O)c2[nH]c(Cn3ncccc3=O)nc2[nH]1,0.000431126,positive,4.889819,16.340206
Test: Pos 565,O=C(NC1CCC1)C1CCN(S(=O)(=O)c2ccccc2)CC1,0.000430794,positive,2.6885047,15.501363
Test: Pos 566,O=C(Cc1ccccc1)N1CCC(c2ccccc2)=N1,0.000430275,positive,6.9840517,14.064641
Test: Pos 567,O=C(Nc1ccc2n[nH]cc2c1)c1coc(-c2ccncc2)n1,0.000429172,positive,6.450207,15.477775
Test: Pos 568,c1ccc([SH+]c2cccnc2)cc1,0.000427682,positive,6.1626167,14.46129
Test: Pos 569,O=c1cc2[nH]ccc3c-2n(c1=O)c1ccccc31,0.000426544,positive,4.937433,16.553722
Test: Pos 570,O=C1C=CC2C(C1)C(=O)C(=O)C1C2CCC2C(c3ccoc3)CC3OC321,0.000425775,positive,5.6994534,16.721962
Test: Pos 571,O=S(=O)(CCSc1nc2ccccc2s1)c1nc2ccccc2s1,0.000421462,positive,6.2050266,15.188258
Test: Pos 572,O=c1cc[nH]c2nc(Nc3ccccc3)sc12,0.000418527,positive,5.5589213,13.868639
Test: Pos 573,c1ncc2ncn(C3CCCO3)c2n1,0.000418389,positive,6.2143683,17.371164
Test: Pos 574,c1ccc(CCNc2nc3c(-c4ccccc4)nnn3c3ccccc23)cc1,0.000417928,positive,4.8354626,14.010374
Test: Pos 575,c1ccc(C2=Nn3c(nnc3-c3ccncc3)SC2)cc1,0.000417592,positive,7.138172,14.077666
Test: Pos 576,O=C(c1ccccc1)c1cnn(C(=O)Cc2cncs2)c1,0.000417558,positive,5.9664707,13.90094
Test: Pos 577,O=C(c1ccccc1)N1CCN(c2nc3ccccc3s2)CC1,0.000417026,positive,5.699826,14.443497
Test: Pos 578,O=S(=O)(Nc1cc(Sc2cccc3cccnc23)cc2ccccc12)c1ccccc1,0.00041267,positive,6.5538263,15.095464
Test: Pos 579,O=C(Oc1ccc2c(-c3ccccc3)cc(=O)oc2c1)c1cccs1,0.000411622,positive,7.33643,15.061715
Test: Pos 580,O=c1oc2ccccc2cc1S(=O)(=O)c1ccccc1,0.000410709,positive,5.365342,14.87752
Test: Pos 581,c1ccc(-c2nnc3n2N=C(c2cccc(OC4CCCC4)c2)CS3)cc1,0.000410652,positive,7.2764096,14.216683
Test: Pos 582,O=C(COC(=O)CNC(=O)c1ccc(-c2ccccc2)cc1)Nc1ccccc1,0.000404474,positive,5.0668774,12.911759
Test: Pos 583,O=C1NC(=O)N(c2ccccc2)C(=O)C1=Cc1c[nH]c2ccccc12,0.000404456,positive,3.69152,16.014946
Test: Pos 584,c1ccc2c(c1)CC1C3CCC(CN1C2)N3,0.000403847,positive,6.1710896,15.732316
Test: Pos 585,O=C1C(=NCc2ccccc2)C(NCc2ccccc2)C(=O)c2ccccc21,0.000403821,positive,4.672906,15.143855
Test: Pos 586,c1ccc(C2OCC3C(c4ccccc4)OCC23)cc1,0.000399934,positive,5.03376,15.331276
Test: Pos 587,O=C(C#Cc1ccccc1)c1ccccc1,0.000398436,positive,5.85439,13.405781
Test: Pos 588,O=C1CCc2ccc(Sc3ccncc3)cc21,0.000394283,positive,6.441432,16.485813
Test: Pos 589,C(=NNc1ccc2ccccc2n1)c1ccccc1,0.000387525,positive,3.4854636,14.051226
Test: Pos 590,c1ccc(-c2cc3c(cc2-c2ccccc2)OCO3)cc1,0.000386815,positive,6.547896,14.705111
Test: Pos 591,O=C1c2ccc(Oc3ccccc3)cc2CCc2ccc(OCCN3CCOCC3)cc21,0.000384133,positive,4.289279,15.853452
Test: Pos 592,O=C(Cc1ccncc1)c1ccccc1,0.000383477,positive,6.193581,13.993803
Test: Pos 593,c1nc(-c2cnn(C3CNC3)c2)c2cc[nH]c2n1,0.00038343,positive,5.5595384,16.735098
Test: Pos 594,O=C(NCCCSc1ccccc1)c1ccccc1,0.000383294,positive,4.8266697,13.345278
Test: Pos 595,O=C(C=Cc1ccccc1)C1CCc2ccccc2C1=O,0.000383179,positive,4.5002313,15.87428
Test: Pos 596,c1ccc(-c2cc(-c3ccccn3)on2)cc1,0.000380686,positive,7.4883447,14.184882
Test: Pos 597,O=c1ccoc2cc3occc3cc12,0.000379808,positive,5.4765544,16.90677
Test: Pos 598,O=C1CCCCc2nc(Nc3ccsc3)ncc21,0.000378525,positive,5.2953615,16.433292
Test: Pos 599,O=C1NC(c2ccc[nH]2)Nc2sc3c(c21)CCCC3,0.000377571,positive,5.785655,16.73081
Test: Pos 600,O=C(C=Cc1cn[nH]c1)c1ccccc1,0.000377318,positive,4.198575,13.456929
Test: Pos 601,O=C(Nc1ccccc1)Nc1nnc(-c2ccncc2)s1,0.000377264,positive,5.9568205,12.488067
Test: Pos 602,O=S(=O)(c1cnoc1C=Cc1ccccc1)N1CCCCC1,0.000377091,positive,5.631464,15.147036
Test: Pos 603,c1ccc(-c2csc3ncncc23)cc1,0.000373898,positive,7.44373,14.300999
Test: Pos 604,c1ccc(CNc2nc(-c3cccnc3)nc3ccccc23)cc1,0.000373318,positive,6.116171,13.757508
Test: Pos 605,c1ccc(CNc2ccccc2)cc1,0.000365308,positive,5.069954,13.4939375
Test: Pos 606,O=C(c1ccc(NS(=O)(=O)C=Cc2ccccc2)cc1)N1CCCCC1,0.000364918,positive,5.047662,13.848129
Test: Pos 607,O=C(Cc1c[nH]c2ccccc12)n1ncc2cc3ccccc3nc21,0.000364214,positive,4.310514,16.575535
Test: Pos 608,c1ccc(Nc2ccncn2)cc1,0.000361665,positive,6.2934575,13.764085
Test: Pos 609,C(=Nc1ccccc1)c1ccccc1,0.000361559,positive,3.874809,14.309989
Test: Pos 610,c1ccc(-c2csc(Nc3ccnc(SCc4cccc5ccccc45)n3)n2)cc1,0.000361553,positive,7.3059735,14.585596
Test: Pos 611,O=C(C=Cc1ccco1)Nc1ccccc1,0.000360297,positive,4.8731422,12.923438
Test: Pos 612,c1ccc(-n2ccc3nc4ccccc4nc32)cc1,0.000359441,positive,5.625579,14.840722
Test: Pos 613,O=c1c2[nH]c3ccccc3c2[nH]c(=S)n1Cc1ccccc1,0.000357735,positive,3.8111722,16.310036
Test: Pos 614,c1coc(-c2ccc3ccccc3n2)c1,0.000357454,positive,7.01063,14.883101
Test: Pos 615,O=c1nc(CN2CCc3ccccc32)[nH]c2ccccc12,0.000356268,positive,4.503108,16.571331
Test: Pos 616,c1ccc(N=c2cnss2)cc1,0.000355609,positive,5.1271114,14.703377
Test: Pos 617,C(#CC1CCCCC1)c1c(-c2ccccc2)oc2ccc(-c3cccnc3)cc12,0.000355511,positive,6.955881,14.510165
Test: Pos 618,O=C(Nc1ccc2ncsc2c1)NC12CC3CC(CC(C3)C1)C2,0.000354609,positive,5.8822117,15.431125
Test: Pos 619,O=C(CSc1ccc2ccccc2n1)Nc1ccccn1,0.000354381,positive,6.3237944,12.608444
Test: Pos 620,O=C(Nc1ccc(Oc2ccccc2)cc1)c1ccccc1,0.000353388,positive,6.015117,12.978783
Test: Pos 621,c1csc(CNc2ncnc3ccc(-c4ccoc4)cc23)c1,0.00035237,positive,6.505998,15.350089
Test: Pos 622,O=C1Nc2ccccc2C1Nc1ccccc1,0.000350404,positive,5.719244,14.014104
Test: Pos 623,c1ccc(-c2nc(-c3cccnc3)c[nH]2)cc1,0.000346906,positive,8.107797,14.463437
Test: Pos 624,C=C(c1ccccc1)c1c[nH]c(=S)s1,0.000346413,positive,5.362821,14.401225
Test: Pos 625,O=c1nc(-c2ccn(-c3ccccc3)c2)[nH]c2ccccc12,0.000344454,positive,4.248729,16.289408
Test: Pos 626,O=C1CC(c2ccccc2)c2ccccc2N1,0.000341438,positive,4.6053567,15.404786
Test: Pos 627,O=C(OCc1c(-c2ccccc2)n[nH]c1S(=O)(=O)c1ccccc1)c1ccccc1,0.000340545,positive,5.825696,13.632923
Test: Pos 628,O=c1c(Oc2ccccc2)coc2ccccc12,0.00033883,positive,6.417026,14.870908
Test: Pos 629,C=C1SCC(=O)N1CC(=O)c1ccc[nH]1,0.00033456,positive,5.382555,16.59928
Test: Pos 630,S=c1[nH]nc(C2CCCCC2)[nH]1,0.000333313,positive,5.5332036,16.857344
Test: Pos 631,c1ccc(CSc2ncc3cc4c(nc3n2)CCCC4)cc1,0.000331873,positive,5.0588913,14.433599
Test: Pos 632,O=C(Nc1ccccc1-n1cncn1)c1cn2ccccc2n1,0.000331666,positive,5.7475004,15.139817
Test: Pos 633,S=C(Nc1ccccc1)Nc1ccc2c[nH]nc2c1,0.000330858,positive,5.812877,13.212333
Test: Pos 634,O=C(Nc1ccccc1)c1cc(-c2cccnc2)nc2ccccc12,0.000330426,positive,7.699554,13.2000675
Test: Pos 635,N=C(NOC(=O)Cc1ccccc1)c1ccccn1,0.000325234,positive,5.6213927,14.199939
Test: Pos 636,O=C(Nc1ccccc1)Nc1ccon1,0.000322951,positive,5.869828,12.641668
Test: Pos 637,O=C1C(=Cc2ccc(N3CCOCC3)o2)SC(=Nc2ccccc2)N1CCc1c[nH]c2ccccc12,0.000321157,positive,4.55572,15.17571
Test: Pos 638,O=C(Cc1ccc(Oc2nc3ccccc3s2)cc1)NCCc1ccccc1,0.000318662,positive,4.913545,13.775066
Test: Pos 639,O=C(Cc1nc(COC(=O)c2ccccc2)cs1)Nc1ccccc1,0.000317979,positive,5.4010086,12.855092
Test: Pos 640,O=C(NC1CCCCC1)c1cccc2c1C(=O)c1ccc(-c3ccccc3)cc1S2(=O)=O,0.000315694,positive,6.715748,14.366749
Test: Pos 641,O=C(NCCC(c1ccccc1)c1ccccc1)c1ccccc1,0.000314497,positive,4.7353997,13.158866
Test: Pos 642,O=C(C1CC1)N1CC2NC(C1)C2c1ccc(-c2ccncc2)cc1,0.00031401,positive,5.9583235,14.899968
Test: Pos 643,c1ccc(NC2CCOCC2)cc1,0.000312083,positive,6.10546,13.637443
Test: Pos 644,O=C(COC(=O)CNC(=O)c1ccc(-c2ccccc2)cc1)NCc1ccccc1,0.000311949,positive,4.8384533,13.169676
Test: Pos 645,O=C(Cn1ccc2ccccc21)N1CCOCC1,0.000311863,positive,4.219195,12.307832
Test: Pos 646,O=C(Oc1ccccc1C(=O)Nc1ccccc1)c1ccccc1,0.000311256,positive,5.3837347,13.334204
Test: Pos 647,C=c1ccc2noc3c4ccccc4cc1c23,0.000311008,positive,6.0465765,15.094802
Test: Pos 648,O=C(Nc1ccccc1)Nc1ccc2c(c1)CCC2,0.000309322,positive,5.68088,12.663091
Test: Pos 649,c1ccc(Cn2cccn2)cc1,0.000308869,positive,4.6453657,14.199518
Test: Pos 650,c1cncc(-c2ccc3ncnc(NCc4ccc5c(c4)OCO5)c3c2)c1,0.000308002,positive,6.6185937,14.99032
Test: Pos 651,O=C(CN1C(=O)NC2(CCc3ccccc32)C1=O)NC(=O)Nc1ccccc1,0.000307515,positive,5.579524,12.643798
Test: Pos 652,c1cncc(C2NCCO2)c1,0.000306761,positive,6.049225,15.275777
Test: Pos 653,c1ccc(-c2ccc(NC3CCNCC3)cc2)cc1,0.000306314,positive,6.7708807,14.051428
Test: Pos 654,O=C(Nc1c[nH]n(-c2ccccc2)c1=O)c1cc(-c2ccccc2)nc2ccccc12,0.000303217,positive,7.7907834,13.34341
Test: Pos 655,O=C(c1ccc2[nH]cnc2c1)c1cccs1,0.000300524,positive,6.163111,15.475159
Test: Pos 656,O=C(c1cc(-c2ccccc2)nc2ccccc12)N1CCNCC1,0.000298849,positive,7.7974734,13.400773
Test: Pos 657,O=C(Nc1ccccc1)c1snc2c(=O)[nH]cnc12,0.000296342,positive,5.791585,12.71559
Test: Pos 658,O=C(Cc1ccccc1)NCCc1ccc(OCc2ccccc2)cc1,0.0002951,positive,4.9147143,13.699874
Test: Pos 659,O=C(CS(=O)(=O)c1c[nH]c2ccccc12)Nc1ccccc1,0.00029376,positive,5.2921853,12.950037
Test: Pos 660,O=c1[nH]cc(Cc2ccccc2)c(=O)[nH]1,0.000292908,positive,5.2199516,14.246217
Test: Pos 661,c1ccc(Nc2ccnc(Nc3ccc(N4CCNCC4)cn3)n2)cc1,0.000292791,positive,6.2845917,13.630116
Test: Pos 662,c1cnc(Nc2ncc3ccccc3n2)nc1,0.000291524,positive,6.723644,15.626876
Test: Pos 663,O=S1(=O)CC=C(CSC(=S)NC2CCS(=O)(=O)C2)C1,0.000291181,positive,5.807975,17.000832
Test: Pos 664,O=C(Nc1ccc2nc3n(c(=O)c2c1)CCCCC3)c1ccccc1,0.000289809,positive,6.226705,12.488995
Test: Pos 665,C(#Cc1cccc(-c2c[nH]c3cncnc23)c1)Cc1ccon1,0.000289652,positive,7.628461,14.967575
Test: Pos 666,O=c1cc(CN2CCN(CC=Cc3ccccc3)CC2)c2ccccc2o1,0.000285772,positive,4.457347,12.143559
Test: Pos 667,O=C1C(=O)N(CCCc2ccccc2)c2ccccc21,0.000284803,positive,4.5525904,14.894121
Test: Pos 668,O=C(NC1CC1)c1c[nH]c2ccc(S(=O)(=O)Nc3ccccc3)cc2c1=O,0.000282901,positive,5.759933,11.917106
Test: Pos 669,O=C(Nc1ccccc1)c1cccc(C#Cc2cnc3cccnn23)c1,0.000281297,positive,5.833136,12.327233
Test: Pos 670,c1ccc(-n2ccnc2)cc1,0.000279179,positive,5.5774426,14.815725
Test: Pos 671,O=C(COC(=O)c1ccccc1Sc1ccccc1)NC(=O)c1ccc[nH]1,0.000277819,positive,5.5567093,13.946534
Test: Pos 672,O=C(Nc1cc[nH]n1)c1ccccc1,0.000276218,positive,6.2511063,12.49989
Test: Pos 673,O=c1cc[nH]c2ccc(S(=O)(=O)Nc3ccccc3)cc12,0.000274683,positive,5.8034143,11.943239
Test: Pos 674,O=C1C(=Cc2ccc(N3CCCC3)cc2)CNCC1=Cc1ccc(N2CCCC2)cc1,0.000271043,positive,4.946243,16.634485
Test: Pos 675,c1ccc(-c2n[nH]c(-c3ccccc3)n2)cc1,0.000269972,positive,7.259064,14.427893
Test: Pos 676,S=c1[nH]cc(-c2ccc(-c3ccccc3)cc2)[nH]1,0.000269229,positive,6.8816075,14.348177
Test: Pos 677,c1ccc(Oc2ccc(Nc3ncnc4[nH]ccc34)cc2)cc1,0.000264681,positive,6.656687,12.993984
Test: Pos 678,c1cc(-c2ccnc3c2CCCC3)ccn1,0.00025898,positive,6.3955517,15.607195
Test: Pos 679,c1ccc(-c2c[nH]cn2)cc1,0.000258339,positive,7.5531816,14.340889
Test: Pos 680,O=C(Nc1ccccc1)Nc1nnc(CSc2ccccc2)s1,0.000255981,positive,5.8698034,12.526549
Test: Pos 681,O=C1c2ccccc2C(=O)c2c1ccc1c(=O)[nH][nH]c21,0.000253802,positive,4.916249,15.772276
Test: Pos 682,O=C1c2ccccc2C(=O)N1Cc1ccccc1,0.000253001,positive,4.342406,14.546218
Test: Pos 683,c1ccc(-c2cn(-c3ccccc3)c3ncnc(N4CCOCC4)c23)cc1,0.000251737,positive,7.117121,14.152528
Test: Pos 684,c1ccc(CCc2ccc(-c3c[nH]c(-c4ccccc4)n3)cc2)cc1,0.000250049,positive,8.126343,14.472114
Test: Pos 685,c1ccc(-c2ccsn2)cc1,0.000249786,positive,7.542572,14.107105
Test: Pos 686,O=C(NCCC1CCCCC1)Oc1cccc(-c2ccccc2)c1,0.00024961,positive,5.4119587,13.776365
Test: Pos 687,c1ccc(C2=NOCC2)cc1,0.000249325,positive,7.120686,14.007786
Test: Pos 688,O=C(c1cn(C2CCCC2)c(=O)c2[nH]c3ccccc3c12)N1CCN(c2ccccc2)CC1,0.000248209,positive,3.986542,16.444744
Test: Pos 689,O=C(Nc1cccnc1)C12CC3CCC1C3CO2,0.000245169,positive,6.3978896,13.03882
Test: Pos 690,O=c1ccc2ccc(OCc3cn(Cc4ccccc4)nn3)cc2o1,0.000244388,positive,4.363565,14.35952
Test: Pos 691,O=C(Nc1ccccc1)Nc1ncns1,0.000243203,positive,5.958538,12.488745
Test: Pos 692,O=C1CNC(c2ccccc2)c2ccccc2N1,0.000242977,positive,4.558626,15.502484
Test: Pos 693,O=C1C(=O)N(Cc2cccs2)c2ccccc21,0.000242642,positive,4.575454,15.287047
Test: Pos 694,O=C1C(=O)N(CCOc2ccccc2)c2ccccc21,0.000242226,positive,4.4715176,14.984613
Test: Pos 695,c1ccc(C(=NNc2nc3ccccc3s2)c2ccccn2)cc1,0.000241817,positive,6.2429295,14.37701
Test: Pos 696,O=C(NC1CNC1=O)OCc1ccc(-c2cocn2)cc1,0.000239993,positive,5.249026,17.264692
Test: Pos 697,O=C(NC1CCNCC1)c1ccc(-c2cccc(=O)[nH]2)nc1,0.000239569,positive,4.1431074,17.27739
Test: Pos 698,c1ccc(-c2ccncn2)cc1,0.00023877,positive,7.5850906,14.278243
Test: Pos 699,c1ccc(-c2ccno2)cc1,0.000236832,positive,7.250255,13.895914
Test: Pos 700,O=C(NCc1ccccc1)N1CCN(c2ccccn2)CC1,0.000236038,positive,4.450542,13.236397
Test: Pos 701,O=C(Nc1ccccc1)Nc1nc(CC2CCCCC2)cs1,0.000235143,positive,5.9485717,12.480196
Test: Pos 702,S=c1ssc2c1-c1ccccc1NC2,0.000234597,positive,5.1354704,16.058908
Test: Pos 703,c1ccc2c(-c3nc4ncccc4o3)cccc2c1,0.000234276,positive,6.817661,15.310572
Test: Pos 704,c1ccc(Nc2ncnc3[nH]ccc23)cc1,0.000233766,positive,6.651348,13.0328865
Test: Pos 705,O=C(CSc1nc(-c2ccccc2)nc2c1Cc1ccncc1O2)Nc1ccccc1,0.000231365,positive,6.2178054,12.942424
Test: Pos 706,C(C=C1Nc2ccccc2O1)=Nc1ccccc1,0.000227711,positive,5.046848,14.761556
Test: Pos 707,O=c1c2ccccc2[nH]c2ccccc12,0.000227423,positive,4.072259,16.474598
Test: Pos 708,N=C1CC(c2cccs2)c2occc(=O)c2O1,0.000227338,positive,6.5365815,16.122055
Test: Pos 709,O=C(Nc1nnc(SCc2ccccc2)s1)c1ccccc1,0.000226541,positive,5.9393325,12.893089
Test: Pos 710,O=C(Nc1c[nH]c(=O)[nH]c1=O)c1ccc2c(c1)C(=O)N(c1ccccc1)C2=O,0.000226059,positive,5.360435,14.188089
Test: Pos 711,c1ccc(Nc2ccnc3ccccc23)cc1,0.000225913,positive,5.954443,13.7642975
Test: Pos 712,O=C(NN=Cc1ccc2c(c1)OCO2)c1ccccc1,0.000224866,positive,3.4878716,13.711091
Test: Pos 713,O=C(NC1CNC1=O)OCc1cccc(C2CCCCC2)c1,0.000224336,positive,5.234745,17.270357
Test: Pos 714,O=c1[nH]ccn1CCc1cccc(OC2CC3CCC2C3)c1,0.000222143,positive,5.0170636,16.88552
Test: Pos 715,O=C1CC(c2ccc(OCc3ccccc3)cc2)C=C2SCN(Cc3ccco3)CN12,0.000220707,positive,5.0455127,14.221247
Test: Pos 716,O=C(Nc1cc2c(s1)CCC2)c1cc[nH]n1,0.000220124,positive,6.825044,16.140133
Test: Pos 717,O=C(NNC(=S)Nc1ccccc1)c1cn(-c2ccccn2)cn1,0.000218082,positive,5.933307,12.928565
Test: Pos 718,O=P(Nc1ccccc1)(Oc1ccccc1)Oc1ccccc1,0.000218023,positive,5.6397557,13.640732
Test: Pos 719,O=C(c1cccnc1)c1cc2cccnc2s1,0.000217918,positive,5.817223,15.221099
Test: Pos 720,O=C(NN=Cc1ccccc1)c1nnn(-c2cnon2)c1CN1CCCCC1,0.000215786,positive,3.1681106,13.9174795
Test: Pos 721,c1ccc(Cn2c(-c3cccnc3)nc3ccccc32)cc1,0.000214312,positive,5.148329,14.190394
Test: Pos 722,c1ccc(CNc2ccccn2)cc1,0.000213485,positive,5.1697254,13.859459
Test: Pos 723,O=C1CCC(C(=O)NCCc2c[nH]cn2)N1,0.00021345,positive,5.390424,16.60137
Test: Pos 724,O=C(Nc1ccc(N2CCOCC2)cc1)c1cc(-c2ccco2)nc2ccccc12,0.000211501,positive,7.539893,13.253956
Test: Pos 725,c1ccc2c(-c3ncc(N4CCCCC4)o3)cccc2c1,0.000209175,positive,6.9150968,15.308068
Test: Pos 726,C=C(C=NOCc1ccccc1)C(=O)Nc1ccccc1,0.000207969,positive,5.156635,13.280094
Test: Pos 727,O=S(=O)(c1ccccc1)c1cnc2ccccc2n1,0.00020779,positive,5.2875047,14.902712
Test: Pos 728,c1ccc2sc(Cc3ccnc(NCCN4CCOCC4)n3)nc2c1,0.000206149,positive,5.979402,14.732476
Test: Pos 729,O=C(Nc1cccc2nsnc12)c1conc1-c1ccccc1,0.000205543,positive,6.8942866,13.447898
Test: Pos 730,O=C(NCc1ccccc1)Oc1cccc(-c2ccccc2)c1,0.000205081,positive,5.0676494,13.462618
Test: Pos 731,O=C(c1ccc2ccccc2c1)N1CCN(c2ccccc2)CC1,0.000204036,positive,4.8093963,14.8198595
Test: Pos 732,c1ccc(Nc2ccccc2)cc1,0.000203401,positive,5.8964367,13.46137
Test: Pos 733,c1ccc(-c2cc3ccccc3[nH]2)cc1,0.000201644,positive,6.8393397,13.891754
Test: Pos 734,c1cncc(Oc2ccc(Nc3ncnc4[nH]ccc34)cc2)c1,0.000201196,positive,6.699096,12.99741
Test: Pos 735,c1ccc2c3c([nH]c2c1)CNCC3,0.00019976,positive,4.0150547,16.51621
Test: Pos 736,O=C1CCCCc2cc(Nc3cccc(NC(=O)C4CC4)c3)ccc21,0.0001956,positive,5.6342306,13.309757
Test: Pos 737,O=C(CNC(=O)c1c[nH]cn1)OCc1ccccc1,0.000195432,positive,5.1192393,13.7354355
Test: Pos 738,O=C(COC(=O)C1CC1)Nc1ccccc1,0.00019465,positive,5.269936,12.733692
Test: Pos 739,O=S(=O)(Nc1cccc(S(=O)(=O)Nc2ccccc2)c1)c1ccccc1,0.000193032,positive,5.7920113,12.037888
Test: Pos 740,O=C1NC(=Nc2cn[nH]c2)SC1=C1Nc2ccccc2S1,0.000188283,positive,4.715553,16.695805
Test: Pos 741,O=C1CCCC(=Nc2ccccc2)C1,0.000187814,positive,4.8023324,15.151409
Test: Pos 742,O=C(Nc1cc(=O)[nH]c(=O)[nH]1)c1ccccc1,0.000187444,positive,6.2836957,12.52097
Test: Pos 743,O=C(Nc1ccccc1)N1CCN(CC=Cc2ccccc2)CC1,0.000186926,positive,4.4958854,12.158485
Test: Pos 744,c1ccc2c(SCc3cn4cccnc4n3)ncnc2c1,0.000184163,positive,6.098858,14.796141
Test: Pos 745,O=C(Cc1ccccc1)Cc1nc2ccccc2s1,0.000183621,positive,5.8158813,14.2570715
Test: Pos 746,O=C(NCc1cn[nH]c1)c1cc(-c2ccccc2)nc2ccccc12,0.000183024,positive,7.823201,13.291395
Test: Pos 747,O=C1OC(Nc2nc(-c3ccccc3)cs2)c2ccccc21,0.000181451,positive,7.707946,14.178763
Test: Pos 748,O=C(C=C1Nc2ccccc2S1)C1CCC1,0.000181373,positive,5.547334,17.089024
Test: Pos 749,N=C1CC(Cc2ccccc2)c2c[nH]nc2O1,0.000180238,positive,4.919262,14.484919
Test: Pos 750,O=C(NCCc1cnn2ccccc12)c1cnc(Nc2ccccn2)nc1,0.000177571,positive,7.5352426,15.473355
Test: Pos 751,C=C1C(=O)OC2CC=C3CC(=O)CC3CC12,0.000177065,positive,6.282911,16.785667
Test: Pos 752,O=C(Nc1ccc(S(=O)(=O)N2CCOCC2)cc1)c1ccco1,0.000176481,positive,6.3131475,15.258081
Test: Pos 753,O=C(Nc1cccnc1)c1cc2ccccc2s1,0.00017339,positive,6.163835,12.87659
Test: Pos 754,O=C(NC(=S)Nc1cc(S(=O)(=O)N2CCOCC2)ccc1-n1cncn1)c1ccccc1,0.000172621,positive,5.244973,12.0438175
Test: Pos 755,c1ccc(Cn2c(CCc3ccc(-c4cccnn4)cc3)nc3ccccc32)cc1,0.000170882,positive,5.1596518,14.0748625
Test: Pos 756,O=C(NN=Cc1cn(Cc2ccccc2)c(=O)s1)c1ccco1,0.000165989,positive,4.756936,14.304837
Test: Pos 757,O=c1ccc2[nH+]ccc3c4ccccc4n1c23,0.000165612,positive,4.8946033,15.246194
Test: Pos 758,c1ccc(-c2ccncc2)cc1,0.000164527,positive,6.9250464,13.886636
Test: Pos 759,O=C(c1ccccc1)c1cc(-c2ccccc2)on1,0.000162679,positive,7.033301,13.736084
Test: Pos 760,C=c1sc(=Cc2ccc(Nc3ccccc3)cc2)c(=O)n1Cc1ccco1,0.000161764,positive,6.09643,13.457
Test: Pos 761,c1ccc(-c2nc3ccccc3o2)cc1,0.000161154,positive,7.028313,13.80714
Test: Pos 762,O=C(NC1CNC1=O)OCc1ccc(C2CCCCC2)cc1,0.000160132,positive,5.241387,17.296576
Test: Pos 763,O=C1Nc2ccc(NS(=O)(=O)c3ccccc3)c3cccc1c23,0.000157162,positive,5.0879908,15.597181
Test: Pos 764,c1ccc2c(c1)nc1cc3cc[nH]cc3cc12,0.000156307,positive,5.952398,14.548669
Test: Pos 765,O=S(=O)(CCSc1nc2ccccc2o1)c1nc2ccccc2s1,0.000155884,positive,6.2139263,15.266325
Test: Pos 766,S=C(Nc1ccccc1)N1N=CCC1c1ccccc1,0.0001519,positive,6.2224627,13.056819
Test: Pos 767,O=C(NN=Cc1cccs1)c1nnn(-c2cnon2)c1-c1ccccc1,0.000151694,positive,6.935267,13.824522
Test: Pos 768,C1=CC(Cc2ccccc2)NC1,0.00015156,positive,4.9255114,14.677529
Test: Pos 769,O=C1NC(=S)SC1=C1Nc2ccccc2S1,0.000149315,positive,4.6518226,16.60168
Test: Pos 770,O=C(CCC1CCC(Oc2ccccc2)CC1)N1CCCC1,0.000147925,positive,6.9227057,16.567102
Test: Pos 771,O=C(CN1C(=O)N=C(Cc2cccn2-c2ccccc2)C1=O)Nc1ccccc1,0.000147169,positive,5.159837,12.854309
Test: Pos 772,O=C1NC(c2ccncc2)Nc2ccccc21,0.000147158,positive,4.676577,15.845838
Test: Pos 773,O=S(=O)(NCc1csc(-c2ccccc2)n1)c1ccccc1,0.00014672,positive,7.380291,13.788022
Test: Pos 774,c1ccc(CNc2ncnc3[nH]cnc23)cc1,0.000145317,positive,5.1138506,13.865665
Test: Pos 775,O=C(Nc1ccc2c3c(cccc13)C(=O)N2)c1ccc(S(=O)(=O)N2CCOCC2)cc1,0.00014523,positive,5.3169036,15.71793
Test: Pos 776,O=C1NC(c2ccccc2)Nc2ccccc21,0.000145165,positive,4.702744,15.815659
Test: Pos 777,c1ccc(-n2ccc3ccccc32)cc1,0.000143931,positive,5.578496,14.611812
Test: Pos 778,c1ccc(Nc2c3c(nc4ncnn24)CCC3)cc1,0.000143587,positive,6.1465926,13.54476
Test: Pos 779,c1ccc(-c2cccc(-c3ccccn3)n2)nc1,0.000140461,positive,6.2643604,14.92439
Test: Pos 780,O=C(OCc1csc(-c2ccccc2)n1)c1cccs1,0.000140255,positive,7.399323,13.72471
Test: Pos 781,c1ccc2c(c1)Cc1ccccc1-2,0.000139782,positive,4.7624874,15.9271965
Test: Pos 782,O=C(CN1CCOCC1)N1CCC2CNc3ccc(-c4ccccc4)cc3C21,0.000138885,positive,6.7973266,13.780416
Test: Pos 783,O=C1N=CC(C(=O)OCc2ccccc2)C(c2ccccc2)N1,0.000138567,positive,5.0287147,14.00384
Test: Pos 784,O=C1C2CC3COc4ccccc4C3N2C(=O)N1c1ccccc1,0.000138311,positive,4.985802,15.285468
Test: Pos 785,O=C(NCc1ccccc1)c1cc(-c2ccccc2)on1,0.000136607,positive,7.0477037,13.63463
Test: Pos 786,O=C1NC2CC(c3ccccc3O2)C1C(=O)OCc1ccccc1,0.00013641,positive,5.1226854,14.1011505
Test: Pos 787,O=C1NC(c2ccccc2)Oc2ccccc21,0.000131726,positive,4.94586,15.955475
Test: Pos 788,O=c1[nH]ncn1-c1ccc(N2CCN(c3ccc(OCC4COC(Cn5cncn5)(c5ccccc5)O4)cc3)CC2)cc1,0.000131576,positive,5.492305,15.396635
Test: Pos 789,O=C1C=C(c2ccccc2)C(=O)N1Nc1ccccc1,0.000130984,positive,6.3354635,13.422046
Test: Pos 790,c1ccc(-n2ncc3c(N4CCCCC4)ncnc32)cc1,0.00013083,positive,5.723321,14.607324
Test: Pos 791,O=C(Nc1ccccc1)c1ccc2cc3c(nc2c1)CCCC3,0.000130811,positive,5.975867,12.743094
Test: Pos 792,O=C(Oc1csc2ccccc12)c1ccccc1,0.000130062,positive,5.588091,14.316031
Test: Pos 793,c1ccc(Nc2cccc3ccccc23)nc1,0.000128999,positive,6.6907444,15.190195
Test: Pos 794,O=C(c1ccccc1)c1nn(-c2ccccc2)c2nc(-c3ccccc3)cc(=O)n12,0.000128673,positive,7.585821,14.028828
Test: Pos 795,O=C(NC1CCNCC1)c1ccc2c(c1)N=Cc1ccccc1S2,0.000127761,positive,4.1686063,17.235605
Test: Pos 796,O=C(c1c[nH]c2ccc(S(=O)(=O)Nc3ccccc3)cc2c1=O)N1CCCCC1,0.000127278,positive,5.7470984,11.910622
Test: Pos 797,O=C(Nc1ccccc1)Nc1cccnc1,0.000125396,positive,6.0610366,12.5552
Test: Pos 798,c1ccc(C2=NN(c3ccccc3)C(c3ccccc3)C2)cc1,0.00012464,positive,6.9797125,13.883172
Test: Pos 799,C(#CC1CCC1)c1cc(-n2ccc3cncnc32)ccn1,0.000122723,positive,6.462896,17.37038
Test: Pos 800,S=C(Nc1ccccn1)Nc1ccc(-c2ccccc2)s1,0.000122546,positive,6.833375,12.725606
Test: Pos 801,O=C1NC2C(=O)NC3CCC=CC32c2cc3c(cc21)OCO3,0.000120759,positive,6.352473,16.053003
Test: Pos 802,c1ccc(COc2ccccn2)cc1,0.00011966,positive,4.9334455,13.980269
Test: Pos 803,c1csc(C2NCCc3ccccc32)c1,0.000119485,positive,4.7344317,16.133465
Test: Pos 804,O=S(=O)(NCCOc1ccccc1)c1ccc2c(c1)OCCO2,0.000117799,positive,5.2007227,13.947663
Test: Pos 805,O=C(c1ccccc1)c1ccc(Nc2ncnc3[nH]ccc23)cc1,0.000116483,positive,6.702666,12.993661
Test: Pos 806,c1ccc(-c2nnc3cnc4ccccc4n23)cc1,0.000115687,positive,7.4224076,13.942844
Test: Pos 807,c1cnccn1,0.000115552,positive,5.99209,15.4292965
Test: Pos 808,O=C1c2ccccc2NC(c2ccccc2)N1c1ccccc1,0.000113806,positive,4.709939,15.63727
Test: Pos 809,O=C(Nc1scnc1-c1cccs1)c1ccccc1,0.000110342,positive,6.354161,12.428283
Test: Pos 810,O=c1c(=Cc2ccc3c(c2)OCO3)sc2n1CCCN=2,0.000108386,positive,5.446478,16.590855
Test: Pos 811,O=C(Nc1ccccc1)c1ccc(=O)n(-c2ccccc2)n1,0.000108095,positive,5.6161156,12.630632
Test: Pos 812,N=c1ccc2c(=O)n3ccccc3nc2[nH]1,0.000107765,positive,7.0730267,15.626253
Test: Pos 813,O=C1C=C(N2CCOCC2)c2ccccc2C1=O,0.000107761,positive,4.7387743,15.839312
Test: Pos 814,O=C(NCCc1cc2ccccc2[nH]c1=O)C(=O)c1c[nH]c2ccccc12,0.00010608,positive,3.9389827,16.5471
Test: Pos 815,c1cnc(NCCNc2ncccn2)nc1,0.000104666,positive,6.852393,15.737012
Test: Pos 816,c1cc2c(cn1)CSCC2,0.000102827,positive,6.7788234,16.189495
Test: Pos 817,C(=Nc1ccccc1)N=c1nccc(N2CCCCC2)[nH]1,0.000102759,positive,5.268954,14.6251
Test: Pos 818,O=C(COc1ccccc1)Nc1ccc(C=NNC(=O)c2cccs2)cc1,0.000102119,positive,4.795788,12.182808
Test: Pos 819,O=C(COc1ccccc1)Cn1ccc2ccccc21,9.83e-05,positive,4.3909597,12.55627
Test: Pos 820,C1=NCC(Cc2ccccc2)N1CCc1ccccc1,9.78e-05,positive,4.673472,14.519213
Test: Pos 821,O=C1N=C(Cc2ccc(N3CCOCC3)o2)C(=O)N1c1ccccc1,9.77e-05,positive,4.8911996,14.939933
Test: Pos 822,O=C(NCCNC(=O)c1nc[nH]c1C(=O)Nc1ccccc1)c1nc[nH]c1C(=O)Nc1ccccc1,9.55e-05,positive,5.914515,12.79523
Test: Pos 823,c1ccc2[nH]c(Oc3ccc(OCCN4CCOCC4)cc3)nc2c1,9.45e-05,positive,5.512914,15.337802
Test: Pos 824,O=C(NCCCCCc1ccccc1)Oc1cccc(CNCCCCCOc2ccc3ccc(=O)oc3c2)c1,9.45e-05,positive,4.349929,14.129268
Test: Pos 825,O=C(Oc1cccc2cccnc12)c1ccco1,9.35e-05,positive,6.6864524,15.693012
Test: Pos 826,O=c1ccccc2cn(-c3ccccc3)cc12,9.14e-05,positive,5.599144,14.79319
Test: Pos 827,S=C(NCc1ccco1)Nc1ccccn1,9.08e-05,positive,6.9136796,12.698282
Test: Pos 828,O=C(OCc1nc2ccccc2[nH]1)c1ccccc1,9e-05,positive,5.5545216,13.663623
Test: Pos 829,O=c1cccn[nH]1,8.99e-05,positive,5.004768,16.371284
Test: Pos 830,c1cc(CCn2ccnc2)cc(OCCC2Cc3ccccc3C2)c1,8.95e-05,positive,4.9926643,16.840166
Test: Pos 831,O=C(CN1CCN(S(=O)(=O)c2ccccc2)CC1)NCc1ccccc1,8.72e-05,positive,4.587499,13.257718
Test: Pos 832,N=C(N=CNCCCCCCN=CN=CNc1ccccc1)Nc1ccccc1,8.65e-05,positive,5.896422,13.146402
Test: Pos 833,C(#Cc1ccc(-n2ccc3cncnc32)cc1)Cc1nccs1,8.23e-05,positive,6.480188,17.40711
Test: Pos 834,O=c1scnc2sc3c(c12)CCCC3,8.09e-05,positive,5.4333262,16.782433
Test: Pos 835,c1ccc(Nc2ccnc(Nc3ccc(-c4ccsc4)nn3)n2)cc1,8.02e-05,positive,6.367063,13.664859
Test: Pos 836,O=C(COC(=O)c1ccc(S(=O)(=O)Nc2ccccc2)cc1)Nc1ccc2c(c1)oc1ccccc12,7.93e-05,positive,5.3079367,12.29458
Test: Pos 837,c1ccc(-c2nnc3cccnn23)cc1,7.89e-05,positive,7.179538,14.117967
Test: Pos 838,O=C(CNc1ncccn1)N1CCCCC1,7.85e-05,positive,6.866348,15.977455
Test: Pos 839,O=C(Cn1sc2ncccc2c1=O)N1CCC(Cc2ccccc2)CC1,7.63e-05,positive,3.531779,12.187839
Test: Pos 840,O=C1CCCC2=Nc3c(c(=O)nc4nc[nH]n34)C(c3ccccc3)C12,7.61e-05,positive,7.370651,14.652035
Test: Pos 841,O=C(Nc1ccc2c(c1)OCO2)c1n[nH]c(=O)c2ccccc12,7.52e-05,positive,6.142873,14.204769
Test: Pos 842,O=C(Nc1ccccc1)Nc1ccccn1,7.51e-05,positive,6.146663,12.563573
Test: Pos 843,O=C(Nc1ccccc1)c1cccc(N2C(=O)C=CC2=O)c1,7.32e-05,positive,5.770416,12.358839
Test: Pos 844,O=C(Nc1ccc2ccccc2n1)c1ccccc1,7.23e-05,positive,6.3289394,12.558905
Test: Pos 845,O=C(Nc1ccc2oc(-c3cccc4ccccc34)nc2c1)c1nc[nH]n1,7.21e-05,positive,6.817843,15.318981
Test: Pos 846,c1ccc(CCNCc2ccc(Oc3ccccc3)cc2)cc1,7.17e-05,positive,4.926316,13.722444
Test: Pos 847,O=C(OCC(=O)N1CCOCC1)c1ccc[nH]1,7.11e-05,positive,3.9944503,12.096765
Test: Pos 848,O=C(NC1CCNCC1)c1cc2c(-c3ccccc3)n[nH]c2s1,6.97e-05,positive,7.5216126,14.344611
Test: Pos 849,N=C(Cc1cccc2ccccc12)NOC(=O)c1ccco1,6.9e-05,positive,6.4450803,15.004156
Test: Pos 850,O=C(c1cccs1)N1CCN(CC=Cc2ccccc2)CC1,6.85e-05,positive,4.4280143,12.128492
Test: Pos 851,O=C(COC(=O)c1ccc2[nH]c3c(c2c1)CCCC3)Nc1ccccc1,6.77e-05,positive,5.132907,12.593451
Test: Pos 852,O=C(CCCC(=O)n1ncc2ccccc21)NCc1ccccc1,6.68e-05,positive,4.654362,13.579894
Test: Pos 853,O=C(CCc1ccccc1)NCC(=O)n1cccn1,6.46e-05,positive,4.373873,13.943781
Test: Pos 854,O=C(NN=Cc1sc(N2CCOCC2)nc1-c1ccccc1)c1cccc(S(=O)(=O)N2CCCC2)c1,6.44e-05,positive,3.7411864,13.4653225
Test: Pos 855,O=C(NCCC(c1ccccc1)c1ccccc1)c1cccnc1,6.42e-05,positive,4.836492,13.083008
Test: Pos 856,O=C(NC1CCCCC1)C(c1ccccc1)N(C(=O)c1cnccn1)c1ccccc1,6.33e-05,positive,7.6039057,14.422428
Test: Pos 857,O=C1OC(=O)C2C3CCC(O3)C12,6.32e-05,positive,5.9383974,17.073803
Test: Pos 858,O=C1c2ccccc2CN1CCNS(=O)(=O)c1ccccc1,6.3e-05,positive,4.654271,15.739514
Test: Pos 859,O=c1c2ccccc2sc2ccc(NCCC3CCCN3)cc12,6.22e-05,positive,4.2557974,16.714203
Test: Pos 860,O=C(CCS(=O)(=O)c1ccccc1)Nc1nnc(-c2ccccc2)o1,6.09e-05,positive,5.990703,13.502896
Test: Pos 861,O=C(NCc1ccccc1)N1CCCCC1,6.05e-05,positive,4.4548845,13.210563
Test: Pos 862,c1coc(CSCc2ccoc2)c1,6e-05,positive,5.87366,15.85391
Test: Pos 863,O=C1CCCn2nncc2COC(CNCc2ccccc2)CCN1,5.87e-05,positive,5.2153277,14.003422
Test: Pos 864,O=C1c2cccc3cccc(c23)C(=O)N1Cc1ccccc1,5.82e-05,positive,4.2720985,14.533958
Test: Pos 865,O=C(CCNc1ccccc1)c1ccccc1,5.72e-05,positive,5.521294,13.221464
Test: Pos 866,O=C(Nc1ccccc1)c1cnn2cccnc12,5.26e-05,positive,5.791741,12.954582
Test: Pos 867,O=C1NC(C(=O)NCc2ccccc2)C23C=CC(CC12)O3,5.2e-05,positive,4.675945,13.445337
Test: Pos 868,c1nc(NC2CCCCC2)c2ccsc2n1,5.05e-05,positive,6.6765776,16.466904
Test: Pos 869,O=C(Nc1nccs1)c1cc2sccc2n1Cc1ccccc1,4.88e-05,positive,4.6499214,14.020865
Test: Pos 870,S=C(Nc1ccccn1)NC1CCCC1,4.52e-05,positive,6.8374667,12.681985
Test: Pos 871,c1coc(-c2nc3cc4ccccc4cc3[nH]2)c1,4.5e-05,positive,7.1355515,14.858358
Test: Pos 872,O=C1Nc2ccccc2C12Nc1ccccc1-c1nc3ccccc3n12,4.26e-05,positive,4.8277254,16.340418
Test: Pos 873,O=C(Nc1nc2ccccc2s1)C1=CN=C2CCCC(=O)C2C1c1ccccc1,4.15e-05,positive,5.9618754,14.246699
Test: Pos 874,c1ccc2c(c1)[nH]c1c(N3CCCCC3)ncnc12,4.07e-05,positive,3.9625907,16.394173
Test: Pos 875,O=C(c1ccccc1)c1ccc2n1CCC2C(=O)Nc1ccccc1,4e-05,positive,5.679536,12.926702
Test: Pos 876,O=C(Nc1ccc2oc(-c3ccc4ccccc4c3)nc2c1)c1cccs1,3.98e-05,positive,7.1306844,14.620681
Test: Pos 877,c1ccc(-c2cnn3c(N4CCCCC4)ccnc23)cc1,3.57e-05,positive,7.5669336,14.045507
Test: Pos 878,O=C(NN=Cc1ccccc1)C1CC1,3.33e-05,positive,3.1676674,13.913383
Test: Pos 879,O=C(C#Cc1ccccc1)Nc1ccccc1,3.23e-05,positive,5.802794,13.002631
Test: Pos 880,c1ccc(-c2cnoc2-c2ccc(OCc3nc4ccccc4s3)cc2)cc1,3.23e-05,positive,7.539507,13.955296
Test: Pos 881,O=C(Cc1scnc1-c1ccccc1)NCC(=O)Nc1ccccc1,3.15e-05,positive,5.585497,12.901694
Test: Pos 882,N=c1[nH]c2nc3ccccn3c(=O)c2cc1S(=O)(=O)c1ccccc1,3.14e-05,positive,7.1395535,15.573771
Test: Pos 883,O=C(NCc1ccccc1)c1ccns1,3.13e-05,positive,4.8549285,13.359166
Test: Pos 884,O=c1cc[nH]c(-n2[nH]c3c(c2=O)CCCC3)n1,3.08e-05,positive,5.381744,16.901344
Test: Pos 885,O=C1Nc2ccccc2C12NCc1cn(-c3ccccc3)cc12,3.01e-05,positive,5.127482,15.009016
Test: Pos 886,O=C1c2cccc3cccc(c23)N1Cc1ccccc1,2.98e-05,positive,4.216179,14.47805
Test: Pos 887,O=C1c2ccccc2S(=O)(=O)c2cc(N3CCNCC3)ccc21,2.83e-05,positive,4.7734475,16.12514
Test: Pos 888,O=C(COc1ccc2c(-c3ccccc3)cc(=O)oc2c1)NCCc1c[nH]c2ccccc12,2.73e-05,positive,7.4829283,15.215519
Test: Pos 889,O=C(OCC(=O)N1CCCCC1)c1cc[nH]c1,2.67e-05,positive,3.991771,12.153442
Test: Pos 890,O=C(Cc1ccccc1)Nc1cccc(Nc2ccc3c(c2)CCCCC3=O)c1,2.62e-05,positive,5.652364,13.333873
Test: Pos 891,N=C1SCCS1,2.52e-05,positive,5.3692684,16.624166
Test: Pos 892,c1ccc2c(c1)ncn2-c1c2c(cc3nc4ccccc4n13)CCC2,2.41e-05,positive,6.2828856,15.876105
Test: Pos 893,O=C(COc1ccccc1)c1cc2ccccc2oc1=O,2.19e-05,positive,5.7754326,13.993158
Test: Pos 894,O=C(CC#Cc1cc(-n2ccc3cncnc32)ccn1)N1CCCC1,2.18e-05,positive,6.437806,17.371178
Test: Pos 895,O=C(c1ccccc1)c1cnc2cc3c(cc2c1S(=O)(=O)c1ccccc1)OCCO3,2.12e-05,positive,5.291172,14.388186
Test: Pos 896,O=C(CSc1nc2ccc(Nc3nc(N4CCOCC4)nc(N4CCOCC4)n3)cc2s1)Nc1ccccc1,1.98e-05,positive,5.390338,12.566998
Test: Pos 897,O=[PH]1C=C(c2ccccc2)OC(c2ccccc2)=C1,1.52e-05,positive,7.132913,13.740989
Test: Pos 898,O=C(CCc1ccc(OC2CCCCC2)cc1)N1CCCC1,1.5e-05,positive,6.868395,16.645576
Test: Pos 899,O=C1CC(c2ccccc2)CC(=O)C1C=NCCc1c[nH]c2ccccc12,1.24e-05,positive,4.0815277,16.439348
Test: Pos 900,O=C(Oc1ccccc1)c1ccc2nccnc2c1,1.13e-05,positive,6.224444,14.103844
Test: Pos 901,O=C1N=C(COC(=O)c2ccccn2)CCN1,1.09e-05,positive,4.9592605,16.48921
Test: Pos 902,O=C(NCC1SCc2c[nH]c(=O)n21)OCc1ccccc1,9.56e-06,positive,4.762552,13.996792
Test: Pos 903,O=C(Oc1ccccc1)c1cc2ccccc2o1,8.88e-06,positive,5.603309,13.860223
Test: Pos 904,c1ccc(C2c3cocc3Nc3cc4c(cc32)OCO4)cc1,6.47e-06,positive,6.4468822,14.6929035
Test: Pos 905,O=c1[nH]c(CN2CCc3ccccc32)nc2ccccc12,5.88e-06,positive,4.5327544,16.490597
Test: Pos 906,O=C(NCCCCCc1ccccc1)Oc1cccc(Cn2cc(COc3ccc4ccc(=O)oc4c3)nn2)c1,5.71e-06,positive,4.3723106,14.112766
Test: Pos 907,O=C(OCCN1C(=O)c2ccccc2C1=O)c1n[nH]c(=O)c2ccccc12,4.85e-06,positive,4.639862,16.304861
Test: Pos 908,O=C(CN1C(=O)NC(c2ccccc2)C1=O)Nc1ccccc1,4.69e-06,positive,5.1838484,12.76881
Test: Pos 909,O=C(Nc1ccccc1)c1cccc(NC(=O)c2ccco2)c1,1.32e-06,positive,5.9216914,12.542408
Test: Pos 910,c1ccc(-c2cnoc2-c2ccc(OCc3ccccn3)cc2)cc1,1.1e-06,positive,7.4805126,13.824311
