ID,scaffold_smiles,mean_shap,effect,cluster_id,is_centroid,global_rank_by_SHAP,cluster_rank_by_SHAP
Test: Pos 1,O=C1CC(c2ccccc2)Oc2cc(OC3OCCCC3OC3CCCCO3)ccc21,0.002881912,positive,865,True,1,1
Test: Pos 2,C(=Cc1cccc(OC2CCCCO2)c1)c1ccc(OC2CCCCO2)cc1,0.002645344,positive,864,True,2,1
Test: Pos 3,O=C(OC1CCCOC1Oc1c(-c2ccccc2)oc2ccccc2c1=O)c1ccccc1,0.002502431,positive,863,True,3,1
Test: Pos 4,O=C1CC2C(c3ccoc3)CC3OC32C2CCC3C4CCCC3(COC4)C12,0.002460456,positive,862,True,4,1
Test: Pos 5,C1=C2C(CCC3C2CC2OCC4CCCC3C42)C(c2ccoc2)C1,0.002343032,positive,861,True,5,1
Test: Pos 6,O=C(C=Cc1ccccc1)CC(CCc1ccccc1)OC1CCCCO1,0.002339807,positive,860,True,6,1
Test: Pos 7,O=c1cc(-c2ccccc2)oc2cc(OC3CCCC(COC4CCCCO4)O3)ccc12,0.002273505,positive,859,True,7,1
Test: Pos 8,O=C1C=C(C2CCC3C2CCC2C4CCCCC4CCC23)CO1,0.00223175,positive,858,True,8,1
Test: Pos 9,O=C1C=C(C2CCC3C2CCC2C3CCC3CCCCC32C=NNC(=O)c2ccccc2)CO1,0.002212863,positive,857,True,9,1
Test: Pos 10,O=C1C2CCCC1C(=O)C(C(=O)c1ccccc1)C2=O,0.002176626,positive,856,True,10,1
Test: Pos 11,c1ccc2c(c1)Oc1cccc3c1C2OCC3,0.002101264,positive,855,True,11,1
Test: Pos 12,O=c1ccc(C2CCC3C2CCC2C4CCCCC4CCC23)co1,0.002091699,positive,854,True,12,1
Test: Pos 13,c1ccc(C2Cc3cc4c(cc3O2)CCc2ccccc2-4)cc1,0.002087999,positive,853,True,13,1
Test: Pos 14,C=C1CCCCC2CC=CC12,0.002075815,positive,852,True,14,1
Test: Pos 15,C1=CC2c3ccccc3CCC2(C=Cc2ccccc2)CC1,0.002045683,positive,851,True,15,1
Test: Pos 16,O=c1cc(-c2cccc3c2OCC=C3)oc2ccccc12,0.002032185,positive,850,True,16,1
Test: Pos 17,C1CC2=C3CCC4CCCCC4C3CCC2C1,0.002030555,positive,849,True,17,1
Test: Pos 18,O=C1CCC23Oc4cccc5c4C(Oc4cccc1c42)(O3)C1OC1C5,0.00201807,positive,848,True,18,1
Test: Pos 19,O=C(NN=Cc1ccccc1)c1ccc(-c2ccccc2)cc1,0.002001815,positive,847,True,19,1
Test: Pos 20,O=C(C=Cc1ccc(-c2ccccc2)o1)Nc1ncc(Cc2ccccc2)s1,0.001999342,positive,846,True,20,1
Test: Pos 21,O=C1CCC23CC24CCC2C(C5COCC6OCOC6C5)CCC2C4CCC3C1,0.001999175,positive,845,True,21,1
Test: Pos 22,O=C1C=C2C(C1)OC1C2CC2CCCC3C(=O)OC1C23,0.001979818,positive,844,True,22,1
Test: Pos 23,O=C1OCC=C1C1C=C2C(C1)OC1C2CC2CCCC3C(=O)OC1C23,0.001932661,positive,843,True,23,1
Test: Pos 24,C1=C2C3CCCCC3CCC2C2CCC3CC(OC4OCCCC4OC4CC(OC5CCCCO5)CCO4)CCC3C2C1,0.001919445,positive,842,True,24,1
Test: Pos 25,O=c1c(OC2CCCC(COC3CCCCO3)O2)c(-c2ccccc2)oc2ccccc12,0.001915678,positive,841,True,25,1
Test: Pos 26,O=C1C=CC2C(CCC3Oc4ccc5c(c4CC32)CCOC5=O)C1,0.001915337,positive,840,True,26,1
Test: Pos 27,O=C(Nc1ccnn1-c1cccnc1)NC1CCC(Oc2ccc3nnc(N4CCCCC4)n3c2)c2ccccc21,0.001914341,positive,4,False,27,1
Test: Pos 28,O=c1ccc2ccc(OCC=CCCC3CC4CCC3O4)cc2o1,0.001909439,positive,839,True,28,1
Test: Pos 29,O=C1CC2CCCCC2C2CCCCC12,0.00189127,positive,838,True,29,1
Test: Pos 30,O=C(CCc1ccccc1)c1ccc2c(c1)C=CCO2,0.001890698,positive,837,True,30,1
Test: Pos 31,C1=C2CCCCC2C2CCC3CCCC3C2=C1,0.001882209,positive,836,True,31,1
Test: Pos 32,C(=Nc1ccc2c3c(cccc13)CC2)c1ccccc1,0.0018772,positive,835,True,32,1
Test: Pos 33,O=C1C=CCC(C2OCC34CCC5C6C(=O)C=CC=C6CCC5C3CCC24)O1,0.001875179,positive,834,True,33,1
Test: Pos 34,O=C(C=CC=CC=CC=CC=CC=CC=CC=C=C1CCCCC1)CC12CCCCC1O2,0.001826952,positive,833,True,34,1
Test: Pos 35,C1CC2=C3CC4OC45CCCCC5C3CCC2C1,0.00182135,positive,832,True,35,1
Test: Pos 36,O=C(OC1CCCC2CC3OC4CC(c5ccoc5)C=C4C3CC21)c1ccccc1,0.001813175,positive,831,True,36,1
Test: Pos 37,O=C(C=Cc1ccc2occc2c1)c1ccccc1,0.001810179,positive,830,True,37,1
Test: Pos 38,O=C(C=Cc1ccccc1)OC1CCCCC1,0.001802992,positive,829,True,38,1
Test: Pos 39,O=c1c(-c2ccccc2)coc2cc(OC3CCCCO3)ccc12,0.001790368,positive,828,True,39,1
Test: Pos 40,O=C(NN=CC=Cc1ccco1)c1cc(-c2ccccc2)nc2ccccc12,0.001772062,positive,827,True,40,1
Test: Pos 41,N=C1C(=Cc2ccco2)C(=O)N=C2SC=CN12,0.001765476,positive,826,True,41,1
Test: Pos 42,C(=Cc1cccc2c1C(c1ccccc1)C(c1ccccc1)O2)c1ccc2c(c1)C(c1cccc3c1C(c1ccccc1)C(c1ccccc1)O3)C(c1ccccc1)O2,0.001761372,positive,825,True,42,1
Test: Pos 43,O=C(C=Cc1ccc(C=C2SC(=O)NC2=O)cc1)NCC1CC(NCc2ccccc2-c2ccccc2)CN1C(=O)c1ccccc1C(=O)c1ccccc1,0.001757209,positive,824,True,43,1
Test: Pos 44,O=c1c(-c2ccccc2)coc2cc3c(cc12)C=CCO3,0.001753698,positive,823,True,44,1
Test: Pos 45,O=C(C=Cc1ccccc1)c1ccc2c(c1)C=CCO2,0.001734071,positive,822,True,45,1
Test: Pos 46,O=C1C(=Cc2ccccc2)Oc2ccccc21,0.001721499,positive,821,True,46,1
Test: Pos 47,O=C1NC(=S)C(=Cc2ccccc2)S1,0.001699163,positive,820,True,47,1
Test: Pos 48,O=C(C=Cc1ccccc1)NC(=S)NNC(=O)C1CC1c1ccccc1,0.001698955,positive,819,True,48,1
Test: Pos 49,C1CCC2C(C1)CCC1C3CCCC3CCC21,0.00168917,positive,818,True,49,1
Test: Pos 50,O=C1CC2CCCC3CCC=C3C2O1,0.001682473,positive,817,True,50,1
Test: Pos 51,O=c1cc2occc3c(OC4CCCCO4)c(-c4ccccc4)oc(c1)c23,0.001682159,positive,816,True,51,1
Test: Pos 52,C=C1CCCC2CC3OC(=O)CC3CC12,0.00168161,positive,815,True,52,1
Test: Pos 53,O=C(C=Cc1ccccc1)c1ccc[nH]1,0.001679726,positive,814,True,53,1
Test: Pos 54,O=C(C=Cc1cn(-c2ccccc2)nc1-c1cccc(S(=O)(=O)N2CCOCC2)c1)NCc1ccco1,0.001677809,positive,813,True,54,1
Test: Pos 55,O=C1C=CC(=O)c2c1ccc1ccccc21,0.001664859,positive,812,True,55,1
Test: Pos 56,c1ccc(-c2ccc(OC3CCCC4CCCCC43)cc2)cc1,0.00165756,positive,811,True,56,1
Test: Pos 57,O=C1OC(C=Cc2cccc3ccc(=O)oc23)CC1Cc1ccccc1,0.001652844,positive,810,True,57,1
Test: Pos 58,c1ccc(Cc2cccc3c2OC(c2ccccc2)CC3)cc1,0.001652651,positive,809,True,58,1
Test: Pos 59,O=C(NC1CC1)c1cc2c(-c3ccco3)c3c(nc2s1)C(=Cc1ccco1)CC3,0.001649982,positive,35,False,59,1
Test: Pos 60,c1ccc(C(Cc2ccncn2)c2cccc(OC3CCCC3)c2)cc1,0.001639745,positive,808,True,60,1
Test: Pos 61,O=c1ccc2ccc(OCC3CCCC4CCCCC43)cc2o1,0.001638191,positive,807,True,61,1
Test: Pos 63,c1cc(-c2cn3c4nc(ncc24)NCCCCCCCCCCCCC3)ccc1CN1CCNCC1,0.00162398,positive,3,False,62,1
Test: Pos 62,c1cc(-c2cn3c4nc(ncc24)NCCCCCCCCCC3)ccc1CN1CCNCC1,0.00162398,positive,3,False,63,2
Test: Pos 64,O=C1C=C(C2C=C3C(C2)OC2C3CC3C(OC(=O)C=Cc4ccccc4)CCC4COC2C43)CO1,0.001620741,positive,806,True,64,1
Test: Pos 65,O=c1cc(-c2ccccc2)oc2c(C3CCCCO3)cc(C3CCCCO3)cc12,0.001615416,positive,805,True,65,1
Test: Pos 66,O=C1CCC23Oc4cccc5c4C(CCC5=O)(Oc4cccc1c42)O3,0.001607506,positive,804,True,66,1
Test: Pos 67,C1=CC2CCc3ccccc3C2CC1,0.00159311,positive,803,True,67,1
Test: Pos 68,O=C(CC1=CC(=Cc2ccccc2)c2ccccc21)NCCOc1ccccc1,0.001592374,positive,802,True,68,1
Test: Pos 69,C1=C2C3=CCC4CCCCC4C3CCC2CC1,0.001591779,positive,801,True,69,1
Test: Pos 70,C1=C2C(CCC3C2CCC2CCCCC23)C2CCCCC2C1,0.00157621,positive,800,True,70,1
Test: Pos 71,O=C1C=CCC(CC2=CCC3C2CCC2C3CCC3CCCC(=O)C32)O1,0.00157283,positive,799,True,71,1
Test: Pos 72,C1CCC2CCCCC2C1,0.001567211,positive,798,True,72,1
Test: Pos 73,O=c1ccc2cc3c(cc2o1)OCC(c1ccccc1)O3,0.00156691,positive,797,True,73,1
Test: Pos 74,O=C(c1ccccc1)N1CC2NC(C1)C2c1ccc(C=Cc2ccccc2)cc1,0.00156051,positive,796,True,74,1
Test: Pos 75,O=C(Nc1ccccc1)Nc1ccc2c(c1)C(=O)NCCC(CNCC1CCCCC1)OCCCCCO2,0.001546135,positive,795,True,75,1
Test: Pos 76,c1ccc2c(c1)CCC1C2CCC2CCCC21,0.001542401,positive,794,True,76,1
Test: Pos 77,O=C1C(=Cc2ccccc2)SC(=S)N1CCc1ccccc1,0.001535793,positive,793,True,77,1
Test: Pos 78,O=C(Nc1ccnn1-c1ccccc1)NC1CCC(Oc2ccc3nnc(N4CCCC4)n3c2)c2ccccc21,0.001520315,positive,4,False,78,2
Test: Pos 79,O=C(CCc1nccc2c1[nH]c1ccccc12)c1nccc2c1[nH]c1ccccc12,0.001519297,positive,792,True,79,1
Test: Pos 80,C=C1CC23CCC4CCCCC4C2CCC1C3,0.001518929,positive,791,True,80,1
Test: Pos 81,c1cc(CCc2cc[nH+]cc2)cc(OCC2CC2)c1,0.001505819,positive,790,True,81,1
Test: Pos 82,c1ccc(-c2ccccc2OC2CCCC3CCCCC32)cc1,0.00150229,positive,789,True,82,1
Test: Pos 83,O=C1C=C(CCC2CCCC3C2CCCC32CO2)CO1,0.001493758,positive,788,True,83,1
Test: Pos 84,O=C(C=Cc1ccc2c(c1)OCO2)c1ccc2c(c1)C=CCO2,0.001489937,positive,787,True,84,1
Test: Pos 85,O=C1CC2CCCCC2C2C(=O)C=C3C4CCCCC4CCC3C12,0.001486098,positive,786,True,85,1
Test: Pos 86,O=C(OCC12C(=O)OC3CCC1CC32OC1CCCCO1)c1ccccc1,0.001485164,positive,785,True,86,1
Test: Pos 87,O=C(C=Cc1ccccc1)Nc1ccccc1,0.001482913,positive,784,True,87,1
Test: Pos 88,O=C1C=CCC(CC2=CCC3C2CCC2C3CC3OC34CC=CC(=O)C24)O1,0.00147489,positive,783,True,88,1
Test: Pos 89,O=C1NC(=S)SC1=Cc1ccc(Nc2ccccc2)cc1,0.001471077,positive,782,True,89,1
Test: Pos 90,C1=CC23OOC14CCCCC4C2CCC1CCCC13,0.001463669,positive,781,True,90,1
Test: Pos 91,O=C(NCC1CCCO1)c1cc2c(-c3ccco3)c3c(nc2s1)C(=Cc1ccco1)CC3,0.00146329,positive,35,True,91,2
Test: Pos 92,C1=CC2=CC3CC4C(CC5CC6(CCCCN6)OC54)CC3C2CC1,0.001461465,positive,780,True,92,1
Test: Pos 93,O=C(OC(Cc1cc[nH+]cc1)c1cccc(OCC2CC2)c1)c1ccc(NS(=O)(=O)C2CC2)c(OCC2CC2)c1,0.00145923,positive,779,True,93,1
Test: Pos 94,O=C(CCN1C(=O)C(=Cc2ccccc2)SC1=S)Nc1ccccc1,0.001459191,positive,778,True,94,1
Test: Pos 95,O=C1C(=Cc2ccco2)SC(=S)N1N=Cc1ccccc1,0.001448027,positive,777,True,95,1
Test: Pos 96,C=C1C2CCCC2CCC23CCC(CCC12)C3,0.001431794,positive,776,True,96,1
Test: Pos 97,C=C1CCCC12CCC1CCCC=C12,0.001430921,positive,775,True,97,1
Test: Pos 98,c1ccc(-c2ccc(C3CNC3)cc2)cc1,0.0014163,positive,774,True,98,1
Test: Pos 99,O=C1CCCC1CCCCCCC(=O)N1CCCCC1,0.001399726,positive,773,True,99,1
Test: Pos 100,O=C(CN1C(=O)C(=Cc2ccccc2)SC1=S)Nc1ccccc1,0.00139676,positive,772,True,100,1
Test: Pos 101,O=C1C=CC2C(=CCC3C2CCC2C(OC(=O)c4ccco4)CCC23)C1,0.001387756,positive,771,True,101,1
Test: Pos 102,O=C1NC(=S)NC(=O)C1=Cc1cn(-c2ccccc2)nc1-c1ccccc1,0.001386046,positive,770,True,102,1
Test: Pos 103,c1cn(-c2ccc(Nc3nccc(-c4cc5c(o4)CCNC5)n3)cc2)cn1,0.001380204,positive,32,False,103,1
Test: Pos 104,O=C(C=Cc1ccccc1)OCc1ccccc1,0.001375906,positive,769,True,104,1
Test: Pos 105,c1ccc(CCc2ccccc2CC2c3cc4c(cc3OC2c2ccccc2)-c2ccccc2CC4)cc1,0.001361104,positive,768,True,105,1
Test: Pos 106,O=C(Nc1ccncc1)Nc1cc(-c2cccc(-c3cc(C(=O)NC4CC4)cc(C(=O)NC4CC4)c3)c2)n[nH]c1=O,0.001357625,positive,2,False,106,1
Test: Pos 107,O=S1(=O)CCCN1c1ccc(C(Cc2ccncc2)c2cccc(OC3CCCC3)c2)cc1,0.001353017,positive,767,True,107,1
Test: Pos 108,C(#Cc1c(-c2ccccc2)[nH]c2ccc(-c3cccc4[nH]ccc34)cc12)c1ccsc1,0.001347048,positive,766,True,108,1
Test: Pos 109,O=C1CCOc2ccoc(=O)c21,0.001342847,positive,765,True,109,1
Test: Pos 110,O=C(C=Cc1ccccc1)OCCc1cccc2ccc(=O)oc12,0.001340384,positive,764,True,110,1
Test: Pos 111,O=C(C=Cc1ccccc1)c1cccccc1=O,0.001339923,positive,763,True,111,1
Test: Pos 112,C1=Cc2ccc(-c3cc4ccccc4o3)cc2OC1,0.001337962,positive,762,True,112,1
Test: Pos 113,O=C(Cc1cn(C(=O)c2ccccc2)c2ccccc12)NCCOc1ccccc1,0.001337344,positive,761,True,113,1
Test: Pos 114,N=C1NC(=O)C(=Cc2ccccc2)S1,0.001334436,positive,760,True,114,1
Test: Pos 115,O=C(CCCN1C(=O)C(=Cc2cccs2)SC1=S)Nc1ccccc1,0.001328783,positive,759,True,115,1
Test: Pos 116,C(=NCCc1ccccc1)c1ccccc1,0.001316763,positive,758,True,116,1
Test: Pos 117,O=c1ccc2c3c(ccc2o1)C=CCO3,0.001316045,positive,757,True,117,1
Test: Pos 118,O=C1OCC=C1C1C=C2C(C1)OC1C2CC2C(OC(=O)c3ccccc3)CCC3COC1C32,0.001314123,positive,756,True,118,1
Test: Pos 119,O=C1C=C2OCCC2C(=O)C1,0.001313885,positive,755,True,119,1
Test: Pos 120,c1ccc(-c2nc(-c3ccccc3)c(-c3cccs3)[nH]2)cc1,0.001308842,positive,754,True,120,1
Test: Pos 121,O=C(Nc1ccccc1)Nc1cccc(-c2ccc3ncncc3c2)c1,0.001307568,positive,753,True,121,1
Test: Pos 122,O=C1C=C2C3CCCCC3CCC2C2CCC3CCCCC3C12,0.001305835,positive,752,True,122,1
Test: Pos 123,O=C(C1CCC1)N1CC(c2ccc(C#Cc3ccccc3)cc2)C1,0.001301245,positive,751,True,123,1
Test: Pos 124,c1ccc(Sc2nc3ccccc3s2)cc1,0.001291872,positive,750,True,124,1
Test: Pos 125,O=C(Cc1ccccc1)OC1CCC2C(=O)C=CC3CC3CCC=CC12,0.001287086,positive,749,True,125,1
Test: Pos 126,O=C1NC(=O)N(c2ccccc2)C(=O)C1=CC=Cc1ccccc1,0.001285481,positive,748,True,126,1
Test: Pos 127,O=C1C2CC=CCC2C(c2ccccc2)=NN1Cc1ccc(CN2CCC3(CC2)OCCO3)cc1,0.001283233,positive,1,False,127,1
Test: Pos 128,C(=NNc1ccccc1)c1ccc2c(c1)OCO2,0.001278963,positive,747,True,128,1
Test: Pos 129,O=C1CC(c2ccccc2)Oc2cc3c(cc21)C=CCO3,0.001277191,positive,746,True,129,1
Test: Pos 130,O=C1OC(C2=CCOC2=O)CC1=CC1OC2CCC=C3C(=O)OC1C32,0.0012715,positive,31,False,130,1
Test: Pos 131,O=C(Nc1nc(-c2cccs2)cs1)c1ccco1,0.001270645,positive,745,True,131,1
Test: Pos 132,N=C1C(=Cc2ccc(OC(=O)c3ccco3)cc2)C(=O)N=C2SC=NN12,0.001268285,positive,744,True,132,1
Test: Pos 133,C(=Nc1ccc2[nH]c(-c3ccccc3)nc2c1)c1ccccc1,0.001256797,positive,743,True,133,1
Test: Pos 134,O=C1C=C2CCCC3CCC(C=C2O1)O3,0.001247931,positive,742,True,134,1
Test: Pos 135,O=C(Nc1ccnn1-c1ccccc1)NC1CCC(Oc2ccc3nnc(N4CCOCC4)n3c2)c2ccccc21,0.001242491,positive,4,True,135,3
Test: Pos 136,O=C(Nc1ccncc1)Nc1cc(-c2cccc(-c3cc(C(=O)NC4CC4)cc(C(=O)NC4CCN(Cc5ccccc5)CC4)c3)c2)n[nH]c1=O,0.001240975,positive,2,False,136,2
Test: Pos 137,O=C(Nc1ccccc1)N1CC(c2ccc(C#CC3CCCC3)cc2)C1,0.00123358,positive,741,True,137,1
Test: Pos 138,O=C1CCCCCn2cc(-c3ccc(CN4CCNCC4)cc3)c3cnc(nc32)NCCCCCCN1,0.001230707,positive,3,True,138,3
Test: Pos 139,O=C1NC(=S)NC(=O)C1=Cc1cccs1,0.001229511,positive,740,True,139,1
Test: Pos 140,O=C(Nc1ccc(-c2nc3ncccc3o2)cc1)c1ccco1,0.00122375,positive,739,True,140,1
Test: Pos 141,O=C1NC(=S)SC1=Cc1ccccc1,0.001219962,positive,738,True,141,1
Test: Pos 142,c1ccc(N=Nc2ccccc2)cc1,0.00121526,positive,737,True,142,1
Test: Pos 143,N=C1NC(=O)C(=Cc2c[nH]nc2-c2ccccc2)S1,0.0012133,positive,736,True,143,1
Test: Pos 144,O=C(C=Cc1cccc(COc2ccccc2)c1)Nc1cn[nH]c1,0.001208956,positive,735,True,144,1
Test: Pos 145,O=C1NC(=Nc2ccccc2)SC1=Cc1ccco1,0.001200842,positive,734,True,145,1
Test: Pos 146,O=C1CNC(=O)CNC(=O)CNC(=O)CNC(=O)CNC(=O)C2CCCN2C(=O)CNC(=O)C(CCc2ccccc2)NC(=O)CNC(=O)CNC(=O)C(Cc2ccccc2)NC(=O)CSCCN1,0.001200273,positive,26,False,146,1
Test: Pos 147,O=C(Cc1cccc(C(=O)c2ccccc2)c1)Nc1ccccc1,0.001199494,positive,733,True,147,1
Test: Pos 148,O=C(C=Cc1ccccc1)c1cccs1,0.001199028,positive,732,True,148,1
Test: Pos 149,O=C1C(=Cc2ccn(-c3ccccc3)c2)C(=O)c2ccccc21,0.001187594,positive,731,True,149,1
Test: Pos 150,O=C1CCCC1=Cc1ccccc1,0.001180776,positive,730,True,150,1
Test: Pos 151,O=c1c(=Cc2ccc(-c3ccccc3)o2)sc2nc3ccccc3n12,0.001177992,positive,729,True,151,1
Test: Pos 152,O=C1N=C(c2ccccc2)SC1=Cc1ccc2ccccc2c1,0.001176234,positive,728,True,152,1
Test: Pos 153,O=S(=O)(c1ccccc1)N1CC(c2ccccc2C2=CCCCC2)C1,0.001164213,positive,727,True,153,1
Test: Pos 154,O=C1c2ccc3c(c2OC2COc4ccccc4C12)C=CCO3,0.001164108,positive,726,True,154,1
Test: Pos 155,O=C(Cc1cn(C(=O)c2ccccc2)c2ccccc12)Nc1ccccc1,0.001156617,positive,725,True,155,1
Test: Pos 156,O=C(c1ccccc1)c1ccc(Sc2ccccc2)cc1,0.001155098,positive,724,True,156,1
Test: Pos 157,O=C1c2ccccc2C(=O)c2ccccc21,0.00115215,positive,723,True,157,1
Test: Pos 158,O=C1CCC2C3=CCC4CCCC4C3=CCC2C1,0.001151377,positive,722,True,158,1
Test: Pos 159,O=C(NN=Cc1cnn(-c2ccccc2)c1)c1cc[nH]n1,0.001150298,positive,721,True,159,1
Test: Pos 160,O=C(Nc1ccncc1)Nc1cc(-c2cccc(-c3cc(C(=O)NCCN4CCCCC4)cc(C(=O)NC4CC4)c3)c2)n[nH]c1=O,0.001144157,positive,2,True,160,3
Test: Pos 161,O=C1CCN(Cc2ccc(CN3N=C(c4ccccc4)C4CC=CCC4C3=O)cc2)CC1,0.001144102,positive,1,False,161,2
Test: Pos 162,c1ccc(Oc2cccc3cnccc23)cc1,0.001133333,positive,720,True,162,1
Test: Pos 163,C(=Cc1nc(-c2ccccn2)no1)c1ccccc1,0.001132366,positive,719,True,163,1
Test: Pos 164,S=C(Nc1ccccc1)Nc1nc(-c2ccccc2)cs1,0.001130838,positive,718,True,164,1
Test: Pos 165,O=C(Cc1ccccc1)Nc1ccc(Oc2cccnc2)cc1,0.001130127,positive,34,False,165,1
Test: Pos 166,C=C1CCC2C(CC3C(=O)OC4C5CC=CCC5CCC34)C(=O)OC2C2C(=C)CCC12,0.001124136,positive,717,True,166,1
Test: Pos 167,O=C1CCC2C(=CCC3C4CC(=O)CC4CCC23)C1,0.001123693,positive,716,True,167,1
Test: Pos 168,O=C1CC2=C(CO1)CC(=O)C1C(=C2)CC2C(=O)OC3OCC(=O)C1C32,0.001114173,positive,715,True,168,1
Test: Pos 169,O=C1C=CC2=C(C1)OC(c1ccccc1)CC2=O,0.001113863,positive,714,True,169,1
Test: Pos 170,O=c1oc2cc3c(cc2cc1-c1ccccc1)C=CCO3,0.001112161,positive,713,True,170,1
Test: Pos 171,O=C(COc1ccc2c(=O)cc(-c3ccccc3)oc2c1)c1ccccc1,0.001111301,positive,712,True,171,1
Test: Pos 172,O=C1C=CC2C(=CCC3C2CCC2C3CC3OC4(CCCC4)OC32)C1,0.001108367,positive,711,True,172,1
Test: Pos 173,O=C(Cc1ccccc1)Nc1ccc(Oc2cncnc2)cc1,0.001108213,positive,34,True,173,2
Test: Pos 174,O=C(NN=Cc1cc2ccccc2s1)c1ccccc1,0.001099081,positive,710,True,174,1
Test: Pos 175,O=C(C=Cc1ccccc1)N(c1ccccn1)C1CCCCC1,0.001094155,positive,709,True,175,1
Test: Pos 176,O=C(OC1Cc2ccccc2OC1c1ccccc1)c1ccccc1,0.001092051,positive,708,True,176,1
Test: Pos 177,O=C(Nc1ccncc1)Nc1cc(-c2cccc(-c3cccc(C(=O)NCCN4CCCCC4)c3)c2)n[nH]c1=O,0.001090912,positive,2,False,177,4
Test: Pos 178,O=C1N=C(c2ccccc2)SC1=Cc1ccccc1,0.001089931,positive,707,True,178,1
Test: Pos 179,O=C(Nc1ccc(C(Cc2ccncc2)c2cccc(OC3CCCC3)c2)cc1)N1CCCC1,0.00108812,positive,706,True,179,1
Test: Pos 180,O=S(=O)(c1ccccc1)N1CCCCN2CC(c3ccc(-c4ccccc4)cc3)C2C1,0.001088055,positive,705,True,180,1
Test: Pos 181,O=C1CC=C(C(=O)C=Cc2ccccc2)C(=O)C1,0.001083387,positive,704,True,181,1
Test: Pos 182,C(=NNc1nc(N2CCCC2)nc(N2CCCC2)n1)c1ccc(-c2ccccc2)o1,0.001081033,positive,703,True,182,1
Test: Pos 183,O=c1c2cnc(Nc3ccc(OCCN4CCNCC4)cc3)nc2n2c3ccccc3nc2n1-c1ccccc1,0.001076905,positive,29,False,183,1
Test: Pos 184,c1ccc(C(Cc2cnc[nH]2)c2cccc(OC3CCCC3)c2)cc1,0.001076024,positive,702,True,184,1
Test: Pos 185,O=C(NN=CC=Cc1ccco1)c1cc[nH]n1,0.001074533,positive,701,True,185,1
Test: Pos 186,O=C1CCCCN1C1CCN(CCOc2ccc(Oc3nc4ccccc4s3)cc2)CC1,0.00107371,positive,33,False,186,1
Test: Pos 187,c1cncc(-c2cn3c4nc(ncc24)NCCCCCCCCCCCC3)c1,0.001069001,positive,700,True,187,1
Test: Pos 188,O=C1C=CC(=O)c2c1ccc1c2[nH]c2ccccc21,0.001067879,positive,699,True,188,1
Test: Pos 189,O=C1NC(=O)C(=Cc2cn(-c3ccccc3)nc2-c2ccc(OCc3ccccc3)cc2)C(=O)N1,0.001067816,positive,698,True,189,1
Test: Pos 190,O=C(C1CCCC1)N1CC2NC(C1)C2c1ccc(C=Cc2ccccc2)cc1,0.001065804,positive,697,True,190,1
Test: Pos 191,C(=Cc1ccccc1)C1=NCCO1,0.001064333,positive,696,True,191,1
Test: Pos 192,O=C1NCCc2ccccc21,0.001062451,positive,695,True,192,1
Test: Pos 193,c1cc(CCn2ccnc2)cc(OC2CCOC2)c1,0.001046416,positive,694,True,193,1
Test: Pos 194,O=C1C=C(C2CC3C(CCC4CCCCC43)O2)CO1,0.00104437,positive,693,True,194,1
Test: Pos 195,O=C(N1CCCCC1)n1cc(CCOc2ccccc2)c(=O)o1,0.001044045,positive,692,True,195,1
Test: Pos 196,O=C(NNC(=S)NC(=O)c1ccccc1)c1ccccc1,0.001043305,positive,691,True,196,1
Test: Pos 197,O=C(Cn1ncccc1=O)NCC(=O)Nc1ccccc1,0.001040391,positive,690,True,197,1
Test: Pos 198,O=C1CCCN1C1CCN(CCOc2ccc(Oc3nc4ccccc4s3)cc2)CC1,0.001038904,positive,33,True,198,2
Test: Pos 199,N=C1CCc2ccccc2C1=O,0.00103306,positive,689,True,199,1
Test: Pos 200,C(=NNc1nc(-c2ccccc2)nc2ccccc12)c1ccccc1,0.001029136,positive,688,True,200,1
Test: Pos 201,O=C(C=Cc1cccc2c1OCC2=O)OCCc1cccc2ccc(=O)oc12,0.001029127,positive,687,True,201,1
Test: Pos 202,O=C(NC(=S)NNC(=O)c1conc1-c1ccccc1)c1ccccc1,0.001028915,positive,686,True,202,1
Test: Pos 203,C=c1ccc(=c2[nH]oc(=O)c2=CC=Cc2ccccc2)cc1,0.001028687,positive,685,True,203,1
Test: Pos 204,O=C(C(=NN=Cc1ccccc1)c1ccccc1)c1ccccc1,0.001028576,positive,684,True,204,1
Test: Pos 205,O=c1ccc2ccc(OCC3CCC=C4CCCCC43)cc2o1,0.001021863,positive,683,True,205,1
Test: Pos 206,O=C1C2CC=CCC2C(c2ccccc2)=NN1Cc1ccc(Cn2ccnc2)cc1,0.001020733,positive,1,False,206,3
Test: Pos 207,O=C1NC(=O)N(c2ccccc2)C(=O)C1=Cc1ccc(Sc2ccccc2)o1,0.001017621,positive,682,True,207,1
Test: Pos 208,O=c1c(=Cc2ccccc2)sc2nc(-c3ccco3)nn12,0.001015132,positive,681,True,208,1
Test: Pos 209,O=C(NN=Cc1cccc(OS(=O)(=O)c2ccccc2)c1)c1ccc2ccccc2c1,0.001013859,positive,680,True,209,1
Test: Pos 210,c1cc(-c2cc3c(o2)CCNC3)nc(Nc2ccc(N3CCNCC3)cc2)n1,0.001013624,positive,32,True,210,2
Test: Pos 211,O=C1C=CCC2CCCC2C=CCCCCO1,0.001012374,positive,679,True,211,1
Test: Pos 212,O=C(C=Cc1ccccc1)CCc1ccccc1,0.001008239,positive,678,True,212,1
Test: Pos 213,c1cc(Nc2nc3ccccc3[nH]2)cc(-c2ccc3ncncc3c2)c1,0.001006787,positive,677,True,213,1
Test: Pos 214,O=C(Nc1ccc(N2CCCC2)cc1)c1ccco1,0.001005614,positive,27,False,214,1
Test: Pos 215,C(=NNc1ccncc1)c1ccccc1,0.001005084,positive,25,False,215,1
Test: Pos 216,O=C(N1CCCCC1)n1cc(S(=O)(=O)c2ccccc2)c(=O)o1,0.001004882,positive,676,True,216,1
Test: Pos 217,O=c1ccn(-c2ccc3c(c2)CCC3)c2nc(Nc3ccc(CN4CCNCC4)cc3)ncc12,0.001003564,positive,675,True,217,1
Test: Pos 218,C(=Cc1nc[nH]n1)c1ccccc1,0.001000572,positive,674,True,218,1
Test: Pos 219,O=C1NCCC12CCN(c1ccnc(Nc3ccc(N4CCNCC4)cc3)n1)CC2,0.000994523,positive,28,False,219,1
Test: Pos 220,O=C(NC1CCNC1=O)c1cnc2ccccc2c1,0.000990922,positive,673,True,220,1
Test: Pos 221,O=C1C=C(C2CC(=CC3OC4CCC=C5C(=O)OC3C54)C(=O)O2)CO1,0.000984223,positive,31,True,221,2
Test: Pos 222,O=C1CCC2C(=CC=C3C4CCCC4CCC32)C1,0.000984102,positive,672,True,222,1
Test: Pos 223,O=C(NC1CC1)c1ccc(=O)n(Cc2nccc3[nH]ccc23)c1,0.000983804,positive,671,True,223,1
Test: Pos 224,O=C1c2ccc3c(c2OC2COc4ccccc4C12)CCO3,0.000980558,positive,670,True,224,1
Test: Pos 225,O=C(Cc1ccccc1)OC1CCC2C(=O)CC=C3CC3CCC=CC12,0.000980069,positive,669,True,225,1
Test: Pos 226,C=c1[nH]c(=O)c(=Cc2ccc(-c3ccccc3)o2)s1,0.000979723,positive,668,True,226,1
Test: Pos 227,C(=Cc1ccc(-c2c[nH]c(-c3ccccc3)n2)cc1)c1ccccc1,0.000976257,positive,667,True,227,1
Test: Pos 228,O=C(C=Cc1ccccc1)NCc1cccnc1,0.00097465,positive,666,True,228,1
Test: Pos 229,c1ccc(Nc2ccncc2)cc1,0.000973585,positive,9,False,229,1
Test: Pos 230,C(=NCc1ccccc1)c1cc2ccccc2[nH]1,0.000973271,positive,665,True,230,1
Test: Pos 231,O=C(Nc1ccncc1)Nc1cc(-c2cccc(-c3cccc(C(=O)NCCN4CCOCC4)c3)c2)n[nH]c1=O,0.000964268,positive,30,True,231,1
Test: Pos 232,O=C(NCCc1ccccc1)C(Nc1ccccc1)c1cccs1,0.000963215,positive,664,True,232,1
Test: Pos 233,O=C1C=C2C=Cc3cccc4c3C2C(C1)O4,0.000961815,positive,663,True,233,1
Test: Pos 234,O=C1C=CC2(CCCC2)CC1,0.000961661,positive,662,True,234,1
Test: Pos 235,O=C1OCC2Cc3cc4c(cc3C(c3ccccc3)C12)OCO4,0.000960096,positive,661,True,235,1
Test: Pos 236,C1CC2CC3C(CCC24CCC1C4)CC1OC13,0.00095902,positive,660,True,236,1
Test: Pos 237,O=C(Cc1ccc(-c2ccccc2)cc1)NCCc1ccccc1,0.000958693,positive,659,True,237,1
Test: Pos 238,O=c1cc(-c2ccccc2)oc2c1ccc1occc12,0.000958596,positive,658,True,238,1
Test: Pos 239,O=C(Nc1cccc(CN2CCCNCC2)c1)c1ccc2c(c1)CN(c1cncnc1)CC2,0.000958565,positive,18,False,239,1
Test: Pos 240,O=C1CN(C(=O)Cn2ncccc2=O)c2ccccc2N1,0.000954496,positive,657,True,240,1
Test: Pos 241,O=C(CNc1ccccc1)NN=Cc1ccco1,0.000952697,positive,656,True,241,1
Test: Pos 242,C=C(Cc1ccc(-c2cncnc2)cc1)c1nc2ccccc2n1Cc1ccccc1,0.000952295,positive,655,True,242,1
Test: Pos 243,O=C(C=Cc1ccc(Sc2nnc[nH]2)cc1)c1ccccc1,0.000951636,positive,654,True,243,1
Test: Pos 244,O=C1NC(=O)C(=Cc2ccccc2OS(=O)(=O)c2ccccc2)S1,0.000950426,positive,653,True,244,1
Test: Pos 245,O=C1C(=NS(=O)(=O)c2ccccc2)C(n2cc[nH+]c2)=Cc2ccccc21,0.000948084,positive,652,True,245,1
Test: Pos 246,c1ccc(Cn2c3c(c4ccccc42)CCCC3)cc1,0.000941368,positive,651,True,246,1
Test: Pos 247,O=C1CC2=C3CCCCC3CCC2C2CCC3CCCCC3C12,0.000937943,positive,650,True,247,1
Test: Pos 248,C1=Nc2ccccc21,0.000937011,positive,649,True,248,1
Test: Pos 249,O=C1NC(=S)SC1=Cc1ccccc1Oc1ccccc1,0.000934482,positive,648,True,249,1
Test: Pos 250,O=C1C2CC=CCC2C(c2ccccc2)=NN1Cc1ccc(CN2CCCCC2)cc1,0.000933827,positive,1,True,250,4
Test: Pos 251,O=C(C=NC(=O)C1CC2(C=CC=CC2)ON1)CCNC(=O)C1=NOC2(C=CC=CC2)C1,0.000929468,positive,647,True,251,1
Test: Pos 252,O=C(NC1CCCCC1)n1ccc(=O)o1,0.000920847,positive,646,True,252,1
Test: Pos 253,C=C1CCC2CCCCC2C1=CC=C1COC(=O)C1,0.000913544,positive,645,True,253,1
Test: Pos 254,S=C(Nc1ccccc1)Nc1ccc(Oc2ccccc2)cc1,0.000911538,positive,644,True,254,1
Test: Pos 255,O=C(NN=Cc1ccccc1)c1cnon1,0.000911395,positive,643,True,255,1
Test: Pos 256,O=C(COC(=O)c1ccccc1)c1ccccc1,0.000911042,positive,642,True,256,1
Test: Pos 257,O=c1c2cnc(Nc3ccccc3)nc2n2c3ccccc3nc2n1-c1ccccc1,0.000906057,positive,29,True,257,2
Test: Pos 258,O=C(Nc1ccccc1)C1=CN=c2sc(=Cc3ccccc3)c(=O)n2C1c1ccco1,0.000903989,positive,641,True,258,1
Test: Pos 259,O=C1NCCC12CCN(c1ccnc(Nc3ccncc3)n1)CC2,0.000900448,positive,28,True,259,2
Test: Pos 260,O=C1C=CCCC1,0.000899714,positive,640,True,260,1
Test: Pos 261,c1ccc(C2NCCc3ccccc32)cc1,0.000898514,positive,639,True,261,1
Test: Pos 262,O=C(C=Cc1ccc2c(c1)OCO2)Nc1nc2ccccc2s1,0.000897582,positive,638,True,262,1
Test: Pos 263,c1ccc(-c2cccc3c2CCCC3)cc1,0.000897209,positive,637,True,263,1
Test: Pos 264,O=C1OCC(Cc2ccc3c(c2)CCO3)C1c1ccccc1,0.000893266,positive,636,True,264,1
Test: Pos 265,O=C(C=Cc1ccccc1)c1c[nH]c2ccccc2c1=O,0.000892736,positive,635,True,265,1
Test: Pos 266,O=C(NC1CCCC1)N1CC(c2ccccc2-c2ccccc2)C1,0.000892415,positive,634,True,266,1
Test: Pos 267,O=C(Cn1ncccc1=O)NCC1CCCCC1,0.000891581,positive,633,True,267,1
Test: Pos 268,O=c1[nH]ccn1CC1(c2cccc(OC3CCCC3)c2)CC1,0.000890699,positive,632,True,268,1
Test: Pos 269,O=C(N1CC=CC1)n1ccc(=O)o1,0.00088878,positive,631,True,269,1
Test: Pos 270,O=C(COC(=O)C=Cc1cn(-c2ccccc2)nc1-c1ccccc1)Nc1ccccc1,0.000886885,positive,630,True,270,1
Test: Pos 271,O=C1CCC(c2ccc(OCCCCn3nc(-c4cccn5nccc45)ccc3=O)cc2)=NN1,0.000886357,positive,629,True,271,1
Test: Pos 272,O=C1CC2=CC3CC4C(=O)OC5OCC(=O)C(C3C(=O)C=C2CO1)C54,0.00088501,positive,628,True,272,1
Test: Pos 273,O=c1c(C=Nc2ccc(Oc3ccccc3)cc2)c[nH]n1-c1ccccn1,0.000884951,positive,627,True,273,1
Test: Pos 274,O=c1cc[nH]c2c1sc1nc(-c3ccccc3)ccc12,0.000884327,positive,626,True,274,1
Test: Pos 275,O=C(NC1CC2(CCC2)C1)c1cnc2ccccc2c1,0.000883954,positive,0,False,275,1
Test: Pos 276,O=C1NCCC1C#Cc1cccc(-c2c[nH]c3cncnc23)c1,0.000879444,positive,625,True,276,1
Test: Pos 277,O=C(N1CCSCC1)n1ccc(=O)o1,0.000876003,positive,24,False,277,1
Test: Pos 278,C1=C2C3Cc4ccccc4C2(CCC1)CCN3,0.000872819,positive,624,True,278,1
Test: Pos 279,O=C(NCc1ccncn1)c1cnc2ccccc2c1,0.000871411,positive,623,True,279,1
Test: Pos 280,O=c1oc2ccccc2cc1-c1ccn(-c2ccccc2)n1,0.000870307,positive,622,True,280,1
Test: Pos 281,O=C(c1ccccc1)C1CCN(C(=O)n2ccc(=O)o2)CC1,0.000869767,positive,621,True,281,1
Test: Pos 282,c1ccc(CNc2ccc3c(c2)OCO3)cc1,0.000866042,positive,620,True,282,1
Test: Pos 283,C=C1CCC2CC(=O)CCC2C1COc1ccc2ccc(=O)oc2c1,0.000865646,positive,619,True,283,1
Test: Pos 284,O=C(NN=Cc1c[nH]c2ccccc12)c1ccc2ccccc2c1,0.000863249,positive,618,True,284,1
Test: Pos 285,O=C(Nc1ccccc1C(=O)c1ccccc1)c1ccccc1,0.000858614,positive,617,True,285,1
Test: Pos 286,O=c1cc(CCc2ccccc2)oc2c1C1CC(C2)Oc2cccc(CCc3coc4ccccc4c3=O)c21,0.000858402,positive,616,True,286,1
Test: Pos 287,c1ccc2c(c1)CC1COc3ccccc3C21,0.000857343,positive,615,True,287,1
Test: Pos 288,O=C1NN(c2ccccc2)C(=O)C1=Cc1ccccc1,0.000855626,positive,614,True,288,1
Test: Pos 289,O=C1CC(=O)CC(=O)C1,0.000854826,positive,613,True,289,1
Test: Pos 290,C=C1C(=O)OC2CC3CC3CC12,0.000853727,positive,612,True,290,1
Test: Pos 291,O=C(Nc1ccc(N2CCNCC2)cc1)c1ccco1,0.000852778,positive,27,True,291,2
Test: Pos 292,c1ccc(Nc2nccc(-c3ccncc3)n2)cc1,0.000851514,positive,22,False,292,1
Test: Pos 293,O=C1NCCCc2c1oc1ccccc21,0.000848426,positive,611,True,293,1
Test: Pos 294,O=C1CNC(=O)CNC(=O)CNC(=O)CNC(=O)CNC(=O)C2CCCN2C(=O)CNC(=O)C(Cc2cccc3ccccc23)NC(=O)CNC(=O)CNC(=O)C(Cc2ccccc2)NC(=O)CSCCN1,0.000845382,positive,26,True,294,2
Test: Pos 295,c1ccc2ncc(NCc3cccc4ccccc34)cc2c1,0.000844325,positive,610,True,295,1
Test: Pos 296,S=c1c2ccccc2[nH]c2ccccc12,0.000836847,positive,609,True,296,1
Test: Pos 297,O=C(NCCc1c[nH]c2ccccc12)c1cnc(Nc2cccc(=O)[nH]2)nc1,0.000836685,positive,16,False,297,1
Test: Pos 298,c1ccc(Cc2cc3ccc(-c4ccc(-c5ccccc5)cc4)cc3[nH]2)cc1,0.000836668,positive,21,False,298,1
Test: Pos 299,O=C(Cc1ccccc1Nc1ccccc1)NCCCOc1ccccc1,0.000836457,positive,23,False,299,1
Test: Pos 300,c1coc(-c2ccc3cc[nH]c3c2)c1,0.000835649,positive,608,True,300,1
Test: Pos 301,c1ccc(-c2ncc3c(ccc4ccccc43)n2)cc1,0.00083456,positive,607,True,301,1
Test: Pos 302,O=C1SC(=Cc2ccc(Oc3ccccc3)cc2)C(=O)N1c1cccc(OCCCCCN2CCNCC2)c1,0.000832708,positive,606,True,302,1
Test: Pos 303,C(=Cc1nc2ccccc2s1)c1ccc(-c2ccccc2)o1,0.00083253,positive,605,True,303,1
Test: Pos 304,O=C(Cc1ccccc1)Nc1ccc(Oc2cccc(-n3cnnc3)c2)cc1,0.00083203,positive,604,True,304,1
Test: Pos 305,O=C(Nc1nc(-c2cc3ccccc3o2)cs1)c1ccc(S(=O)(=O)N2CCOCC2)cc1,0.000831742,positive,603,True,305,1
Test: Pos 306,O=c1[nH]ccn1CCc1cccc(OC2CCCC2)c1,0.000829157,positive,602,True,306,1
Test: Pos 307,O=c1c(C=NOCc2ccccc2)c[nH]n1-c1ccccn1,0.000827996,positive,601,True,307,1
Test: Pos 308,O=c1cc(-c2ccccc2)c2ccc(OCc3ccccc3)cc2o1,0.000826359,positive,600,True,308,1
Test: Pos 309,C(=NNc1ccccc1)c1ccccc1,0.000826148,positive,25,True,309,2
Test: Pos 310,O=C1C2CCC=CC2C(c2ccoc2)N1Cc1ccccc1,0.000824219,positive,599,True,310,1
Test: Pos 311,O=C(NCCC1CCOCC1)c1ccc(=O)n(Cc2ccccc2)c1,0.000823827,positive,598,True,311,1
Test: Pos 312,N=C1C(=Cc2cnn(-c3ccccc3)c2)C(=O)N=C2SC=NN12,0.000820764,positive,597,True,312,1
Test: Pos 313,O=c1ccn(C2CCCCC2)c2nc(Nc3ccc(N4CCNCC4)cc3)ncc12,0.000820053,positive,19,False,313,1
Test: Pos 314,O=S(=O)(c1ccc(Sc2nnnn2-c2ccccc2)cc1)N1CCNCC1,0.000818878,positive,596,True,314,1
Test: Pos 315,O=C1CC(=O)c2cccc3cccc1c23,0.000818418,positive,595,True,315,1
Test: Pos 316,O=C(C=Cc1ccccc1)N1CCOCC1,0.000816693,positive,594,True,316,1
Test: Pos 317,O=C(Nc1cnc2ccccc2c1)C1CCN(S(=O)(=O)c2ccccc2)CC1,0.000814076,positive,593,True,317,1
Test: Pos 318,O=C(OC1C(=O)C=C2C=CN(c3ccccc3)C=C2C1=O)c1cnc2ccccc2n1,0.000810962,positive,592,True,318,1
Test: Pos 319,c1ccc2c(c1)[nH]c1cc3ccncc3cc12,0.000810617,positive,591,True,319,1
Test: Pos 320,C=C1C(=O)OC2CC3CCCCC3=CC12,0.00080576,positive,590,True,320,1
Test: Pos 321,O=C(N1CCCCC1)n1cc(C2CCS(=O)(=O)CC2)c(=O)o1,0.000803972,positive,589,True,321,1
Test: Pos 322,O=C(N=c1cc[nH]cc1)c1cccn2nccc12,0.000802757,positive,588,True,322,1
Test: Pos 323,c1ccc(CCNc2nccc(Cc3nc4ccccc4s3)n2)cc1,0.000798159,positive,587,True,323,1
Test: Pos 324,O=C1CC(=O)C2=C(C1)Oc1ccccc1C2c1ccccc1,0.000796647,positive,586,True,324,1
Test: Pos 325,O=C(Cn1ncccc1=O)Nc1cccc(S(=O)(=O)N2CCOCC2)c1,0.000785154,positive,585,True,325,1
Test: Pos 326,N=C1NC(=O)C(=Cc2cccs2)S1,0.000784866,positive,584,True,326,1
Test: Pos 327,O=C1CC(=O)C2=C(C1)OC1(CC2)CC2CC(C2)C1,0.000784475,positive,583,True,327,1
Test: Pos 328,O=C(NN=Cc1c[nH]c(=S)[nH]c1=O)c1ccccc1,0.000782428,positive,582,True,328,1
Test: Pos 329,O=c1ccc2ccc3c(c2o1)C=CCO3,0.000780315,positive,581,True,329,1
Test: Pos 330,O=c1c2ccccc2c(C=NNS(=O)(=O)c2ccccc2)cn1-c1ccccc1,0.000778952,positive,580,True,330,1
Test: Pos 331,O=C1NC(=Nc2ccccc2)SC1=Cc1cccs1,0.000778509,positive,579,True,331,1
Test: Pos 332,c1cc(Nc2nc(-c3ccc4c(c3)CCCC4)cs2)ncn1,0.000777998,positive,578,True,332,1
Test: Pos 333,O=C(CN1C(=O)SC(=Cc2cccn2-c2ccccc2)C1=O)Nc1ccccc1,0.000774212,positive,577,True,333,1
Test: Pos 334,O=C1C(=O)c2c(C(=O)c3ccccc3)coc2-c2ccccc21,0.00077395,positive,576,True,334,1
Test: Pos 335,O=C1CCc2ccc(OC3CCOCC3)cc21,0.000773924,positive,575,True,335,1
Test: Pos 336,O=C1N(c2ccccc2)CC2CC(c3cc4ccccc4o3)N3CCCC123,0.000773704,positive,574,True,336,1
Test: Pos 337,O=C(C=C=Nc1ccccc1)C(=O)N=C=Cc1ccccc1,0.00077145,positive,573,True,337,1
Test: Pos 338,O=C(Cc1csc(Nc2ccccc2)n1)NN=Cc1ccccc1,0.000770199,positive,572,True,338,1
Test: Pos 339,C(=Cc1ccno1)c1ccccn1,0.000764968,positive,571,True,339,1
Test: Pos 340,O=C(Nc1ccccc1)N(CCN1CCCCC1)c1ccc2ncsc2c1,0.000763879,positive,570,True,340,1
Test: Pos 341,c1ccc(-c2cc3ccc4ccccc4c3o2)cc1,0.000763345,positive,569,True,341,1
Test: Pos 342,O=C1NC(=O)C(=Cc2cn(-c3ccccc3)nc2-c2ccccc2)S1,0.000762751,positive,568,True,342,1
Test: Pos 343,c1ccc(-c2ccc3ncc(-c4ccccc4)n3c2)cc1,0.0007603,positive,567,True,343,1
Test: Pos 344,O=C(NNC(=S)NC(=O)c1ccco1)c1ccccc1,0.000760105,positive,566,True,344,1
Test: Pos 345,O=C(N1CCOCC1)n1ccc(=O)o1,0.000758494,positive,24,True,345,2
Test: Pos 346,O=C(C=Cc1ccccc1)c1cnc2ccccn12,0.000757952,positive,565,True,346,1
Test: Pos 347,O=C1OC2CC3CCCCC3=CC2C1CN1CCCCCC1,0.00075711,positive,564,True,347,1
Test: Pos 348,O=C(Nc1cc(-c2nc(OCC3CCN(Cc4ccccc4)CC3)cs2)ccn1)C1CC1,0.00075617,positive,20,False,348,1
Test: Pos 349,O=C1CC(c2ccccc2)Oc2c1ccc1c2C=CCO1,0.000753356,positive,563,True,349,1
Test: Pos 350,N=C1C(=Cc2cccn2Cc2ccccc2)C(=O)N=C2SC=CN12,0.000753111,positive,562,True,350,1
Test: Pos 351,c1ccc(CCN=c2cnn(-c3ccccc3)[nH]2)cc1,0.000753076,positive,561,True,351,1
Test: Pos 352,O=C1Nc2ccccc2C1=Cc1ccco1,0.000750914,positive,560,True,352,1
Test: Pos 353,O=C(Cc1ccccc1Nc1ccccc1)NCCCCOc1ccccc1,0.000749844,positive,23,True,353,2
Test: Pos 354,O=C(Nc1ccc2c(c1)OCO2)c1cc(-c2ccccc2)on1,0.000748774,positive,559,True,354,1
Test: Pos 355,O=C(Nc1cc2c(s1)CCCC2)c1ccco1,0.000747566,positive,558,True,355,1
Test: Pos 356,O=C(NC(=S)Nc1nc(-c2ccccc2)cs1)c1cccnc1,0.000746931,positive,557,True,356,1
Test: Pos 357,c1ccc(NC2CCCO2)cc1,0.000743013,positive,556,True,357,1
Test: Pos 358,O=C(Nc1cccc(-c2nc3ccccc3[nH]2)c1)c1ccccc1,0.000740959,positive,555,True,358,1
Test: Pos 359,C1=NCCc2ccccc21,0.000740684,positive,554,True,359,1
Test: Pos 360,O=C(C=NNc1ccccc1)c1ccccc1,0.000734849,positive,553,True,360,1
Test: Pos 361,O=C1Nc2ccccc2OC1=Cc1ccccc1,0.00073114,positive,552,True,361,1
Test: Pos 362,c1ccc(Nc2nccc(-c3ccccc3)n2)cc1,0.000730387,positive,22,True,362,2
Test: Pos 363,O=C(Nc1ccc(S(=O)(=O)Nc2ccccc2)cc1)c1ccc(-c2ccccc2)cc1,0.000729084,positive,551,True,363,1
Test: Pos 364,N=c1sccn1Cc1ccccc1,0.00072731,positive,550,True,364,1
Test: Pos 365,O=C(Oc1csc2c1c(=O)n(-c1ccccc1)c(=S)n2-c1ccccc1)c1ccccc1,0.000723698,positive,549,True,365,1
Test: Pos 366,c1ccc(Cc2cc3ccc(-c4ccccc4)cc3[nH]2)cc1,0.000722963,positive,21,True,366,2
Test: Pos 367,O=C(N1CCC(Cc2ccccc2)CC1)n1ccc(=O)o1,0.000721074,positive,548,True,367,1
Test: Pos 368,O=C(CC=Nc1ccccc1)c1ccc(Oc2ncccn2)cc1,0.000718894,positive,547,True,368,1
Test: Pos 369,O=C(NC(=S)NNC(=O)c1cccs1)c1ccco1,0.000718454,positive,546,True,369,1
Test: Pos 370,O=C(Nc1cccc(Nc2ccc3c(c2)OCc2ccccc2C3=O)c1)c1ccccc1,0.00071781,positive,545,True,370,1
Test: Pos 371,O=C(NCCc1c[nH]c2ccccc12)c1ccc(-c2ccccc2)cc1,0.000716881,positive,544,True,371,1
Test: Pos 372,c1ccc(-c2coc3ccccc23)cc1,0.000715532,positive,543,True,372,1
Test: Pos 373,O=C(Cc1ccc2occc2c1)c1ccccc1,0.000715261,positive,542,True,373,1
Test: Pos 374,c1ccc(-c2ccc(COC3CNC3)cc2)cc1,0.000714281,positive,12,False,374,1
Test: Pos 375,C(=NN=C1Nc2cccc3cccc1c23)c1ccccn1,0.000710969,positive,541,True,375,1
Test: Pos 376,O=C1CCCc2c1cnn2-c1cccc(NC2CCCCC2)c1,0.0007108,positive,540,True,376,1
Test: Pos 377,O=C1CC(=O)C2=C(C1)OCC2,0.000707493,positive,539,True,377,1
Test: Pos 378,O=C(Nc1ccccc1)N1Cc2[nH]c3ccccc3c2C2(CN(Cc3ccccc3)C2)C1,0.000707437,positive,538,True,378,1
Test: Pos 379,c1ncc2ccn(C3CCCO3)c2n1,0.000706397,positive,537,True,379,1
Test: Pos 380,O=C(Nc1cccs1)c1cc(-c2ccccc2)nc2ccccc12,0.000705479,positive,536,True,380,1
Test: Pos 381,c1ccc(-c2cn3ccncc3n2)cc1,0.000702049,positive,535,True,381,1
Test: Pos 382,O=C(Nc1ccccc1)c1cccc(-c2ccc3nc(NCCN4CCCC4)ncc3c2)c1,0.000701032,positive,534,True,382,1
Test: Pos 383,C1=CC2C3CCCC3CCC2C2Cc3cnn(-c4ccccc4)c3C=C12,0.000697295,positive,533,True,383,1
Test: Pos 384,c1ccc(-c2c3c(nc4sccc24)CCC3)cc1,0.000697025,positive,532,True,384,1
Test: Pos 385,O=C1NC(=S)SC1=CC=C1Cc2ccccc2N1,0.000693836,positive,531,True,385,1
Test: Pos 386,c1ccc(-c2c[nH]c3cncnc23)cc1,0.000690892,positive,530,True,386,1
Test: Pos 387,C(=NNc1nc(Nc2ccccc2)nc(N2CCCCC2)n1)c1ccc2c(c1)OCO2,0.000690486,positive,529,True,387,1
Test: Pos 388,O=C(N1CCN(Cc2ccccc2)CC1)n1ccc(=O)o1,0.000687067,positive,528,True,388,1
Test: Pos 389,O=C(c1ccc(-c2ccccc2)cc1)N1CCC12CNC2,0.000685151,positive,527,True,389,1
Test: Pos 390,O=C(CON=Cc1ccccc1)NCc1cccs1,0.000685122,positive,526,True,390,1
Test: Pos 391,O=C1CC(c2ccc3c(c2)OCO3)Oc2c1ccc1c2C=CCO1,0.000683099,positive,525,True,391,1
Test: Pos 392,O=c1c2ccccc2n(Cc2ccccc2)c(=O)n1CCc1ccccc1,0.000682546,positive,524,True,392,1
Test: Pos 393,c1cncc(-c2cccc3[nH]c4c(c23)CNCC4)c1,0.000682312,positive,523,True,393,1
Test: Pos 394,O=C(Cc1ccccc1)NNC(=S)NC(=O)c1cccs1,0.000677716,positive,522,True,394,1
Test: Pos 395,O=C(Nc1cccc(CN2CCNCC2)c1)c1cccc(C#Cc2ccc3ccnn3c2)c1,0.000676525,positive,521,True,395,1
Test: Pos 396,O=C(COC(=O)c1ccccc1)NCCCc1ccccc1,0.000675059,positive,520,True,396,1
Test: Pos 397,O=C1C2CC=CCC2C(c2ccccc2)=NN1CCOCCn1ccnc1,0.000673978,positive,519,True,397,1
Test: Pos 398,S=C(NCCC(c1ccccc1)c1ccccc1)Nc1ccccc1,0.000667219,positive,518,True,398,1
Test: Pos 399,c1ccc2sc(Oc3ccc(CCN4CCCCC4)cc3)nc2c1,0.000665531,positive,517,True,399,1
Test: Pos 400,O=C(NN=Cc1ccccc1)c1cncs1,0.000665276,positive,516,True,400,1
Test: Pos 401,C1=NNc2cccc3cccc1c23,0.000663724,positive,515,True,401,1
Test: Pos 402,O=c1[nH]c(=S)[nH]cc1C=Nc1ccc(N2CCOCC2)cc1,0.000662098,positive,514,True,402,1
Test: Pos 403,O=C(Nc1cc(-c2nc(OCCC3CCN(Cc4ccccc4)CC3)cs2)ccn1)C1CC1,0.000661917,positive,20,True,403,2
Test: Pos 404,O=C(Nc1ccccc1)c1cccc(S(=O)(=O)Nc2ccccc2)c1,0.000661529,positive,513,True,404,1
Test: Pos 405,O=C1C2CCC=CC2C(c2ccc3ccccc3c2-c2ccccc2)N1Cc1ccccc1,0.00066129,positive,512,True,405,1
Test: Pos 406,c1ccc(-c2cccc3ccccc23)cc1,0.000659783,positive,511,True,406,1
Test: Pos 407,O=C(Nc1ccccc1)Nc1ccc2c(c1)C1CC(CC(=O)N3CCc4ccccc4C3)OCC1O2,0.000658795,positive,510,True,407,1
Test: Pos 408,O=C(Cc1ccccc1)NCCOc1ccccc1,0.000657574,positive,509,True,408,1
Test: Pos 409,O=C1C(=Cc2ccccc2)CCc2ccccc21,0.000656848,positive,508,True,409,1
Test: Pos 410,O=C1CC(C=Cc2ccccc2)(C(=O)NC2CCCC2)N1c1ccccc1,0.000656312,positive,507,True,410,1
Test: Pos 411,c1ccc(-c2cc(C3CCCNC3)ccn2)c(OCC2CCCCC2)c1,0.000655548,positive,17,False,411,1
Test: Pos 412,O=c1ccn(C2CC3CCC2C3)c2nc(Nc3ccc(N4CCNCC4)cc3)ncc12,0.000654308,positive,19,True,412,2
Test: Pos 413,O=C(COc1ccc(C=NNC(=O)c2cc3ccccc3o2)cc1)Nc1ccccc1,0.000653995,positive,506,True,413,1
Test: Pos 414,O=C(Nc1cccc(CN2CCN(C3CCCCC3)CC2)c1)c1ccc2c(c1)CN(c1cncnc1)CC2,0.000652278,positive,18,True,414,2
Test: Pos 415,O=C1NC(=O)C(=Cc2ccc(N3CCCC3)cc2)S1,0.000650438,positive,505,True,415,1
Test: Pos 416,c1ccc(-c2cc(C3CCCNC3)ccn2)cc1,0.000649437,positive,504,True,416,1
Test: Pos 417,C=C1Oc2ccoc(=O)c2S1,0.000646848,positive,503,True,417,1
Test: Pos 418,O=c1nc2n(-c3ccccc3)c3ccccc3cc-2c(=O)[nH]1,0.000640418,positive,502,True,418,1
Test: Pos 419,O=C1c2ccccc2CCc2cc(Oc3ccccc3)ccc21,0.000640291,positive,501,True,419,1
Test: Pos 420,O=C1NC(=O)c2c1c1c3ccccc3[nH]c1c1[nH]c3ccccc3c21,0.000639112,positive,500,True,420,1
Test: Pos 421,O=C1C(=O)c2c(ccc3ccccc23)-c2occc21,0.000638715,positive,499,True,421,1
Test: Pos 422,c1ccc(-c2cc(C3CCCNC3)ccn2)c(OCC2CCC2)c1,0.000636351,positive,17,True,422,2
Test: Pos 423,O=C(Nc1ccccc1)c1ccnc(Nc2nc3ccccc3o2)n1,0.00063581,positive,498,True,423,1
Test: Pos 424,O=C(Nc1c[nH]c2ccccc12)c1cnc2ccccc2c1,0.000635247,positive,497,True,424,1
Test: Pos 425,O=C1C=CCC=C1,0.000633726,positive,496,True,425,1
Test: Pos 426,O=C(Nc1ccccn1)c1cc(-c2ccco2)nc2ccccc12,0.000633615,positive,495,True,426,1
Test: Pos 427,O=C1CCCC2CCC3Cc4ccoc4CC3C12,0.000633153,positive,494,True,427,1
Test: Pos 428,c1csc(-c2c3c(nc4sccc24)CCCCC3)c1,0.000631675,positive,493,True,428,1
Test: Pos 429,O=C1Sc2cccc3cccc1c23,0.00063063,positive,492,True,429,1
Test: Pos 430,O=c1cc[nH]c(=S)[nH]1,0.000629111,positive,491,True,430,1
Test: Pos 431,O=C(N=CNOCc1ccccc1)c1cccnc1Oc1ccccc1,0.000627148,positive,490,True,431,1
Test: Pos 432,O=C(c1cccs1)N1CCOCC1,0.000623553,positive,489,True,432,1
Test: Pos 433,c1ccc(Nc2nc(-c3ccncc3)nc3ccccc23)cc1,0.00062095,positive,488,True,433,1
Test: Pos 434,O=S(=O)(NCCN1CCOCC1)c1ccc(Sc2nnnn2-c2ccccc2)cc1,0.000619961,positive,487,True,434,1
Test: Pos 435,O=C1C=C2C=COC=C2C(=O)C1,0.000618928,positive,486,True,435,1
Test: Pos 436,O=C1CNC(=O)CNC(=O)CNC(=O)CNC(=O)CNC(=O)CNC(=O)CNC(=O)CNC(=O)CNC(=O)CNC(=O)C(Cc2ccccc2)NC(=O)CSCCN1,0.000618398,positive,15,False,436,1
Test: Pos 437,O=C(NCCc1c[nH]c2ccccc12)c1cnc(Nc2ccccn2)nc1,0.000618019,positive,16,True,437,2
Test: Pos 438,c1ccc2cc(Nc3ncncn3)ccc2c1,0.0006172,positive,485,True,438,1
Test: Pos 439,c1ccc(-n2cnc3ccccc32)nc1,0.000615501,positive,484,True,439,1
Test: Pos 440,O=C1Cc2ccccc2Sc2ccccc21,0.000615494,positive,483,True,440,1
Test: Pos 441,c1ccc2c(-c3cncc4ccccc34)cncc2c1,0.000615272,positive,482,True,441,1
Test: Pos 442,O=C1CCCCc2sccc2N1,0.000613599,positive,481,True,442,1
Test: Pos 443,c1ccc(CCc2ccccc2)cc1,0.00061352,positive,480,True,443,1
Test: Pos 444,c1ccc(Nc2ccnc(Nc3ccc(-c4ccsc4)cn3)n2)nc1,0.000612124,positive,479,True,444,1
Test: Pos 445,O=C(Nc1ccccc1)N1Cc2[nH]c3ccccc3c2C2(CCN(C(=O)c3ccc4c(c3)OCO4)CC2)C1,0.00061167,positive,478,True,445,1
Test: Pos 446,O=C(Nn1cnc2sc3c(c2c1=O)CCOC3)c1ccccc1,0.00061152,positive,477,True,446,1
Test: Pos 447,c1ccc(Cc2cc3ccc4ccccc4c3[nH]2)cc1,0.000611077,positive,476,True,447,1
Test: Pos 448,C(#Cc1ccc(-c2c[nH]c(-c3ccccc3)n2)cn1)c1ccccc1,0.000609966,positive,14,False,448,1
Test: Pos 449,O=C(Nc1ccccc1)Nc1ccccc1,0.000608809,positive,475,True,449,1
Test: Pos 450,O=C(c1ccc(S(=O)(=O)c2ccccc2)cc1)N1CCN(c2ccccn2)CC1,0.000607303,positive,474,True,450,1
Test: Pos 451,c1ccc(CCCCCCCc2ccccc2)cc1,0.000605475,positive,473,True,451,1
Test: Pos 452,c1ccc2c(Nc3ncncn3)cccc2c1,0.000602557,positive,472,True,452,1
Test: Pos 453,N=C(N=c1nccc[nH]1)Nc1ccc(OCc2ccccc2)cc1,0.000601183,positive,471,True,453,1
Test: Pos 454,O=C1c2ccccc2C(=O)c2occc21,0.000596441,positive,470,True,454,1
Test: Pos 455,O=C1NCNc2sc(-c3ccccc3)cc21,0.000594753,positive,469,True,455,1
Test: Pos 456,N=C1C(=O)N(Cc2ccccc2)c2ccccc21,0.000593296,positive,468,True,456,1
Test: Pos 457,C=C1OC(=O)c2ccccc21,0.000592918,positive,467,True,457,1
Test: Pos 458,O=C(COc1ccccc1)NNC(=S)NC(=O)c1ccco1,0.000590519,positive,466,True,458,1
Test: Pos 459,O=c1ccocc1,0.000590205,positive,465,True,459,1
Test: Pos 460,O=c1cc(N2CCOCC2)oc2c(-c3ccccc3)cccc12,0.000584992,positive,464,True,460,1
Test: Pos 461,O=C(NCc1ccccc1)N1CCC(Nc2ncccn2)CC1,0.000584449,positive,463,True,461,1
Test: Pos 462,O=C(Oc1ccccc1)N1CCOCC1,0.000582029,positive,462,True,462,1
Test: Pos 463,S=C(NN=C1CCc2ccccc21)NC1CCCCC1,0.000577376,positive,461,True,463,1
Test: Pos 464,C=C1CCC2C(CC3C(=O)OC4C=CCCC=CCCC43)C(=O)OC2C2C(=C)CCC12,0.000575384,positive,460,True,464,1
Test: Pos 465,O=C1Nc2cc(C(=O)N3CCC4(CC3)OCCO4)ccc2NC1CSCc1ccccc1,0.000570414,positive,459,True,465,1
Test: Pos 466,O=C1c2ccccc2S(=O)(=O)c2cc(C(=O)N(c3ccccn3)c3ccccn3)ccc21,0.000569319,positive,458,True,466,1
Test: Pos 467,O=C(c1ccccc1)c1cnc2oncc2c1,0.000568032,positive,457,True,467,1
Test: Pos 468,c1ccc(Cc2nc3cc(-c4ncon4)ccc3n2Cc2ccccc2)cc1,0.00056654,positive,456,True,468,1
Test: Pos 469,O=C(c1ccccc1)N1CCC23C1=NC=CC2Nc1ccccc13,0.000564287,positive,455,True,469,1
Test: Pos 470,C(=NNc1ccccc1)Oc1ccccc1,0.000563194,positive,454,True,470,1
Test: Pos 471,c1ccc(C2=NOC3(CCNC3)C2)cc1,0.000562951,positive,453,True,471,1
Test: Pos 472,C=c1cc2ccccc2c(-c2ccccc2)c1=C,0.000554142,positive,452,True,472,1
Test: Pos 473,O=C(COc1ccccc1)Cn1ncc2ccccc21,0.000553319,positive,451,True,473,1
Test: Pos 474,c1ccc(C2(OCc3ccc(-c4ccc5c(c4)OCCO5)cc3)CNC2)cc1,0.000549855,positive,450,True,474,1
Test: Pos 475,N=c1ccc(C(=O)c2ccccc2)co1,0.000549192,positive,449,True,475,1
Test: Pos 476,C(=Cc1ccccc1)C=Nn1cnnc1,0.000546436,positive,448,True,476,1
Test: Pos 477,c1cc(N2CCCCCC2)ncn1,0.000545447,positive,447,True,477,1
Test: Pos 478,C(=NNc1nc2ccccc2s1)c1ccncn1,0.000542071,positive,446,True,478,1
Test: Pos 479,c1ccc(Cc2cccc3ccccc23)cc1,0.000540105,positive,445,True,479,1
Test: Pos 480,O=C1C(C2C(=O)c3ccccc3C2=O)=Nc2ccccc21,0.000538529,positive,444,True,480,1
Test: Pos 481,c1ccc(-c2ccc3ncncc3c2)cc1,0.000538507,positive,443,True,481,1
Test: Pos 482,O=C(NCc1ccccc1)n1ccc(=O)o1,0.000537423,positive,442,True,482,1
Test: Pos 483,O=C1Nc2ccccc2C12CC1N=C(CCCC34ON3C3CC5(C(=O)Nc6ccccc65)C5CC4C3CO5)C3CC2OCC13,0.000533857,positive,441,True,483,1
Test: Pos 484,O=C(NC1CCCc2ccccc21)C1CCN(S(=O)(=O)c2ccccc2)CC1,0.000533579,positive,440,True,484,1
Test: Pos 485,O=C(Nc1nc(-c2ccccc2)cs1)c1ccn[nH]1,0.000532739,positive,439,True,485,1
Test: Pos 486,O=C(Nc1cc(CN2CCNCC2)cc(C2CC2)c1)c1ccc2c(c1)CN(c1cncnc1)CC2,0.000532107,positive,438,True,486,1
Test: Pos 487,O=C1NN(c2ccccc2)C(=O)C1=Cc1cccs1,0.000531111,positive,437,True,487,1
Test: Pos 488,O=C(N=Nc1c[nH]c2ccccc12)C(C=CCc1ccccc1)=NC(=O)c1ccccc1,0.000529485,positive,436,True,488,1
Test: Pos 489,O=C(Nc1ccc(-c2nc3ccccc3[nH]2)cc1)c1ccccc1,0.000527509,positive,435,True,489,1
Test: Pos 490,O=C1C2CCC=CC2C(c2ccc3ccccc3c2)N1Cc1ccccc1,0.000527102,positive,434,True,490,1
Test: Pos 491,O=C(NC(=S)Nc1ccc2c(c1)oc1ccccc12)c1ccccc1,0.000526558,positive,433,True,491,1
Test: Pos 492,O=C1C(=Cc2cccnc2)CNCC1=Cc1cccnc1,0.000524003,positive,432,True,492,1
Test: Pos 493,O=C1CNC(=O)CNC(=O)C(Cc2ccccc2)NC(=O)CNC(=O)CNC(=O)C(Cc2ccccc2)NC(=O)CSCCN1,0.000523568,positive,15,True,493,2
Test: Pos 494,O=C(NCCc1c[nH]c2ccccc12)c1ccc(-c2ccccc2)nc1,0.000523439,positive,431,True,494,1
Test: Pos 495,N=C(NOC(=O)c1ccccc1)c1ccccn1,0.000522168,positive,430,True,495,1
Test: Pos 496,O=C1c2ccccc2CCC1CNCCc1ccccc1,0.000520691,positive,429,True,496,1
Test: Pos 497,O=C(c1ccccc1)N1c2ccccc2Sc2ccccc21,0.00051887,positive,428,True,497,1
Test: Pos 498,O=C(NC1CCOCC1)c1cnc2ccccc2c1,0.000518187,positive,0,False,498,2
Test: Pos 499,C(=Nn1cnnc1)c1ccccc1,0.000517789,positive,427,True,499,1
Test: Pos 500,C=C1CCCC2Cc3occc3CC12,0.000517201,positive,426,True,500,1
Test: Pos 501,c1ccc(-c2ccc(NC3CCOCC3)cc2)cc1,0.000516863,positive,425,True,501,1
Test: Pos 502,O=C(NN=Cc1cccs1)c1ccon1,0.000516543,positive,424,True,502,1
Test: Pos 503,O=c1[nH][nH]cc1C=NCc1ccccc1,0.000515633,positive,423,True,503,1
Test: Pos 504,O=C(Nc1ccc(CN2CCNCC2)cc1)c1cccc(C#Cc2cncc3ccccc23)c1,0.000515602,positive,422,True,504,1
Test: Pos 505,O=C(Nc1ccc(N2CCCCC2)cc1)C1CCN(S(=O)(=O)c2ccccc2)CC1,0.000515223,positive,13,False,505,1
Test: Pos 506,O=P(NC(C=CCO[SiH](c1ccccc1)c1ccccc1)c1ccccc1)(c1ccccc1)c1ccccc1,0.000513865,positive,421,True,506,1
Test: Pos 507,O=C(CC1CCCC2(CCCC(Cc3nc4ccccc4o3)O2)O1)c1ccc[nH]1,0.000512064,positive,420,True,507,1
Test: Pos 508,C(#CC1CC1)c1ccc(-c2c[nH]c(-c3ccccc3)n2)cn1,0.000508809,positive,14,True,508,2
Test: Pos 509,O=C(Nc1ccc(-c2nc3ccccc3o2)cc1)c1ccc(N2CCOCC2)cc1,0.000508756,positive,419,True,509,1
Test: Pos 510,c1ccc(CSc2nc3ccccc3c3nccn23)cc1,0.000508133,positive,418,True,510,1
Test: Pos 511,O=[PH](OCC1CCC(n2cnc3cncnc32)O1)O[PH](=O)OCC1CCC([n+]2ccccc2)O1,0.000508019,positive,417,True,511,1
Test: Pos 512,O=C(CS(=O)(=O)c1ccccc1)Nc1nc(-c2ccccc2)cs1,0.00050801,positive,416,True,512,1
Test: Pos 513,O=C(NN=Cc1cnn(-c2ccccc2)c1)c1cc(-c2cccs2)n[nH]1,0.000505634,positive,415,True,513,1
Test: Pos 514,O=C(NCc1ccccc1)c1coc2c1C(=O)c1ccccc1C2=O,0.00050508,positive,414,True,514,1
Test: Pos 515,O=C(Nc1ccccc1)N1CCOC1,0.000504004,positive,413,True,515,1
Test: Pos 516,O=C(Nc1ccccc1)c1cc2c(-c3ccco3)c3c(nc2s1)CCCC3,0.000502921,positive,412,True,516,1
Test: Pos 517,O=C(NC1CCCC1)c1cnc2ccccc2c1,0.000500296,positive,0,True,517,3
Test: Pos 518,C(=[NH+]C1CCCCC1[NH+]=Cc1ccccc1)c1ccccc1,0.000500169,positive,411,True,518,1
Test: Pos 519,O=C(NC1NC(=O)N(c2ccccc2)C1=O)c1ccncc1,0.000499657,positive,410,True,519,1
Test: Pos 520,O=S(=O)(c1ccccc1)N1CCc2c([nH]c3ccccc23)C1,0.000498795,positive,409,True,520,1
Test: Pos 521,O=C(Nc1ccc(N2CCOCC2)cc1)C1CCN(S(=O)(=O)c2ccccc2)CC1,0.000497584,positive,13,True,521,2
Test: Pos 522,O=C(Nc1ccon1)c1cncs1,0.000496715,positive,408,True,522,1
Test: Pos 523,O=C1SC(=Cc2ccc(Oc3ccccc3)cc2)C(=O)N1c1ccc(OCCCN2CCNCC2)cc1,0.000495574,positive,407,True,523,1
Test: Pos 524,O=C(Nc1cccc(N2CCNCC2)c1)c1ccc2c(c1)CN(c1cncnc1)CC2,0.000492982,positive,406,True,524,1
Test: Pos 525,O=C(Nc1ccccc1)c1ccc2c(=O)c(S(=O)(=O)c3ccccc3)c[nH]c2c1,0.000491071,positive,405,True,525,1
Test: Pos 526,c1ccc(N=Nc2cccc3ncccc23)cc1,0.000489532,positive,404,True,526,1
Test: Pos 527,c1ccc(Cc2ccc3ccccn23)cc1,0.000488669,positive,403,True,527,1
Test: Pos 528,O=C(NC1CCNCC1)c1cnc2ccccc2c1,0.000488091,positive,0,False,528,4
Test: Pos 529,O=C(CNC(=O)CNC(=O)C1CSCC(=O)NC(Cc2ccccc2)C(=O)NCC(=O)NCC(=O)NC(Cc2ccccc2)C(=O)NCC(=O)NCC(=O)N1)NCC(=O)N1CCCC1,0.000484806,positive,402,True,529,1
Test: Pos 530,O=C(Nc1ccccc1)Nc1ccccc1Oc1ccccc1,0.000483671,positive,401,True,530,1
Test: Pos 531,O=C1c2ccccc2C(=O)N1CC(=O)N1CCCc2ccccc21,0.000483318,positive,400,True,531,1
Test: Pos 532,C=c1ccsc1=Cc1c[nH]n(-c2ccccc2)c1=O,0.000483101,positive,399,True,532,1
Test: Pos 533,C=C(c1ccccc1)C1C(=O)CCCC1=O,0.000482555,positive,398,True,533,1
Test: Pos 534,O=C(C=Cc1ccccc1)n1cnc2ccccc21,0.000479419,positive,397,True,534,1
Test: Pos 535,O=C1NCCc2c1ccc1ccccc21,0.000479402,positive,396,True,535,1
Test: Pos 536,c1ccc(-c2ccco2)cc1,0.000477532,positive,395,True,536,1
Test: Pos 537,c1ccc(CNc2nc(-c3ccccc3)nc3ccccc23)cc1,0.000475755,positive,11,False,537,1
Test: Pos 538,O=C(Nc1ccc2[nH]c(-c3ccco3)nc2c1)c1cccs1,0.000470518,positive,394,True,538,1
Test: Pos 539,O=C(NCCc1ccccc1)c1ccccc1,0.000470049,positive,393,True,539,1
Test: Pos 540,C(=[NH+]c1ccccc1)c1cccc2nsnc12,0.000469695,positive,392,True,540,1
Test: Pos 541,O=C(COc1ccccc1)NNC(=S)NC(=O)c1cccs1,0.000469287,positive,391,True,541,1
Test: Pos 542,C(=NNc1ncnc(N2CCCCC2)n1)c1ccccc1,0.000469151,positive,390,True,542,1
Test: Pos 543,c1ccc(-c2ccc(COC3CCNC3)cc2)cc1,0.000465065,positive,12,True,543,2
Test: Pos 544,O=C(Nc1cccc2ccccc12)N(CCN1CCOCC1)c1ccc2ncsc2c1,0.000461008,positive,389,True,544,1
Test: Pos 545,O=C(NC1CCOC1)c1cnc2ccccc2c1,0.000460957,positive,0,False,545,5
Test: Pos 546,C(=NNc1ccccc1)c1cnn(-c2ccccc2)c1,0.000459928,positive,388,True,546,1
Test: Pos 547,O=C(COc1ccccc1)NNC(=S)NC(=O)Cc1ccccc1,0.000459835,positive,387,True,547,1
Test: Pos 548,C(#Cc1ccc(-c2nc(-c3ccccc3)n[nH]2)cn1)c1ccccc1,0.000458527,positive,386,True,548,1
Test: Pos 549,O=C(Nc1ccccc1)c1cn(-c2ccccc2)nc1-c1ccccc1,0.000450738,positive,385,True,549,1
Test: Pos 550,c1cc(Nc2nc(C34CC5CC(CC(C5)C3)C4)cs2)ncn1,0.000450373,positive,384,True,550,1
Test: Pos 551,O=C(NCCC1=CCCCC1)c1cc(COc2ccccc2)on1,0.000446835,positive,383,True,551,1
Test: Pos 552,O=C1CCCC2=NC(Nc3nc4ccccc4o3)=NC3(CCCCC3)C12,0.000444955,positive,382,True,552,1
Test: Pos 553,N=c1[nH]c(-c2ccccc2)cs1,0.000444705,positive,381,True,553,1
Test: Pos 554,C1=CC2OC1c1cn(-c3ccccc3-c3ccccc3)cc12,0.000442909,positive,380,True,554,1
Test: Pos 555,O=C(NC1CCNCC1)c1ccc(Oc2ccccc2)nc1,0.000440224,positive,379,True,555,1
Test: Pos 556,O=C(c1ccc(S(=O)(=O)c2ccccc2)cc1)N1CCN(Cc2ccccc2)CC1,0.000439097,positive,378,True,556,1
Test: Pos 557,O=S(=O)(Cc1ccccc1)c1cc2cccnc2s1,0.000437034,positive,377,True,557,1
Test: Pos 558,O=S(=O)(NC1CNC1)c1ccc(-c2ccccc2)cc1,0.000433384,positive,376,True,558,1
Test: Pos 559,C(C=C1Cc2ccccc2N1)=Nc1ccc2ccccc2c1,0.000433225,positive,375,True,559,1
Test: Pos 560,c1ccc(-c2nc(SCc3nnc(-c4ccccc4)o3)c3ccccc3n2)cc1,0.000432021,positive,374,True,560,1
Test: Pos 561,O=C(COC(=O)c1ccccc1)Nc1ccccc1,0.000431965,positive,373,True,561,1
Test: Pos 562,O=C(Nc1cccc(-c2cc3ccccc3oc2=O)c1)c1ccco1,0.000431635,positive,372,True,562,1
Test: Pos 563,c1ccc(NC2CCNc3ccc(-c4ccc(CN5CCOCC5)cc4)cc32)cc1,0.000431286,positive,371,True,563,1
Test: Pos 564,O=c1[nH]c(=O)c2[nH]c(Cn3ncccc3=O)nc2[nH]1,0.000431126,positive,370,True,564,1
Test: Pos 565,O=C(NC1CCC1)C1CCN(S(=O)(=O)c2ccccc2)CC1,0.000430794,positive,369,True,565,1
Test: Pos 566,O=C(Cc1ccccc1)N1CCC(c2ccccc2)=N1,0.000430275,positive,368,True,566,1
Test: Pos 567,O=C(Nc1ccc2n[nH]cc2c1)c1coc(-c2ccncc2)n1,0.000429172,positive,367,True,567,1
Test: Pos 568,c1ccc([SH+]c2cccnc2)cc1,0.000427682,positive,366,True,568,1
Test: Pos 569,O=c1cc2[nH]ccc3c-2n(c1=O)c1ccccc31,0.000426544,positive,365,True,569,1
Test: Pos 570,O=C1C=CC2C(C1)C(=O)C(=O)C1C2CCC2C(c3ccoc3)CC3OC321,0.000425775,positive,364,True,570,1
Test: Pos 571,O=S(=O)(CCSc1nc2ccccc2s1)c1nc2ccccc2s1,0.000421462,positive,363,True,571,1
Test: Pos 572,O=c1cc[nH]c2nc(Nc3ccccc3)sc12,0.000418527,positive,362,True,572,1
Test: Pos 573,c1ncc2ncn(C3CCCO3)c2n1,0.000418389,positive,361,True,573,1
Test: Pos 574,c1ccc(CCNc2nc3c(-c4ccccc4)nnn3c3ccccc23)cc1,0.000417928,positive,360,True,574,1
Test: Pos 575,c1ccc(C2=Nn3c(nnc3-c3ccncc3)SC2)cc1,0.000417592,positive,359,True,575,1
Test: Pos 576,O=C(c1ccccc1)c1cnn(C(=O)Cc2cncs2)c1,0.000417558,positive,358,True,576,1
Test: Pos 577,O=C(c1ccccc1)N1CCN(c2nc3ccccc3s2)CC1,0.000417026,positive,357,True,577,1
Test: Pos 578,O=S(=O)(Nc1cc(Sc2cccc3cccnc23)cc2ccccc12)c1ccccc1,0.00041267,positive,356,True,578,1
Test: Pos 579,O=C(Oc1ccc2c(-c3ccccc3)cc(=O)oc2c1)c1cccs1,0.000411622,positive,355,True,579,1
Test: Pos 580,O=c1oc2ccccc2cc1S(=O)(=O)c1ccccc1,0.000410709,positive,354,True,580,1
Test: Pos 581,c1ccc(-c2nnc3n2N=C(c2cccc(OC4CCCC4)c2)CS3)cc1,0.000410652,positive,353,True,581,1
Test: Pos 582,O=C(COC(=O)CNC(=O)c1ccc(-c2ccccc2)cc1)Nc1ccccc1,0.000404474,positive,10,False,582,1
Test: Pos 583,O=C1NC(=O)N(c2ccccc2)C(=O)C1=Cc1c[nH]c2ccccc12,0.000404456,positive,352,True,583,1
Test: Pos 584,c1ccc2c(c1)CC1C3CCC(CN1C2)N3,0.000403847,positive,351,True,584,1
Test: Pos 585,O=C1C(=NCc2ccccc2)C(NCc2ccccc2)C(=O)c2ccccc21,0.000403821,positive,350,True,585,1
Test: Pos 586,c1ccc(C2OCC3C(c4ccccc4)OCC23)cc1,0.000399934,positive,349,True,586,1
Test: Pos 587,O=C(C#Cc1ccccc1)c1ccccc1,0.000398436,positive,348,True,587,1
Test: Pos 588,O=C1CCc2ccc(Sc3ccncc3)cc21,0.000394283,positive,347,True,588,1
Test: Pos 589,C(=NNc1ccc2ccccc2n1)c1ccccc1,0.000387525,positive,346,True,589,1
Test: Pos 590,c1ccc(-c2cc3c(cc2-c2ccccc2)OCO3)cc1,0.000386815,positive,345,True,590,1
Test: Pos 591,O=C1c2ccc(Oc3ccccc3)cc2CCc2ccc(OCCN3CCOCC3)cc21,0.000384133,positive,344,True,591,1
Test: Pos 592,O=C(Cc1ccncc1)c1ccccc1,0.000383477,positive,343,True,592,1
Test: Pos 593,c1nc(-c2cnn(C3CNC3)c2)c2cc[nH]c2n1,0.00038343,positive,342,True,593,1
Test: Pos 594,O=C(NCCCSc1ccccc1)c1ccccc1,0.000383294,positive,341,True,594,1
Test: Pos 595,O=C(C=Cc1ccccc1)C1CCc2ccccc2C1=O,0.000383179,positive,340,True,595,1
Test: Pos 596,c1ccc(-c2cc(-c3ccccn3)on2)cc1,0.000380686,positive,339,True,596,1
Test: Pos 597,O=c1ccoc2cc3occc3cc12,0.000379808,positive,338,True,597,1
Test: Pos 598,O=C1CCCCc2nc(Nc3ccsc3)ncc21,0.000378525,positive,337,True,598,1
Test: Pos 599,O=C1NC(c2ccc[nH]2)Nc2sc3c(c21)CCCC3,0.000377571,positive,336,True,599,1
Test: Pos 600,O=C(C=Cc1cn[nH]c1)c1ccccc1,0.000377318,positive,335,True,600,1
Test: Pos 601,O=C(Nc1ccccc1)Nc1nnc(-c2ccncc2)s1,0.000377264,positive,334,True,601,1
Test: Pos 602,O=S(=O)(c1cnoc1C=Cc1ccccc1)N1CCCCC1,0.000377091,positive,333,True,602,1
Test: Pos 603,c1ccc(-c2csc3ncncc23)cc1,0.000373898,positive,332,True,603,1
Test: Pos 604,c1ccc(CNc2nc(-c3cccnc3)nc3ccccc23)cc1,0.000373318,positive,11,True,604,2
Test: Pos 605,c1ccc(CNc2ccccc2)cc1,0.000365308,positive,331,True,605,1
Test: Pos 606,O=C(c1ccc(NS(=O)(=O)C=Cc2ccccc2)cc1)N1CCCCC1,0.000364918,positive,330,True,606,1
Test: Pos 607,O=C(Cc1c[nH]c2ccccc12)n1ncc2cc3ccccc3nc21,0.000364214,positive,329,True,607,1
Test: Pos 608,c1ccc(Nc2ccncn2)cc1,0.000361665,positive,328,True,608,1
Test: Pos 609,C(=Nc1ccccc1)c1ccccc1,0.000361559,positive,327,True,609,1
Test: Pos 610,c1ccc(-c2csc(Nc3ccnc(SCc4cccc5ccccc45)n3)n2)cc1,0.000361553,positive,326,True,610,1
Test: Pos 611,O=C(C=Cc1ccco1)Nc1ccccc1,0.000360297,positive,325,True,611,1
Test: Pos 612,c1ccc(-n2ccc3nc4ccccc4nc32)cc1,0.000359441,positive,324,True,612,1
Test: Pos 613,O=c1c2[nH]c3ccccc3c2[nH]c(=S)n1Cc1ccccc1,0.000357735,positive,323,True,613,1
Test: Pos 614,c1coc(-c2ccc3ccccc3n2)c1,0.000357454,positive,322,True,614,1
Test: Pos 615,O=c1nc(CN2CCc3ccccc32)[nH]c2ccccc12,0.000356268,positive,321,True,615,1
Test: Pos 616,c1ccc(N=c2cnss2)cc1,0.000355609,positive,320,True,616,1
Test: Pos 617,C(#CC1CCCCC1)c1c(-c2ccccc2)oc2ccc(-c3cccnc3)cc12,0.000355511,positive,319,True,617,1
Test: Pos 618,O=C(Nc1ccc2ncsc2c1)NC12CC3CC(CC(C3)C1)C2,0.000354609,positive,318,True,618,1
Test: Pos 619,O=C(CSc1ccc2ccccc2n1)Nc1ccccn1,0.000354381,positive,317,True,619,1
Test: Pos 620,O=C(Nc1ccc(Oc2ccccc2)cc1)c1ccccc1,0.000353388,positive,316,True,620,1
Test: Pos 621,c1csc(CNc2ncnc3ccc(-c4ccoc4)cc23)c1,0.00035237,positive,315,True,621,1
Test: Pos 622,O=C1Nc2ccccc2C1Nc1ccccc1,0.000350404,positive,314,True,622,1
Test: Pos 623,c1ccc(-c2nc(-c3cccnc3)c[nH]2)cc1,0.000346906,positive,313,True,623,1
Test: Pos 624,C=C(c1ccccc1)c1c[nH]c(=S)s1,0.000346413,positive,312,True,624,1
Test: Pos 625,O=c1nc(-c2ccn(-c3ccccc3)c2)[nH]c2ccccc12,0.000344454,positive,311,True,625,1
Test: Pos 626,O=C1CC(c2ccccc2)c2ccccc2N1,0.000341438,positive,310,True,626,1
Test: Pos 627,O=C(OCc1c(-c2ccccc2)n[nH]c1S(=O)(=O)c1ccccc1)c1ccccc1,0.000340545,positive,309,True,627,1
Test: Pos 628,O=c1c(Oc2ccccc2)coc2ccccc12,0.00033883,positive,308,True,628,1
Test: Pos 629,C=C1SCC(=O)N1CC(=O)c1ccc[nH]1,0.00033456,positive,307,True,629,1
Test: Pos 630,S=c1[nH]nc(C2CCCCC2)[nH]1,0.000333313,positive,306,True,630,1
Test: Pos 631,c1ccc(CSc2ncc3cc4c(nc3n2)CCCC4)cc1,0.000331873,positive,305,True,631,1
Test: Pos 632,O=C(Nc1ccccc1-n1cncn1)c1cn2ccccc2n1,0.000331666,positive,304,True,632,1
Test: Pos 633,S=C(Nc1ccccc1)Nc1ccc2c[nH]nc2c1,0.000330858,positive,303,True,633,1
Test: Pos 634,O=C(Nc1ccccc1)c1cc(-c2cccnc2)nc2ccccc12,0.000330426,positive,302,True,634,1
Test: Pos 635,N=C(NOC(=O)Cc1ccccc1)c1ccccn1,0.000325234,positive,301,True,635,1
Test: Pos 636,O=C(Nc1ccccc1)Nc1ccon1,0.000322951,positive,300,True,636,1
Test: Pos 637,O=C1C(=Cc2ccc(N3CCOCC3)o2)SC(=Nc2ccccc2)N1CCc1c[nH]c2ccccc12,0.000321157,positive,299,True,637,1
Test: Pos 638,O=C(Cc1ccc(Oc2nc3ccccc3s2)cc1)NCCc1ccccc1,0.000318662,positive,298,True,638,1
Test: Pos 639,O=C(Cc1nc(COC(=O)c2ccccc2)cs1)Nc1ccccc1,0.000317979,positive,297,True,639,1
Test: Pos 640,O=C(NC1CCCCC1)c1cccc2c1C(=O)c1ccc(-c3ccccc3)cc1S2(=O)=O,0.000315694,positive,296,True,640,1
Test: Pos 641,O=C(NCCC(c1ccccc1)c1ccccc1)c1ccccc1,0.000314497,positive,6,False,641,1
Test: Pos 642,O=C(C1CC1)N1CC2NC(C1)C2c1ccc(-c2ccncc2)cc1,0.00031401,positive,295,True,642,1
Test: Pos 643,c1ccc(NC2CCOCC2)cc1,0.000312083,positive,294,True,643,1
Test: Pos 644,O=C(COC(=O)CNC(=O)c1ccc(-c2ccccc2)cc1)NCc1ccccc1,0.000311949,positive,10,True,644,2
Test: Pos 645,O=C(Cn1ccc2ccccc21)N1CCOCC1,0.000311863,positive,293,True,645,1
Test: Pos 646,O=C(Oc1ccccc1C(=O)Nc1ccccc1)c1ccccc1,0.000311256,positive,292,True,646,1
Test: Pos 647,C=c1ccc2noc3c4ccccc4cc1c23,0.000311008,positive,291,True,647,1
Test: Pos 648,O=C(Nc1ccccc1)Nc1ccc2c(c1)CCC2,0.000309322,positive,290,True,648,1
Test: Pos 649,c1ccc(Cn2cccn2)cc1,0.000308869,positive,289,True,649,1
Test: Pos 650,c1cncc(-c2ccc3ncnc(NCc4ccc5c(c4)OCO5)c3c2)c1,0.000308002,positive,288,True,650,1
Test: Pos 651,O=C(CN1C(=O)NC2(CCc3ccccc32)C1=O)NC(=O)Nc1ccccc1,0.000307515,positive,287,True,651,1
Test: Pos 652,c1cncc(C2NCCO2)c1,0.000306761,positive,286,True,652,1
Test: Pos 653,c1ccc(-c2ccc(NC3CCNCC3)cc2)cc1,0.000306314,positive,285,True,653,1
Test: Pos 654,O=C(Nc1c[nH]n(-c2ccccc2)c1=O)c1cc(-c2ccccc2)nc2ccccc12,0.000303217,positive,284,True,654,1
Test: Pos 655,O=C(c1ccc2[nH]cnc2c1)c1cccs1,0.000300524,positive,283,True,655,1
Test: Pos 656,O=C(c1cc(-c2ccccc2)nc2ccccc12)N1CCNCC1,0.000298849,positive,282,True,656,1
Test: Pos 657,O=C(Nc1ccccc1)c1snc2c(=O)[nH]cnc12,0.000296342,positive,281,True,657,1
Test: Pos 658,O=C(Cc1ccccc1)NCCc1ccc(OCc2ccccc2)cc1,0.0002951,positive,280,True,658,1
Test: Pos 659,O=C(CS(=O)(=O)c1c[nH]c2ccccc12)Nc1ccccc1,0.00029376,positive,279,True,659,1
Test: Pos 660,O=c1[nH]cc(Cc2ccccc2)c(=O)[nH]1,0.000292908,positive,278,True,660,1
Test: Pos 661,c1ccc(Nc2ccnc(Nc3ccc(N4CCNCC4)cn3)n2)cc1,0.000292791,positive,277,True,661,1
Test: Pos 662,c1cnc(Nc2ncc3ccccc3n2)nc1,0.000291524,positive,276,True,662,1
Test: Pos 663,O=S1(=O)CC=C(CSC(=S)NC2CCS(=O)(=O)C2)C1,0.000291181,positive,275,True,663,1
Test: Pos 664,O=C(Nc1ccc2nc3n(c(=O)c2c1)CCCCC3)c1ccccc1,0.000289809,positive,274,True,664,1
Test: Pos 665,C(#Cc1cccc(-c2c[nH]c3cncnc23)c1)Cc1ccon1,0.000289652,positive,273,True,665,1
Test: Pos 666,O=c1cc(CN2CCN(CC=Cc3ccccc3)CC2)c2ccccc2o1,0.000285772,positive,272,True,666,1
Test: Pos 667,O=C1C(=O)N(CCCc2ccccc2)c2ccccc21,0.000284803,positive,271,True,667,1
Test: Pos 668,O=C(NC1CC1)c1c[nH]c2ccc(S(=O)(=O)Nc3ccccc3)cc2c1=O,0.000282901,positive,270,True,668,1
Test: Pos 669,O=C(Nc1ccccc1)c1cccc(C#Cc2cnc3cccnn23)c1,0.000281297,positive,269,True,669,1
Test: Pos 670,c1ccc(-n2ccnc2)cc1,0.000279179,positive,268,True,670,1
Test: Pos 671,O=C(COC(=O)c1ccccc1Sc1ccccc1)NC(=O)c1ccc[nH]1,0.000277819,positive,267,True,671,1
Test: Pos 672,O=C(Nc1cc[nH]n1)c1ccccc1,0.000276218,positive,266,True,672,1
Test: Pos 673,O=c1cc[nH]c2ccc(S(=O)(=O)Nc3ccccc3)cc12,0.000274683,positive,265,True,673,1
Test: Pos 674,O=C1C(=Cc2ccc(N3CCCC3)cc2)CNCC1=Cc1ccc(N2CCCC2)cc1,0.000271043,positive,264,True,674,1
Test: Pos 675,c1ccc(-c2n[nH]c(-c3ccccc3)n2)cc1,0.000269972,positive,263,True,675,1
Test: Pos 676,S=c1[nH]cc(-c2ccc(-c3ccccc3)cc2)[nH]1,0.000269229,positive,262,True,676,1
Test: Pos 677,c1ccc(Oc2ccc(Nc3ncnc4[nH]ccc34)cc2)cc1,0.000264681,positive,8,False,677,1
Test: Pos 678,c1cc(-c2ccnc3c2CCCC3)ccn1,0.00025898,positive,261,True,678,1
Test: Pos 679,c1ccc(-c2c[nH]cn2)cc1,0.000258339,positive,260,True,679,1
Test: Pos 680,O=C(Nc1ccccc1)Nc1nnc(CSc2ccccc2)s1,0.000255981,positive,259,True,680,1
Test: Pos 681,O=C1c2ccccc2C(=O)c2c1ccc1c(=O)[nH][nH]c21,0.000253802,positive,258,True,681,1
Test: Pos 682,O=C1c2ccccc2C(=O)N1Cc1ccccc1,0.000253001,positive,257,True,682,1
Test: Pos 683,c1ccc(-c2cn(-c3ccccc3)c3ncnc(N4CCOCC4)c23)cc1,0.000251737,positive,256,True,683,1
Test: Pos 684,c1ccc(CCc2ccc(-c3c[nH]c(-c4ccccc4)n3)cc2)cc1,0.000250049,positive,255,True,684,1
Test: Pos 685,c1ccc(-c2ccsn2)cc1,0.000249786,positive,254,True,685,1
Test: Pos 686,O=C(NCCC1CCCCC1)Oc1cccc(-c2ccccc2)c1,0.00024961,positive,253,True,686,1
Test: Pos 687,c1ccc(C2=NOCC2)cc1,0.000249325,positive,252,True,687,1
Test: Pos 688,O=C(c1cn(C2CCCC2)c(=O)c2[nH]c3ccccc3c12)N1CCN(c2ccccc2)CC1,0.000248209,positive,251,True,688,1
Test: Pos 689,O=C(Nc1cccnc1)C12CC3CCC1C3CO2,0.000245169,positive,250,True,689,1
Test: Pos 690,O=c1ccc2ccc(OCc3cn(Cc4ccccc4)nn3)cc2o1,0.000244388,positive,249,True,690,1
Test: Pos 691,O=C(Nc1ccccc1)Nc1ncns1,0.000243203,positive,248,True,691,1
Test: Pos 692,O=C1CNC(c2ccccc2)c2ccccc2N1,0.000242977,positive,247,True,692,1
Test: Pos 693,O=C1C(=O)N(Cc2cccs2)c2ccccc21,0.000242642,positive,246,True,693,1
Test: Pos 694,O=C1C(=O)N(CCOc2ccccc2)c2ccccc21,0.000242226,positive,245,True,694,1
Test: Pos 695,c1ccc(C(=NNc2nc3ccccc3s2)c2ccccn2)cc1,0.000241817,positive,244,True,695,1
Test: Pos 696,O=C(NC1CNC1=O)OCc1ccc(-c2cocn2)cc1,0.000239993,positive,243,True,696,1
Test: Pos 697,O=C(NC1CCNCC1)c1ccc(-c2cccc(=O)[nH]2)nc1,0.000239569,positive,242,True,697,1
Test: Pos 698,c1ccc(-c2ccncn2)cc1,0.00023877,positive,241,True,698,1
Test: Pos 699,c1ccc(-c2ccno2)cc1,0.000236832,positive,240,True,699,1
Test: Pos 700,O=C(NCc1ccccc1)N1CCN(c2ccccn2)CC1,0.000236038,positive,239,True,700,1
Test: Pos 701,O=C(Nc1ccccc1)Nc1nc(CC2CCCCC2)cs1,0.000235143,positive,238,True,701,1
Test: Pos 702,S=c1ssc2c1-c1ccccc1NC2,0.000234597,positive,237,True,702,1
Test: Pos 703,c1ccc2c(-c3nc4ncccc4o3)cccc2c1,0.000234276,positive,236,True,703,1
Test: Pos 704,c1ccc(Nc2ncnc3[nH]ccc23)cc1,0.000233766,positive,235,True,704,1
Test: Pos 705,O=C(CSc1nc(-c2ccccc2)nc2c1Cc1ccncc1O2)Nc1ccccc1,0.000231365,positive,234,True,705,1
Test: Pos 706,C(C=C1Nc2ccccc2O1)=Nc1ccccc1,0.000227711,positive,233,True,706,1
Test: Pos 707,O=c1c2ccccc2[nH]c2ccccc12,0.000227423,positive,232,True,707,1
Test: Pos 708,N=C1CC(c2cccs2)c2occc(=O)c2O1,0.000227338,positive,231,True,708,1
Test: Pos 709,O=C(Nc1nnc(SCc2ccccc2)s1)c1ccccc1,0.000226541,positive,230,True,709,1
Test: Pos 710,O=C(Nc1c[nH]c(=O)[nH]c1=O)c1ccc2c(c1)C(=O)N(c1ccccc1)C2=O,0.000226059,positive,229,True,710,1
Test: Pos 711,c1ccc(Nc2ccnc3ccccc23)cc1,0.000225913,positive,228,True,711,1
Test: Pos 712,O=C(NN=Cc1ccc2c(c1)OCO2)c1ccccc1,0.000224866,positive,227,True,712,1
Test: Pos 713,O=C(NC1CNC1=O)OCc1cccc(C2CCCCC2)c1,0.000224336,positive,226,True,713,1
Test: Pos 714,O=c1[nH]ccn1CCc1cccc(OC2CC3CCC2C3)c1,0.000222143,positive,225,True,714,1
Test: Pos 715,O=C1CC(c2ccc(OCc3ccccc3)cc2)C=C2SCN(Cc3ccco3)CN12,0.000220707,positive,224,True,715,1
Test: Pos 716,O=C(Nc1cc2c(s1)CCC2)c1cc[nH]n1,0.000220124,positive,223,True,716,1
Test: Pos 717,O=C(NNC(=S)Nc1ccccc1)c1cn(-c2ccccn2)cn1,0.000218082,positive,222,True,717,1
Test: Pos 718,O=P(Nc1ccccc1)(Oc1ccccc1)Oc1ccccc1,0.000218023,positive,221,True,718,1
Test: Pos 719,O=C(c1cccnc1)c1cc2cccnc2s1,0.000217918,positive,220,True,719,1
Test: Pos 720,O=C(NN=Cc1ccccc1)c1nnn(-c2cnon2)c1CN1CCCCC1,0.000215786,positive,219,True,720,1
Test: Pos 721,c1ccc(Cn2c(-c3cccnc3)nc3ccccc32)cc1,0.000214312,positive,218,True,721,1
Test: Pos 722,c1ccc(CNc2ccccn2)cc1,0.000213485,positive,217,True,722,1
Test: Pos 723,O=C1CCC(C(=O)NCCc2c[nH]cn2)N1,0.00021345,positive,216,True,723,1
Test: Pos 724,O=C(Nc1ccc(N2CCOCC2)cc1)c1cc(-c2ccco2)nc2ccccc12,0.000211501,positive,215,True,724,1
Test: Pos 725,c1ccc2c(-c3ncc(N4CCCCC4)o3)cccc2c1,0.000209175,positive,214,True,725,1
Test: Pos 726,C=C(C=NOCc1ccccc1)C(=O)Nc1ccccc1,0.000207969,positive,213,True,726,1
Test: Pos 727,O=S(=O)(c1ccccc1)c1cnc2ccccc2n1,0.00020779,positive,212,True,727,1
Test: Pos 728,c1ccc2sc(Cc3ccnc(NCCN4CCOCC4)n3)nc2c1,0.000206149,positive,211,True,728,1
Test: Pos 729,O=C(Nc1cccc2nsnc12)c1conc1-c1ccccc1,0.000205543,positive,210,True,729,1
Test: Pos 730,O=C(NCc1ccccc1)Oc1cccc(-c2ccccc2)c1,0.000205081,positive,209,True,730,1
Test: Pos 731,O=C(c1ccc2ccccc2c1)N1CCN(c2ccccc2)CC1,0.000204036,positive,208,True,731,1
Test: Pos 732,c1ccc(Nc2ccccc2)cc1,0.000203401,positive,9,True,732,2
Test: Pos 733,c1ccc(-c2cc3ccccc3[nH]2)cc1,0.000201644,positive,207,True,733,1
Test: Pos 734,c1cncc(Oc2ccc(Nc3ncnc4[nH]ccc34)cc2)c1,0.000201196,positive,8,True,734,2
Test: Pos 735,c1ccc2c3c([nH]c2c1)CNCC3,0.00019976,positive,206,True,735,1
Test: Pos 736,O=C1CCCCc2cc(Nc3cccc(NC(=O)C4CC4)c3)ccc21,0.0001956,positive,5,False,736,1
Test: Pos 737,O=C(CNC(=O)c1c[nH]cn1)OCc1ccccc1,0.000195432,positive,205,True,737,1
Test: Pos 738,O=C(COC(=O)C1CC1)Nc1ccccc1,0.00019465,positive,204,True,738,1
Test: Pos 739,O=S(=O)(Nc1cccc(S(=O)(=O)Nc2ccccc2)c1)c1ccccc1,0.000193032,positive,203,True,739,1
Test: Pos 740,O=C1NC(=Nc2cn[nH]c2)SC1=C1Nc2ccccc2S1,0.000188283,positive,202,True,740,1
Test: Pos 741,O=C1CCCC(=Nc2ccccc2)C1,0.000187814,positive,201,True,741,1
Test: Pos 742,O=C(Nc1cc(=O)[nH]c(=O)[nH]1)c1ccccc1,0.000187444,positive,200,True,742,1
Test: Pos 743,O=C(Nc1ccccc1)N1CCN(CC=Cc2ccccc2)CC1,0.000186926,positive,199,True,743,1
Test: Pos 744,c1ccc2c(SCc3cn4cccnc4n3)ncnc2c1,0.000184163,positive,198,True,744,1
Test: Pos 745,O=C(Cc1ccccc1)Cc1nc2ccccc2s1,0.000183621,positive,197,True,745,1
Test: Pos 746,O=C(NCc1cn[nH]c1)c1cc(-c2ccccc2)nc2ccccc12,0.000183024,positive,196,True,746,1
Test: Pos 747,O=C1OC(Nc2nc(-c3ccccc3)cs2)c2ccccc21,0.000181451,positive,195,True,747,1
Test: Pos 748,O=C(C=C1Nc2ccccc2S1)C1CCC1,0.000181373,positive,194,True,748,1
Test: Pos 749,N=C1CC(Cc2ccccc2)c2c[nH]nc2O1,0.000180238,positive,193,True,749,1
Test: Pos 750,O=C(NCCc1cnn2ccccc12)c1cnc(Nc2ccccn2)nc1,0.000177571,positive,192,True,750,1
Test: Pos 751,C=C1C(=O)OC2CC=C3CC(=O)CC3CC12,0.000177065,positive,191,True,751,1
Test: Pos 752,O=C(Nc1ccc(S(=O)(=O)N2CCOCC2)cc1)c1ccco1,0.000176481,positive,190,True,752,1
Test: Pos 753,O=C(Nc1cccnc1)c1cc2ccccc2s1,0.00017339,positive,189,True,753,1
Test: Pos 754,O=C(NC(=S)Nc1cc(S(=O)(=O)N2CCOCC2)ccc1-n1cncn1)c1ccccc1,0.000172621,positive,188,True,754,1
Test: Pos 755,c1ccc(Cn2c(CCc3ccc(-c4cccnn4)cc3)nc3ccccc32)cc1,0.000170882,positive,187,True,755,1
Test: Pos 756,O=C(NN=Cc1cn(Cc2ccccc2)c(=O)s1)c1ccco1,0.000165989,positive,186,True,756,1
Test: Pos 757,O=c1ccc2[nH+]ccc3c4ccccc4n1c23,0.000165612,positive,185,True,757,1
Test: Pos 758,c1ccc(-c2ccncc2)cc1,0.000164527,positive,184,True,758,1
Test: Pos 759,O=C(c1ccccc1)c1cc(-c2ccccc2)on1,0.000162679,positive,183,True,759,1
Test: Pos 760,C=c1sc(=Cc2ccc(Nc3ccccc3)cc2)c(=O)n1Cc1ccco1,0.000161764,positive,182,True,760,1
Test: Pos 761,c1ccc(-c2nc3ccccc3o2)cc1,0.000161154,positive,181,True,761,1
Test: Pos 762,O=C(NC1CNC1=O)OCc1ccc(C2CCCCC2)cc1,0.000160132,positive,180,True,762,1
Test: Pos 763,O=C1Nc2ccc(NS(=O)(=O)c3ccccc3)c3cccc1c23,0.000157162,positive,179,True,763,1
Test: Pos 764,c1ccc2c(c1)nc1cc3cc[nH]cc3cc12,0.000156307,positive,178,True,764,1
Test: Pos 765,O=S(=O)(CCSc1nc2ccccc2o1)c1nc2ccccc2s1,0.000155884,positive,177,True,765,1
Test: Pos 766,S=C(Nc1ccccc1)N1N=CCC1c1ccccc1,0.0001519,positive,176,True,766,1
Test: Pos 767,O=C(NN=Cc1cccs1)c1nnn(-c2cnon2)c1-c1ccccc1,0.000151694,positive,175,True,767,1
Test: Pos 768,C1=CC(Cc2ccccc2)NC1,0.00015156,positive,174,True,768,1
Test: Pos 769,O=C1NC(=S)SC1=C1Nc2ccccc2S1,0.000149315,positive,173,True,769,1
Test: Pos 770,O=C(CCC1CCC(Oc2ccccc2)CC1)N1CCCC1,0.000147925,positive,172,True,770,1
Test: Pos 771,O=C(CN1C(=O)N=C(Cc2cccn2-c2ccccc2)C1=O)Nc1ccccc1,0.000147169,positive,171,True,771,1
Test: Pos 772,O=C1NC(c2ccncc2)Nc2ccccc21,0.000147158,positive,7,False,772,1
Test: Pos 773,O=S(=O)(NCc1csc(-c2ccccc2)n1)c1ccccc1,0.00014672,positive,170,True,773,1
Test: Pos 774,c1ccc(CNc2ncnc3[nH]cnc23)cc1,0.000145317,positive,169,True,774,1
Test: Pos 775,O=C(Nc1ccc2c3c(cccc13)C(=O)N2)c1ccc(S(=O)(=O)N2CCOCC2)cc1,0.00014523,positive,168,True,775,1
Test: Pos 776,O=C1NC(c2ccccc2)Nc2ccccc21,0.000145165,positive,7,True,776,2
Test: Pos 777,c1ccc(-n2ccc3ccccc32)cc1,0.000143931,positive,167,True,777,1
Test: Pos 778,c1ccc(Nc2c3c(nc4ncnn24)CCC3)cc1,0.000143587,positive,166,True,778,1
Test: Pos 779,c1ccc(-c2cccc(-c3ccccn3)n2)nc1,0.000140461,positive,165,True,779,1
Test: Pos 780,O=C(OCc1csc(-c2ccccc2)n1)c1cccs1,0.000140255,positive,164,True,780,1
Test: Pos 781,c1ccc2c(c1)Cc1ccccc1-2,0.000139782,positive,163,True,781,1
Test: Pos 782,O=C(CN1CCOCC1)N1CCC2CNc3ccc(-c4ccccc4)cc3C21,0.000138885,positive,162,True,782,1
Test: Pos 783,O=C1N=CC(C(=O)OCc2ccccc2)C(c2ccccc2)N1,0.000138567,positive,161,True,783,1
Test: Pos 784,O=C1C2CC3COc4ccccc4C3N2C(=O)N1c1ccccc1,0.000138311,positive,160,True,784,1
Test: Pos 785,O=C(NCc1ccccc1)c1cc(-c2ccccc2)on1,0.000136607,positive,159,True,785,1
Test: Pos 786,O=C1NC2CC(c3ccccc3O2)C1C(=O)OCc1ccccc1,0.00013641,positive,158,True,786,1
Test: Pos 787,O=C1NC(c2ccccc2)Oc2ccccc21,0.000131726,positive,157,True,787,1
Test: Pos 788,O=c1[nH]ncn1-c1ccc(N2CCN(c3ccc(OCC4COC(Cn5cncn5)(c5ccccc5)O4)cc3)CC2)cc1,0.000131576,positive,156,True,788,1
Test: Pos 789,O=C1C=C(c2ccccc2)C(=O)N1Nc1ccccc1,0.000130984,positive,155,True,789,1
Test: Pos 790,c1ccc(-n2ncc3c(N4CCCCC4)ncnc32)cc1,0.00013083,positive,154,True,790,1
Test: Pos 791,O=C(Nc1ccccc1)c1ccc2cc3c(nc2c1)CCCC3,0.000130811,positive,153,True,791,1
Test: Pos 792,O=C(Oc1csc2ccccc12)c1ccccc1,0.000130062,positive,152,True,792,1
Test: Pos 793,c1ccc(Nc2cccc3ccccc23)nc1,0.000128999,positive,151,True,793,1
Test: Pos 794,O=C(c1ccccc1)c1nn(-c2ccccc2)c2nc(-c3ccccc3)cc(=O)n12,0.000128673,positive,150,True,794,1
Test: Pos 795,O=C(NC1CCNCC1)c1ccc2c(c1)N=Cc1ccccc1S2,0.000127761,positive,149,True,795,1
Test: Pos 796,O=C(c1c[nH]c2ccc(S(=O)(=O)Nc3ccccc3)cc2c1=O)N1CCCCC1,0.000127278,positive,148,True,796,1
Test: Pos 797,O=C(Nc1ccccc1)Nc1cccnc1,0.000125396,positive,147,True,797,1
Test: Pos 798,c1ccc(C2=NN(c3ccccc3)C(c3ccccc3)C2)cc1,0.00012464,positive,146,True,798,1
Test: Pos 799,C(#CC1CCC1)c1cc(-n2ccc3cncnc32)ccn1,0.000122723,positive,145,True,799,1
Test: Pos 800,S=C(Nc1ccccn1)Nc1ccc(-c2ccccc2)s1,0.000122546,positive,144,True,800,1
Test: Pos 801,O=C1NC2C(=O)NC3CCC=CC32c2cc3c(cc21)OCO3,0.000120759,positive,143,True,801,1
Test: Pos 802,c1ccc(COc2ccccn2)cc1,0.00011966,positive,142,True,802,1
Test: Pos 803,c1csc(C2NCCc3ccccc32)c1,0.000119485,positive,141,True,803,1
Test: Pos 804,O=S(=O)(NCCOc1ccccc1)c1ccc2c(c1)OCCO2,0.000117799,positive,140,True,804,1
Test: Pos 805,O=C(c1ccccc1)c1ccc(Nc2ncnc3[nH]ccc23)cc1,0.000116483,positive,139,True,805,1
Test: Pos 806,c1ccc(-c2nnc3cnc4ccccc4n23)cc1,0.000115687,positive,138,True,806,1
Test: Pos 807,c1cnccn1,0.000115552,positive,137,True,807,1
Test: Pos 808,O=C1c2ccccc2NC(c2ccccc2)N1c1ccccc1,0.000113806,positive,136,True,808,1
Test: Pos 809,O=C(Nc1scnc1-c1cccs1)c1ccccc1,0.000110342,positive,135,True,809,1
Test: Pos 810,O=c1c(=Cc2ccc3c(c2)OCO3)sc2n1CCCN=2,0.000108386,positive,134,True,810,1
Test: Pos 811,O=C(Nc1ccccc1)c1ccc(=O)n(-c2ccccc2)n1,0.000108095,positive,133,True,811,1
Test: Pos 812,N=c1ccc2c(=O)n3ccccc3nc2[nH]1,0.000107765,positive,132,True,812,1
Test: Pos 813,O=C1C=C(N2CCOCC2)c2ccccc2C1=O,0.000107761,positive,131,True,813,1
Test: Pos 814,O=C(NCCc1cc2ccccc2[nH]c1=O)C(=O)c1c[nH]c2ccccc12,0.00010608,positive,130,True,814,1
Test: Pos 815,c1cnc(NCCNc2ncccn2)nc1,0.000104666,positive,129,True,815,1
Test: Pos 816,c1cc2c(cn1)CSCC2,0.000102827,positive,128,True,816,1
Test: Pos 817,C(=Nc1ccccc1)N=c1nccc(N2CCCCC2)[nH]1,0.000102759,positive,127,True,817,1
Test: Pos 818,O=C(COc1ccccc1)Nc1ccc(C=NNC(=O)c2cccs2)cc1,0.000102119,positive,126,True,818,1
Test: Pos 819,O=C(COc1ccccc1)Cn1ccc2ccccc21,9.83e-05,positive,125,True,819,1
Test: Pos 820,C1=NCC(Cc2ccccc2)N1CCc1ccccc1,9.78e-05,positive,124,True,820,1
Test: Pos 821,O=C1N=C(Cc2ccc(N3CCOCC3)o2)C(=O)N1c1ccccc1,9.77e-05,positive,123,True,821,1
Test: Pos 822,O=C(NCCNC(=O)c1nc[nH]c1C(=O)Nc1ccccc1)c1nc[nH]c1C(=O)Nc1ccccc1,9.55e-05,positive,122,True,822,1
Test: Pos 824,O=C(NCCCCCc1ccccc1)Oc1cccc(CNCCCCCOc2ccc3ccc(=O)oc3c2)c1,9.45e-05,positive,120,True,823,1
Test: Pos 823,c1ccc2[nH]c(Oc3ccc(OCCN4CCOCC4)cc3)nc2c1,9.45e-05,positive,121,True,824,1
Test: Pos 825,O=C(Oc1cccc2cccnc12)c1ccco1,9.35e-05,positive,119,True,825,1
Test: Pos 826,O=c1ccccc2cn(-c3ccccc3)cc12,9.14e-05,positive,118,True,826,1
Test: Pos 827,S=C(NCc1ccco1)Nc1ccccn1,9.08e-05,positive,117,True,827,1
Test: Pos 828,O=C(OCc1nc2ccccc2[nH]1)c1ccccc1,9e-05,positive,116,True,828,1
Test: Pos 829,O=c1cccn[nH]1,8.99e-05,positive,115,True,829,1
Test: Pos 830,c1cc(CCn2ccnc2)cc(OCCC2Cc3ccccc3C2)c1,8.95e-05,positive,114,True,830,1
Test: Pos 831,O=C(CN1CCN(S(=O)(=O)c2ccccc2)CC1)NCc1ccccc1,8.72e-05,positive,113,True,831,1
Test: Pos 832,N=C(N=CNCCCCCCN=CN=CNc1ccccc1)Nc1ccccc1,8.65e-05,positive,112,True,832,1
Test: Pos 833,C(#Cc1ccc(-n2ccc3cncnc32)cc1)Cc1nccs1,8.23e-05,positive,111,True,833,1
Test: Pos 834,O=c1scnc2sc3c(c12)CCCC3,8.09e-05,positive,110,True,834,1
Test: Pos 835,c1ccc(Nc2ccnc(Nc3ccc(-c4ccsc4)nn3)n2)cc1,8.02e-05,positive,109,True,835,1
Test: Pos 836,O=C(COC(=O)c1ccc(S(=O)(=O)Nc2ccccc2)cc1)Nc1ccc2c(c1)oc1ccccc12,7.93e-05,positive,108,True,836,1
Test: Pos 837,c1ccc(-c2nnc3cccnn23)cc1,7.89e-05,positive,107,True,837,1
Test: Pos 838,O=C(CNc1ncccn1)N1CCCCC1,7.85e-05,positive,106,True,838,1
Test: Pos 839,O=C(Cn1sc2ncccc2c1=O)N1CCC(Cc2ccccc2)CC1,7.63e-05,positive,105,True,839,1
Test: Pos 840,O=C1CCCC2=Nc3c(c(=O)nc4nc[nH]n34)C(c3ccccc3)C12,7.61e-05,positive,104,True,840,1
Test: Pos 841,O=C(Nc1ccc2c(c1)OCO2)c1n[nH]c(=O)c2ccccc12,7.52e-05,positive,103,True,841,1
Test: Pos 842,O=C(Nc1ccccc1)Nc1ccccn1,7.51e-05,positive,102,True,842,1
Test: Pos 843,O=C(Nc1ccccc1)c1cccc(N2C(=O)C=CC2=O)c1,7.32e-05,positive,101,True,843,1
Test: Pos 844,O=C(Nc1ccc2ccccc2n1)c1ccccc1,7.23e-05,positive,100,True,844,1
Test: Pos 845,O=C(Nc1ccc2oc(-c3cccc4ccccc34)nc2c1)c1nc[nH]n1,7.21e-05,positive,99,True,845,1
Test: Pos 846,c1ccc(CCNCc2ccc(Oc3ccccc3)cc2)cc1,7.17e-05,positive,98,True,846,1
Test: Pos 847,O=C(OCC(=O)N1CCOCC1)c1ccc[nH]1,7.11e-05,positive,97,True,847,1
Test: Pos 848,O=C(NC1CCNCC1)c1cc2c(-c3ccccc3)n[nH]c2s1,6.97e-05,positive,96,True,848,1
Test: Pos 849,N=C(Cc1cccc2ccccc12)NOC(=O)c1ccco1,6.9e-05,positive,95,True,849,1
Test: Pos 850,O=C(c1cccs1)N1CCN(CC=Cc2ccccc2)CC1,6.85e-05,positive,94,True,850,1
Test: Pos 851,O=C(COC(=O)c1ccc2[nH]c3c(c2c1)CCCC3)Nc1ccccc1,6.77e-05,positive,93,True,851,1
Test: Pos 852,O=C(CCCC(=O)n1ncc2ccccc21)NCc1ccccc1,6.68e-05,positive,92,True,852,1
Test: Pos 853,O=C(CCc1ccccc1)NCC(=O)n1cccn1,6.46e-05,positive,91,True,853,1
Test: Pos 854,O=C(NN=Cc1sc(N2CCOCC2)nc1-c1ccccc1)c1cccc(S(=O)(=O)N2CCCC2)c1,6.44e-05,positive,90,True,854,1
Test: Pos 855,O=C(NCCC(c1ccccc1)c1ccccc1)c1cccnc1,6.42e-05,positive,6,True,855,2
Test: Pos 856,O=C(NC1CCCCC1)C(c1ccccc1)N(C(=O)c1cnccn1)c1ccccc1,6.33e-05,positive,89,True,856,1
Test: Pos 857,O=C1OC(=O)C2C3CCC(O3)C12,6.32e-05,positive,88,True,857,1
Test: Pos 858,O=C1c2ccccc2CN1CCNS(=O)(=O)c1ccccc1,6.3e-05,positive,87,True,858,1
Test: Pos 859,O=c1c2ccccc2sc2ccc(NCCC3CCCN3)cc12,6.22e-05,positive,86,True,859,1
Test: Pos 860,O=C(CCS(=O)(=O)c1ccccc1)Nc1nnc(-c2ccccc2)o1,6.09e-05,positive,85,True,860,1
Test: Pos 861,O=C(NCc1ccccc1)N1CCCCC1,6.05e-05,positive,84,True,861,1
Test: Pos 862,c1coc(CSCc2ccoc2)c1,6e-05,positive,83,True,862,1
Test: Pos 863,O=C1CCCn2nncc2COC(CNCc2ccccc2)CCN1,5.87e-05,positive,82,True,863,1
Test: Pos 864,O=C1c2cccc3cccc(c23)C(=O)N1Cc1ccccc1,5.82e-05,positive,81,True,864,1
Test: Pos 865,O=C(CCNc1ccccc1)c1ccccc1,5.72e-05,positive,80,True,865,1
Test: Pos 866,O=C(Nc1ccccc1)c1cnn2cccnc12,5.26e-05,positive,79,True,866,1
Test: Pos 867,O=C1NC(C(=O)NCc2ccccc2)C23C=CC(CC12)O3,5.2e-05,positive,78,True,867,1
Test: Pos 868,c1nc(NC2CCCCC2)c2ccsc2n1,5.05e-05,positive,77,True,868,1
Test: Pos 869,O=C(Nc1nccs1)c1cc2sccc2n1Cc1ccccc1,4.88e-05,positive,76,True,869,1
Test: Pos 870,S=C(Nc1ccccn1)NC1CCCC1,4.52e-05,positive,75,True,870,1
Test: Pos 871,c1coc(-c2nc3cc4ccccc4cc3[nH]2)c1,4.5e-05,positive,74,True,871,1
Test: Pos 872,O=C1Nc2ccccc2C12Nc1ccccc1-c1nc3ccccc3n12,4.26e-05,positive,73,True,872,1
Test: Pos 873,O=C(Nc1nc2ccccc2s1)C1=CN=C2CCCC(=O)C2C1c1ccccc1,4.15e-05,positive,72,True,873,1
Test: Pos 874,c1ccc2c(c1)[nH]c1c(N3CCCCC3)ncnc12,4.07e-05,positive,71,True,874,1
Test: Pos 875,O=C(c1ccccc1)c1ccc2n1CCC2C(=O)Nc1ccccc1,4e-05,positive,70,True,875,1
Test: Pos 876,O=C(Nc1ccc2oc(-c3ccc4ccccc4c3)nc2c1)c1cccs1,3.98e-05,positive,69,True,876,1
Test: Pos 877,c1ccc(-c2cnn3c(N4CCCCC4)ccnc23)cc1,3.57e-05,positive,68,True,877,1
Test: Pos 878,O=C(NN=Cc1ccccc1)C1CC1,3.33e-05,positive,67,True,878,1
Test: Pos 879,O=C(C#Cc1ccccc1)Nc1ccccc1,3.23e-05,positive,66,True,879,1
Test: Pos 880,c1ccc(-c2cnoc2-c2ccc(OCc3nc4ccccc4s3)cc2)cc1,3.23e-05,positive,65,True,880,1
Test: Pos 881,O=C(Cc1scnc1-c1ccccc1)NCC(=O)Nc1ccccc1,3.15e-05,positive,64,True,881,1
Test: Pos 882,N=c1[nH]c2nc3ccccn3c(=O)c2cc1S(=O)(=O)c1ccccc1,3.14e-05,positive,63,True,882,1
Test: Pos 883,O=C(NCc1ccccc1)c1ccns1,3.13e-05,positive,62,True,883,1
Test: Pos 884,O=c1cc[nH]c(-n2[nH]c3c(c2=O)CCCC3)n1,3.08e-05,positive,61,True,884,1
Test: Pos 885,O=C1Nc2ccccc2C12NCc1cn(-c3ccccc3)cc12,3.01e-05,positive,60,True,885,1
Test: Pos 886,O=C1c2cccc3cccc(c23)N1Cc1ccccc1,2.98e-05,positive,59,True,886,1
Test: Pos 887,O=C1c2ccccc2S(=O)(=O)c2cc(N3CCNCC3)ccc21,2.83e-05,positive,58,True,887,1
Test: Pos 888,O=C(COc1ccc2c(-c3ccccc3)cc(=O)oc2c1)NCCc1c[nH]c2ccccc12,2.73e-05,positive,57,True,888,1
Test: Pos 889,O=C(OCC(=O)N1CCCCC1)c1cc[nH]c1,2.67e-05,positive,56,True,889,1
Test: Pos 890,O=C(Cc1ccccc1)Nc1cccc(Nc2ccc3c(c2)CCCCC3=O)c1,2.62e-05,positive,5,True,890,2
Test: Pos 891,N=C1SCCS1,2.52e-05,positive,55,True,891,1
Test: Pos 892,c1ccc2c(c1)ncn2-c1c2c(cc3nc4ccccc4n13)CCC2,2.41e-05,positive,54,True,892,1
Test: Pos 893,O=C(COc1ccccc1)c1cc2ccccc2oc1=O,2.19e-05,positive,53,True,893,1
Test: Pos 894,O=C(CC#Cc1cc(-n2ccc3cncnc32)ccn1)N1CCCC1,2.18e-05,positive,52,True,894,1
Test: Pos 895,O=C(c1ccccc1)c1cnc2cc3c(cc2c1S(=O)(=O)c1ccccc1)OCCO3,2.12e-05,positive,51,True,895,1
Test: Pos 896,O=C(CSc1nc2ccc(Nc3nc(N4CCOCC4)nc(N4CCOCC4)n3)cc2s1)Nc1ccccc1,1.98e-05,positive,50,True,896,1
Test: Pos 897,O=[PH]1C=C(c2ccccc2)OC(c2ccccc2)=C1,1.52e-05,positive,49,True,897,1
Test: Pos 898,O=C(CCc1ccc(OC2CCCCC2)cc1)N1CCCC1,1.5e-05,positive,48,True,898,1
Test: Pos 899,O=C1CC(c2ccccc2)CC(=O)C1C=NCCc1c[nH]c2ccccc12,1.24e-05,positive,47,True,899,1
Test: Pos 900,O=C(Oc1ccccc1)c1ccc2nccnc2c1,1.13e-05,positive,46,True,900,1
Test: Pos 901,O=C1N=C(COC(=O)c2ccccn2)CCN1,1.09e-05,positive,45,True,901,1
Test: Pos 902,O=C(NCC1SCc2c[nH]c(=O)n21)OCc1ccccc1,9.56e-06,positive,44,True,902,1
Test: Pos 903,O=C(Oc1ccccc1)c1cc2ccccc2o1,8.88e-06,positive,43,True,903,1
Test: Pos 904,c1ccc(C2c3cocc3Nc3cc4c(cc32)OCO4)cc1,6.47e-06,positive,42,True,904,1
Test: Pos 905,O=c1[nH]c(CN2CCc3ccccc32)nc2ccccc12,5.88e-06,positive,41,True,905,1
Test: Pos 906,O=C(NCCCCCc1ccccc1)Oc1cccc(Cn2cc(COc3ccc4ccc(=O)oc4c3)nn2)c1,5.71e-06,positive,40,True,906,1
Test: Pos 907,O=C(OCCN1C(=O)c2ccccc2C1=O)c1n[nH]c(=O)c2ccccc12,4.85e-06,positive,39,True,907,1
Test: Pos 908,O=C(CN1C(=O)NC(c2ccccc2)C1=O)Nc1ccccc1,4.69e-06,positive,38,True,908,1
Test: Pos 909,O=C(Nc1ccccc1)c1cccc(NC(=O)c2ccco2)c1,1.32e-06,positive,37,True,909,1
Test: Pos 910,c1ccc(-c2cnoc2-c2ccc(OCc3ccccn3)cc2)cc1,1.1e-06,positive,36,True,910,1
