canonical_smiles,prob_1,prob_2,prob_avg,ID,lipinski_rule_of_five_violations,sa_score,y_pred
O=CCCCCCCCC(=O)O,0.9993337,0.7852389,0.8922863,29,0,1.989313589,1
CC(=O)CC(=O)c1ccccc1,0.999999,0.85249346,0.92624623,83,0,1.590947156,1
COc1ccc2c(=O)c(-c3ccc(O)cc3)coc2c1,0.999814,0.97402936,0.98692168,723,0,1.956955472,1
COc1cc2ccn(C)c(=O)c2cc1OC,0.99858874,0.7158268,0.85720777,897,0,1.986278895,1
COc1ccc(C=O)cc1O,0.99990636,0.886113,0.94300968,1229,0,1.873494182,1
COc1cc(/C=C/C(=O)OCc2ccccc2)ccc1O,0.9999998,0.9802089,0.99010435,1641,0,1.80775362,1
COc1ccc2[nH]cc(CCN(C)C)c2c1,0.9998274,0.87801886,0.93892313,1725,0,1.953637706,1
COc1cccc2cc(C)cc(O)c12,0.99995875,0.8438322,0.921895475,1964,0,1.883272302,1
COc1cc(CCc2ccc(O)cc2)cc(OC)c1,0.9999983,0.97800475,0.989001525,2063,0,1.737648944,1
COc1cc(-c2ccccc2)nc2ccccc12,0.99984026,0.83701515,0.918427705,2114,0,1.519668546,1
COc1ccccc1COC(=O)c1c(OC)cccc1OC,0.9998967,0.6634135,0.8316551,2193,0,1.758278692,1
COc1cc(CCC(=O)O)ccc1O,0.99998575,0.8895652,0.944775475,2426,0,1.672950626,1
O=C(O)CCc1ccc(O)cc1,0.9999905,0.8946369,0.9473137,2514,0,1.520688415,1
COc1ccc(CCc2cc(OC)c(OC)c(OC)c2)cc1OC,0.99999386,0.96308273,0.981538295,2922,0,1.810703298,1
COc1cc(OC)c(OC)cc1O,0.9728678,0.79671437,0.884791085,3042,0,1.616953596,1
COc1cc(C)cc(Oc2cc(C)cc(O)c2)c1,0.99985045,0.8248665,0.912358475,3146,0,1.984686503,1
COc1c(O)cc(CCc2ccccc2)cc1O,0.99999744,0.9778138,0.98890562,3537,0,1.91164348,1
COc1ccc(CCc2cc(OC)c(O)c(OC)c2)cc1OC,0.99999565,0.9645631,0.982279375,3631,0,1.862721504,1
O=C1c2ccccc2C(=O)c2cc(CO)ccc21,0.53405744,0.80424565,0.669151545,3730,0,1.840789182,1
O=C(O)c1ccc(O)cc1O,0.9999134,0.79132533,0.895619365,3813,0,1.770935084,1
CCCCCCCCCCCCCCCCCCCCCC(=O)O,0.9993337,0.7852389,0.8922863,4240,1,1.663412774,1
COc1ccc(O)c(C(=O)O)c1,0.99996996,0.5456713,0.77282063,4280,0,1.576869446,1
COc1cc(O)ccc1CCCc1ccc(O)cc1,0.999981,0.9505417,0.97526135,4289,0,1.850695097,1
COc1ccc(CCN=C(O)c2ccccc2)cc1,0.99999756,0.8636606,0.93182908,4332,0,1.847128384,1
CC(C)c1ccc(C(=O)O)cc1,0.9991129,0.76048344,0.87979817,4376,0,1.372244927,1
CC(=O)c1ccc(C)cc1,0.99999523,0.9413628,0.970679015,4423,0,1.200633469,1
COc1ccc2[nH]cc(CCN)c2c1,0.9999127,0.8756414,0.93777705,4680,0,1.92903597,1
COc1cc2oc(=O)cc(-c3ccccc3)c2cc1OC,0.985315,0.824068,0.9046915,4781,0,1.823969774,1
[CH2]CCCCCCCCCCCCCCCCC,0.99985784,0.793122,0.89648992,4925,1,1.809625362,1
CCC(=O)c1ccc(C)cc1C,0.99998015,0.89976364,0.949871895,5534,0,1.672048773,1
COc1cc(C(C)=O)cc(OC)c1O,0.9999744,0.88218516,0.94107978,5621,0,1.786307197,1
COc1cc(OC)c(C(=O)c2ccccc2)cc1OC,0.99774146,0.73732835,0.867534905,5629,0,1.614280081,1
CCCCCCCCCCCCCCCCCCCCCCC(=O)O,0.9993337,0.7852389,0.8922863,5758,1,1.664700344,1
COc1cc(COC(=O)CCCCCCC(C)C)ccc1O,0.9999163,0.82965064,0.91478347,5789,0,1.939024744,1
CCCCCCCCCCCCCCCCCCCCCCCCCCCCC(=O)O,0.9993337,0.7852389,0.8922863,6015,1,1.698389933,1
CCCCC(=O)OCc1ccccc1,0.99986273,0.55598927,0.777926,6164,0,1.408742509,1
COC(=O)c1ccc2[nH]c3ccccc3c2c1,0.9941061,0.6950042,0.84455515,6276,0,1.719663756,1
COc1ccc2c(c1)oc(=O)c1cc(OC)c(OC)cc12,0.99896955,0.8772761,0.938122825,6801,0,1.950581039,1
COc1cc(O)cc(C=Cc2ccccc2)c1,0.9999998,0.9880047,0.99400225,6808,0,1.843405985,1
COc1ccc(C(C)=O)cc1C(=O)CC(C)C,0.9504611,0.8324688,0.89146495,6980,0,1.881137351,1
COc1cc(OC)c2ccc(=O)oc2c1,0.99996644,0.9754498,0.98770812,7239,0,1.938733119,1
COc1ccc(C=CC=O)cc1OC,0.99999976,0.9939557,0.99697773,7265,0,1.976879402,1
COc1ccc(CCc2cccc(OC)c2)cc1,0.9999974,0.9774282,0.9887128,7310,0,1.424246491,1
COc1ccc(C(=O)C(C)C)cc1OC,0.6683269,0.65280604,0.66056647,7837,0,1.654725426,1
CC(=O)Cc1ccc(O)cc1,0.9998061,0.88396007,0.941883085,8454,0,1.680764952,1
COc1cc(OC)c(C(=O)C(C)=O)cc1OC,0.89155215,0.814439,0.852995575,8515,0,1.983211197,1
COc1ccc2ccccc2c1,0.9973738,0.91591114,0.95664247,8644,0,1.237589473,1
COc1ccc(CCCCCCCCC(=O)c2c(OC)cccc2OC)cc1,0.99998355,0.9408174,0.970400475,8645,1,1.952771199,1
CC(=O)c1ccc(O)cc1C,0.99998397,0.95174026,0.975862115,8738,0,1.80764649,1
COc1ccc(-c2cc(=O)c3ccccc3o2)cc1OC,0.9999957,0.99653983,0.998267765,8760,0,1.827555928,1
CCCCCCCC(=O)CCCCCCC,0.99999934,0.89365834,0.94682884,8779,1,1.787120783,1
COc1ccc(CCCc2ccc(O)c(OC)c2)c(OC)c1,0.9999938,0.9213049,0.96064935,8969,0,1.852483903,1
CCCCCCC(=O)OCCCC,0.99996406,0.7951748,0.89756943,9201,0,1.649651288,1
CCCc1cccc2c1[nH]c1ccccc12,0.9999669,0.8421607,0.9210638,9636,0,1.85185584,1
COc1ccc(C(C)=O)cc1C=O,0.99981594,0.85560393,0.927709935,9756,0,1.838258651,1
CC(C)=CCOc1ccc(CCCO)cc1,0.9999451,0.8641134,0.93202925,9941,0,1.947025398,1
COc1ccc(CCc2ccccc2)cc1,0.9999833,0.96292734,0.98145532,10043,0,1.243868279,1
CCOC(=O)Cc1ccc(O)cc1,0.7694383,0.7437713,0.7566048,10226,0,1.580028212,1
O=c1oc2cc(O)ccc2c2ccccc12,0.9999919,0.95116,0.97557595,10317,0,1.857760181,1
CCCCC(=O)OC,0.9976123,0.69417334,0.84589282,10347,0,1.556299539,1
CCc1ccc(-c2ccccc2)cc1CC,0.99999887,0.9624203,0.981209585,10672,0,1.577492957,1
COc1cc(C(=O)O)cc(OC)c1OC(C)=O,0.99296975,0.7238965,0.858433125,10822,0,1.833063505,1
COC(=O)c1cc2c(cc1OC)[nH]c1ccccc12,0.999893,0.85831356,0.92910328,11165,0,1.908089969,1
COc1ccc(C(=O)/C=C/c2ccc(O)c(OC)c2)c(OC)c1,0.99999976,0.9968999,0.99844983,11180,0,1.978784725,1
COc1cc2c(cc1OC)C(=O)CCC2,0.7645693,0.8023872,0.78347825,11351,0,1.881785866,1
COc1cc(/C=C/C(=O)O)cc(OC)c1O,0.99999976,0.9894881,0.99474393,11374,0,1.977193198,1
COc1ccc(CCc2cc(OC)c(O)c(OC)c2)cc1O,0.999996,0.9668974,0.9834467,11609,0,1.982310999,1
COc1ccc2c(c1)C(=O)c1ccc(OC)cc1C2=O,0.6552517,0.74782753,0.701539615,11738,0,1.831773488,1
Cc1ccc2c(c1)C(=O)c1cc(O)ccc1C2=O,0.9993644,0.9221402,0.9607523,11757,0,1.952383426,1
CCCCOCCCC,0.9994821,0.70586395,0.852673025,12003,0,1.644364623,1
CC(=O)c1ccc(C2CCCCC2)cc1,0.9999984,0.9554479,0.97772315,12292,0,1.610667287,1
CC(=O)c1ccc2ccccc2c1,0.99999356,0.9016919,0.95084273,12345,0,1.382021039,1
CCC(=O)c1ccccc1,0.9999976,0.8793414,0.9396695,12406,0,1.315700685,1
COc1ccc2oc(=O)ccc2c1,0.9955597,0.86228746,0.92892358,12485,0,1.737418128,1
O=C(CCCCc1ccc(O)cc1)CCc1ccc(O)cc1,0.9999995,0.9643769,0.9821882,12795,0,1.90391017,1
CCCCCCCC(=O)OCCCCCC,0.99998003,0.80895275,0.90446639,12940,0,1.70104386,1
COc1c(O)c(-c2ccccc2)cc(O)c1-c1ccccc1,0.9999819,0.93863106,0.96930648,13143,0,1.950784896,1
COc1ccc2cc(C(=O)c3ccccc3)c(=O)oc2c1,0.99994963,0.8253295,0.912639565,13199,0,1.835282082,1
COc1cc2c(C)cccc2ccc1=O,0.99967355,0.8889377,0.944305625,13263,0,1.898028723,1
O=C1CCCCCCCCCCCCCC1,0.99999934,0.89365834,0.94682884,13366,1,1.972574085,1
O=C1c2ccccc2C(=C2c3ccccc3C(=O)c3ccccc32)c2ccccc21,0.7137273,0.89263916,0.80318323,13607,1,1.666207803,1
COc1ccc(C(=O)O)cc1OC,0.99978226,0.80908823,0.904435245,13820,0,1.347222607,1
C1CCCC1,0.9467036,0.7709382,0.8588209,13969,0,1,1
CCOCCOCC(=O)O,0.9698997,0.70736617,0.838632935,14144,0,1.999387315,1
COC(=O)c1ccc(O)c(OC)c1,0.9997089,0.7907235,0.8952162,14488,0,1.552224805,1
O[C@H]1[C@@H](O)[C@@H](O)[C@@H](O)[C@@H](O)[C@@H]1O,0.99989074,0.8321061,0.91599842,14610,1,1.713869359,1
COc1ccc(CC(=O)O)cc1,0.77965087,0.7323567,0.756003785,14732,0,1.331210093,1
COc1ccc2c(=O)cc(-c3ccccc3)oc2c1,0.99999833,0.99611574,0.998057035,14733,0,1.761758034,1
COc1cc(C)cc2c1[nH]c1ccccc12,0.9999942,0.9244819,0.96223805,14827,0,1.873969211,1
O=C(c1ccccc1)C(O)c1ccccc1,0.99997574,0.87761134,0.93879354,15211,0,1.97540974,1
COc1cc(O)c(C(C)=O)c(OC)c1,0.99999887,0.9570179,0.978508385,15454,0,1.929959172,1
CCCCCCCCOC(=O)CCCC,0.9999741,0.7786867,0.8893304,15522,0,1.710650701,1
COc1c(O)ccc(C(=O)c2ccccc2)c1O,0.9924763,0.553033,0.77275465,15647,0,1.906167734,1
CC(=O)CCc1ccc(O)cc1,0.99999905,0.9172718,0.958635425,16025,0,1.648819883,1
COc1cc(C(=O)O)cc2c1[nH]c1ccccc12,0.9999835,0.8779006,0.93894205,16068,0,1.939210901,1
COc1ccc(OCC(=O)O)cc1,0.9855837,0.53397965,0.759781675,16331,0,1.350008981,1
CCCCCCCC(=O)OCCCC,0.999983,0.8106673,0.90532515,16519,0,1.668461651,1
COc1cc(O)cc(-c2ccc(O)c(O)c2)c1,0.99999565,0.96344274,0.981719195,16584,0,1.985291786,1
CCCCCCCCCCCCCCC(C)=O,0.99999803,0.8665671,0.933282565,16793,1,1.759249274,1
COc1ccc(CCc2ccc(OC)c(OC)c2)cc1O,0.99999064,0.97892094,0.98945579,16799,0,1.747127062,1
C/C=C/c1ccc(OC(C)=O)c(OC)c1,0.9999981,0.98626536,0.99313173,16936,0,1.960048316,1
CC(C)(C)C(=O)OCCc1ccccc1,0.9879909,0.5715882,0.77978955,17691,0,1.672592031,1
O=C(O)CCCO,0.8457105,0.7014629,0.7735867,17934,0,1.829931279,1
CCCCCCCCCCOC(C)=O,0.9999955,0.81647617,0.908235835,17997,0,1.691190645,1
COc1ccc2c(=O)cc(-c3ccccc3)n(C)c2c1,0.9991226,0.75906044,0.87909152,18041,0,1.929608103,1
COc1ccc(C(C)=O)cc1O,0.99994963,0.9387986,0.969374115,18210,0,1.620744446,1
COc1ccccc1CCc1cc(O)cc(O)c1,0.99999934,0.9873839,0.99369162,18303,0,1.91467063,1
COc1ccc(C(=O)/C=C/c2ccc(O)cc2)c(O)c1,0.9999998,0.9979386,0.9989692,18565,0,1.961012499,1
CNc1ccc(-c2nc(=O)c3ccccc3[nH]2)cc1,0.93343925,0.81910896,0.876274105,18714,0,1.879510762,1
COc1ccc(/C=C/C(C)=O)cc1,0.9999998,0.98191285,0.990956325,19010,0,1.704478212,1
COc1ccc(C=CC(=O)O)cc1,0.99999994,0.99153537,0.995767655,19186,0,1.584082058,1
COc1cc(/C=C/C(=O)CCCCc2ccccc2)ccc1O,0.9999998,0.9971451,0.99857245,19206,0,1.964216696,1
COc1ccc(/C=C/C(=O)O)cc1O,0.99999976,0.9943218,0.99716078,19931,0,1.909676132,1
COc1ccc(CCC(=O)c2c(O)cc(OC)cc2OC)cc1,0.9999962,0.9180784,0.9590373,19995,0,1.954077994,1
COc1cc(OC)c(OC)cc1C=O,0.9999905,0.8382823,0.9191364,20178,0,1.800761557,1
O=C(O)c1cc(O)ccc1O,0.9999426,0.6711766,0.8355596,20283,0,1.80404649,1
COc1cc(C(=O)O)ccc1O,0.9998892,0.8269593,0.91342425,20317,0,1.542219446,1
COc1ccc(CCOC(=O)c2ccc(O)c(OC)c2)cc1,0.9971052,0.8537709,0.92543805,20334,0,1.726294077,1
c1ccc2nc(CCc3ccc4c(c3)OCO4)ccc2c1,0.79274625,0.6354117,0.714078975,20394,0,1.966524939,1
COc1cc(C)c(C(=O)O)c(C)c1,0.9769995,0.66022986,0.81861468,20403,0,1.791075497,1
Cc1cccc(O)c1C(=O)O,0.9710517,0.5361176,0.75358465,20616,0,1.830086808,1
COc1cc(C(=O)O)ccc1C,0.9999564,0.7758811,0.88791875,20692,0,1.438585311,1
COc1cccc(CCc2cc(OC)cc(OC)c2)c1,0.99999857,0.97620136,0.988099965,20797,0,1.69938786,1
COc1ccc(O)c2ccccc12,0.9985778,0.8256195,0.91209865,20874,0,1.520744532,1
Cc1cccc2c(C(=O)O)cccc12,0.60350055,0.5956843,0.599592425,20889,0,1.567406029,1
COC(=O)c1ccc(OC)c(OC)c1O,0.99639463,0.5431133,0.769753965,21193,0,1.856720042,1
OC(=NCCc1ccc(O)cc1)c1ccccc1,0.9999957,0.87455416,0.93727493,21388,0,1.967758621,1
COc1cc(C(C)=O)ccc1O,0.9999878,0.90933746,0.95466263,21478,0,1.579093484,1
CC(=O)c1cccc(C)c1,0.9999612,0.8241141,0.91203765,21778,0,1.333720649,1
CCCCCCCCCCCCCCCCCCCCCCCCC(=O)O,0.9993337,0.7852389,0.8922863,22035,1,1.671311065,1
CC(=O)OCCCOC(C)=O,0.99969363,0.7252564,0.862475015,22104,0,1.920621556,1
Cc1cccc(-c2cccc(C)c2)c1,0.9999996,0.9481432,0.9740714,22259,0,1.341045201,1
COc1ccc(OC)c(-c2cc(=O)c3ccccc3o2)c1,0.99999523,0.99224454,0.996119885,22364,0,1.892095159,1
O[C@H]1[C@H](O)[C@@H](O)[C@H](O)[C@@H](O)[C@@H]1O,0.99989074,0.8321061,0.91599842,22803,1,1.713869359,1
CCCCCCCCCCCCCCCCCCCCCCC(=O)OCC,0.9999731,0.78149223,0.890732665,22877,1,1.78455621,1
CC(=O)c1cc(O)ccc1O,0.9999985,0.9541688,0.97708365,22902,0,1.905853917,1
O=C(CCc1ccc(O)cc1O)c1ccc(O)cc1,0.9999965,0.9406987,0.9703476,22908,0,1.969640816,1
CCC(=O)c1ccc(O)c(OC)c1,0.99988204,0.8560838,0.92798292,22929,0,1.735583486,1
CCCCCCCCCCCCCC(C)=O,0.99999803,0.8665671,0.933282565,23032,1,1.738585398,1
CCCCCCCCCCCCCCCCCCCCCCCCCCCCCC(=O)O,0.9993337,0.7852389,0.8922863,23109,1,1.707659022,1
OCCc1c[nH]c2ccccc12,0.9978866,0.54297477,0.770430685,23242,0,1.78900266,1
COc1ccc2oc(CCc3ccccc3)cc(=O)c2c1,0.9767445,0.8632534,0.91999895,23258,0,1.917287252,1
COc1ccc(-[13c]2coc3[13cH]c(O)ccc3[13c]2=O)cc1,0.9999302,0.9795356,0.9897329,23282,0,1.952252637,1
COC(=O)CCc1ccc(O)c(OC)c1,0.9999793,0.8958536,0.94791645,23284,0,1.719229929,1
C/C=C\c1ccc(OC(C)=O)c(OC)c1,0.9999981,0.98626536,0.99313173,23373,0,1.960048316,1
CC/C=C\CCOC(=O)Cc1ccccc1,0.8642988,0.76961803,0.816958415,23405,0,1.974317706,1
COc1ccc(CCN(C)C(=O)/C=C/c2ccccc2)cc1OC,0.99999934,0.9765758,0.98828757,23447,0,1.938520134,1
COc1cc(/C=C/c2ccc(O)c(OC)c2)cc(OC)c1,0.9999993,0.9865028,0.99325105,23635,0,1.972465002,1
COc1ccc(/C=C/C(=O)c2ccc(O)cc2O)cc1,0.9999998,0.99837464,0.99918722,23757,0,1.934734477,1
COC(=O)CCCCCCCCO,0.999914,0.80237246,0.90114323,24621,0,1.750766673,1
COc1cc(O)ccc1C/C=C/c1ccccc1,0.9999998,0.9969526,0.9984762,24808,0,1.970823414,1
COc1ccc2nc3ccccc3nc2c1,0.99987936,0.6230531,0.81146623,24995,0,1.656112469,1
COc1cc(CCc2ccc(OC)c(O)c2)cc(OC)c1,0.9999945,0.982347,0.99117075,25001,0,1.878414416,1
CCCCCC(=O)NCC(=O)O,0.6760793,0.5483861,0.6122327,25064,0,1.668076658,1
CCCCCCCCCCCCC(C)=O,0.99999803,0.8665671,0.933282565,25473,0,1.719205646,1
N[C@@H](Cc1ccccc1)C(=O)O,0.99995166,0.66207147,0.831011565,25816,0,1.881883793,1
COc1ccc2oc3cccc(OC)c3c(=O)c2c1,0.9999457,0.96986705,0.984906375,26116,0,1.93577202,1
COc1cc(C=Cc2ccccc2)cc(OC)c1,0.9999998,0.9846433,0.99232155,26143,0,1.722873414,1
O=C(CC/C=C/c1ccccc1)CCc1ccccc1,0.99999994,0.98394924,0.99197459,26159,0,1.855032093,1
COc1ccc(CCC(C)=O)cc1OC,0.99999064,0.9106965,0.95534357,26257,0,1.6083425,1
COc1cc(CCCO)cc(OC)c1O,0.9999911,0.92231035,0.961150725,26753,0,1.896822049,1
COc1cccc(CNC(=O)CCCCCC(=O)c2ccccc2)c1,0.996629,0.6518373,0.82423315,26797,0,1.726314698,1
COCCCC(C)=O,0.99998575,0.77654356,0.888264655,26976,0,1.864791847,1
COc1cc2nc3ccccc3nc2cc1OC,0.99910516,0.5849722,0.79203868,27085,0,1.75486868,1
COc1ccc(C=CC(=O)c2ccc(O)cc2O)cc1,0.9999998,0.99837464,0.99918722,27251,0,1.934734477,1
CCCCCCCCCCCCCCCCCCCCCC(=O)OCC,0.9999731,0.78149223,0.890732665,27299,1,1.780870189,1
COc1ccc(-c2cc(=O)c3ccccc3o2)cc1,0.99999785,0.9966488,0.998323325,27420,0,1.715179573,1
O=c1cc(-c2ccccc2)c2ccc(Cl)cc2o1,0.9999773,0.7593265,0.8796519,27484,0,1.77436513,1
N=C(O)c1ccccc1,0.9999859,0.8296776,0.91483175,27576,0,1.889081546,1
CCCCCCCCCCCC(C)=O,0.99999803,0.8665671,0.933282565,27802,0,1.70133384,1
COc1ccc2c(c1O)C(=O)c1ccccc1C2=O,0.53251463,0.58797216,0.560243395,28091,0,1.912963022,1
COc1cc(C(=O)CO)ccc1O,0.9999885,0.8634308,0.93170965,28285,0,1.889133376,1
CCCCCC(=O)CCC(=O)OC,0.9999849,0.84560543,0.922795165,28402,0,1.885477992,1
COc1ccc(C(=O)CCc2c(OC)cc(O)cc2OC)cc1,0.9999935,0.9298484,0.96492095,28516,0,1.999039052,1
CC(=O)CCCC(=O)O,0.9996545,0.7397286,0.86969155,28958,0,1.8283959,1
O=c1ccc2ccccc2o1,0.9996901,0.85872287,0.929206485,29761,0,1.671928221,1
CCCCCCCCCCCCCCCCCCCCCCCC(=O)OC,0.999914,0.80237246,0.90114323,29811,1,1.759710948,1
COc1ccc(C=CC(=O)c2ccc(OC)cc2O)cc1,0.9999998,0.9980781,0.99903895,30158,0,1.854286906,1
COC(=O)CCCCCCCCCCCCCCCCO,0.999914,0.80237246,0.90114323,30289,1,1.891042851,1
Nc1nc2ccccc2[nH]1,0.9935453,0.5285552,0.76105025,30645,0,1.892856635,1
CCOC(=O)CC(=O)O,0.9998317,0.77329665,0.886564175,30703,0,1.886561786,1
COc1ccc2c(ccc3cc(OC)cc(OC)c32)c1,0.9999383,0.9022544,0.95109635,31358,0,1.888225107,1
COc1cccc2ccc(C)nc12,0.9998217,0.63981825,0.819819975,31513,0,1.661462619,1
COC(=O)c1ccc(OC)c(OC)c1,0.99936986,0.76912516,0.88424751,31775,0,1.376260343,1
COC(=O)CCCCCCCCCC(=O)OC,0.999914,0.80237246,0.90114323,32132,0,1.734853791,1
O=Cc1ccc2c(c1)C(=O)c1ccccc1C2=O,0.5544973,0.82375044,0.68912387,32241,0,1.942115878,1
Cc1cc(C(=O)O)ccc1O,0.9982846,0.68409115,0.841187875,32453,0,1.606566915,1
COc1cc(C(=O)O)c2cccc(C)c2c1,0.99998045,0.7268577,0.863419075,32721,0,1.763985189,1
COc1ccc(-c2c(OC)cc(-c3ccccc3)c(OC)c2OC)cc1,0.99999475,0.96062464,0.980309695,32826,1,1.902956724,1
COc1ccccc1C(=O)O,0.99952585,0.6380358,0.818780825,33002,0,1.277468029,1
COc1ccc(CCN(C)C(=O)/C=C/c2ccc(O)cc2)cc1,0.99999976,0.9885714,0.99428558,33080,0,1.974088649,1
COCC(=O)c1ccc(O)cc1,0.99991924,0.913513,0.95671612,33131,0,1.694121981,1
COc1ccc(C(C)=O)cc1,0.99953586,0.9276156,0.96357573,33244,0,1.206201875,1
CCc1ccc(OC)cc1,0.99994993,0.9217511,0.960850515,33695,0,1.138435301,1
O=C(O)/C=C/c1ccc(OC(=O)CCc2ccccc2)cc1,0.9999998,0.99160045,0.995800125,33866,0,1.803868412,1
CC(=O)OCC(=O)c1ccc(C)cc1O,0.9999874,0.93256646,0.96627693,34113,0,1.891169273,1
COc1ccc(CCC(C)=O)cc1,0.9999976,0.9024171,0.95120735,34241,0,1.460966673,1
O=C(O)c1c(O)cccc1O,0.9998026,0.594938,0.7973703,34243,0,1.971589726,1
COc1cccc(CCc2cc(OC)c(O)c(OC)c2)c1,0.99999475,0.96799356,0.983994155,34802,0,1.810622238,1
COc1cccc(/C=C/C(=O)O)c1,1,0.9944809,0.99724045,34909,0,1.683320519,1
COc1cc(O)ccc1CCC(=O)c1ccc(O)cc1,0.9999921,0.9472963,0.9736442,34979,0,1.900507279,1
COC(=O)c1ccccc1O,0.9807041,0.5009564,0.74083025,35046,0,1.461704952,1
COc1ccc(/C=C/c2cc(O)cc(O)c2)cc1,0.9999998,0.9889656,0.9944827,35097,0,1.969726738,1
O=C(c1ccccc1)c1ccccc1-c1nc2ccccc2c(=O)o1,0.7371831,0.62215996,0.67967153,35212,0,1.901147548,1
COC(=O)c1ccccc1,0.9917219,0.5191707,0.7554463,35313,0,1.091689696,1
COc1cc(CCc2ccc(O)cc2)cc(O)c1OC,0.9999919,0.9697659,0.9848789,35613,0,1.95327596,1
CCCCCCCCCCCOc1cccc(O)c1,0.99655896,0.72695845,0.861758705,35815,1,1.745029363,1
CC(=O)c1ccc(O)cc1O,0.99999785,0.96758264,0.983790245,36052,0,1.887586543,1
COC(=O)c1ccccc1OC,0.9960797,0.62281364,0.80944667,36469,0,1.319600303,1
COc1cc(C(=O)CCO)ccc1O,0.99987286,0.8771203,0.93849658,36622,0,1.908404472,1
COCc1ccccc1N,0.6956845,0.502379,0.59903175,36722,0,1.715251235,1
COc1ccc2cc(OC)c(=O)oc2c1,0.9974521,0.89372253,0.945587315,36792,0,1.978511141,1
CCCCCCCCCCCCCCCCC(C)=O,0.99999803,0.8665671,0.933282565,36916,1,1.726764529,1
CC(C)Oc1ccc2c(=O)c(-c3ccccc3)coc2c1,0.99985546,0.95538235,0.977618905,37141,0,1.956015928,1
COC(=O)c1cc(OC)cc(OC)c1C(=O)OC,0.9993937,0.72747976,0.86343673,37474,0,1.972029849,1
COc1ccc(C(=O)/C=C/c2ccc(O)cc2)c(OC)c1,0.9999998,0.9977145,0.99885715,37579,0,1.889833972,1
COc1ccc(C(=O)O)c(OC)c1OC,0.9995909,0.60100013,0.800295515,37651,0,1.730245811,1
COc1cccc(CCC(=O)O)c1,0.99999624,0.89143324,0.94571474,37763,0,1.443662827,1
COc1ccc(O)c(C(C)=O)c1,0.9999991,0.916478,0.95823855,38022,0,1.669132427,1
Cc1cc2c(cc1O)C(=O)c1ccccc1C2=O,0.99946594,0.9358409,0.96765342,38105,0,1.980333272,1
CCCCCCCCCCCCCCCCCCCCCCCCCCCC(C)=O,0.99999803,0.8665671,0.933282565,38150,1,1.702977391,1
O[C@H]1[C@H](O)[C@H](O)[C@@H](O)[C@H](O)[C@H]1O,0.99989074,0.8321061,0.91599842,38205,1,1.713869359,1
COc1cc(OC)c(OC)c(C(=O)OCc2ccccc2)c1OC,0.9996157,0.55353814,0.77657692,38224,0,1.903224538,1
COc1cccc2oc(-c3ccccc3)cc(=O)c12,0.9999978,0.9961571,0.99807745,38245,0,1.856538734,1
O=C(O)CCCCCCCCCCCO,0.9993337,0.7852389,0.8922863,38378,0,1.746644108,1
COc1cc(/C=C/COC(=O)c2ccccc2)ccc1O,0.999993,0.94368315,0.971838075,38492,0,1.904907467,1
Oc1ccc(CCN2CCC(c3ccc(Cl)cc3)CC2)cc1O,0.9997463,0.6840162,0.84188125,38659,0,1.983571941,1
COc1ccc(O)c(C(C)(C)C)c1,0.9999992,0.9646568,0.982328,39121,0,1.816670519,1
O=C(C=Cc1ccc(O)cc1)OCCc1ccc(O)cc1,0.9999998,0.9879034,0.9939516,39179,0,1.960132851,1
CCOC(=O)CCCCCCCCO,0.9999731,0.78149223,0.890732665,39232,0,1.74393384,1
COCCCOC(C)=O,0.99969363,0.7252564,0.862475015,39353,0,1.829045315,1
CC(=O)c1ccccc1N,0.99455214,0.64755994,0.82105604,39374,0,1.646207828,1
COCc1ccc(COC)cc1,0.9999388,0.8653496,0.9326442,39459,0,1.525110792,1
COc1cc(C(C)C)c(OC)cc1C,0.9999997,0.9773422,0.98867095,39466,0,1.787676843,1
COc1ccc(CCC(=O)c2ccc(O)cc2O)cc1,0.99998575,0.89079714,0.945391445,39544,0,1.820565521,1
COc1cc2[nH]c3ccccc3c2cc1O,0.9999976,0.96599025,0.982993925,39638,0,1.909225733,1
COc1ccc(CCC(=O)c2ccc(O)cc2)c(O)c1,0.9999961,0.9332383,0.9666172,40591,0,1.879668817,1
COc1ccc(-c2c(C)c(C)cc3ccc(O)cc23)cc1,0.9999924,0.97135514,0.98567377,40673,0,1.991253529,1
COc1cccc(C(=O)c2ccc(O)cc2O)c1,0.99991345,0.57101625,0.78546485,40825,0,1.784731426,1
O=C(O)NCc1ccccc1,0.9998465,0.73455286,0.86719968,40980,0,1.378612247,1
CCCCCCCCCCCCCCCCCCCCCCC(=O)OC,0.999914,0.80237246,0.90114323,41754,1,1.756382229,1
COc1ccc(-c2cc(=O)c3cc(C)ccc3o2)cc1,0.9999945,0.9937923,0.9968934,41977,0,1.823626727,1
COc1ccc(C(=O)O)c(O)c1,0.99971914,0.79033846,0.8950288,42276,0,1.588223292,1
COc1cc(/C=C/c2ccc(OC)c(O)c2)cc(OC)c1,0.9999993,0.9852089,0.9926041,42468,0,1.998622499,1
COc1cc(=O)n(C)c2ccccc12,0.9927388,0.8080862,0.9004125,43364,0,1.787041532,1
COc1cc(C)c(OC)c(OC)c1,0.9999983,0.85290456,0.92645143,43527,0,1.647375574,1
COC(=O)CCCCCCCO,0.999914,0.80237246,0.90114323,43611,0,1.742843659,1
COc1ccc(/C=C\c2cc(O)cc(O)c2)cc1,0.9999998,0.9889656,0.9944827,43737,0,1.969726738,1
COc1cc(CC(=O)O)ccc1O,0.9998398,0.8707282,0.935284,43763,0,1.676314036,1
CCCCCCOC(=O)CCCCC,0.99992865,0.78054667,0.89023766,44039,0,1.65801668,1
CCC(=O)c1ccc(O)cc1,0.99996567,0.92440695,0.96218631,44312,0,1.59584649,1
COc1cc(O)c(C(=O)CCc2ccccc2)c(OC)c1,0.9999962,0.9180784,0.9590373,44419,0,1.889963047,1
COc1ccc(C=CC(=O)O)cc1OC,0.99999976,0.99345255,0.996726155,44608,0,1.686975145,1
COC(=O)c1cc(OC)c(OC)c(OC)c1,0.99963135,0.77411383,0.88687259,44958,0,1.621556347,1
COc1ccc(C(C)=O)c(OC)c1OC,0.9997039,0.7373574,0.86853065,44976,0,1.786391965,1
COC(=O)c1ccc2[nH]c3cc(OC)ccc3c2c1,0.9999816,0.79081345,0.895397525,45595,0,1.86051561,1
CCC(=O)c1ccc2c(c1)OCO2,0.9968512,0.58721215,0.792031675,46235,0,1.866176133,1
COC(=O)c1ccc(O)cc1O,0.9992485,0.73445445,0.866851475,46721,0,1.777115119,1
CCCCCOC(=O)CCCCC,0.99992865,0.78054667,0.89023766,46904,0,1.638335904,1
O[C@H]1[C@H](O)[C@@H](O)[C@H](O)[C@@H](O)[C@H]1O,0.99989074,0.8321061,0.91599842,47203,1,1.713869359,1
CCCCCCCCCCCCCCCCCCCCCCCCCCCC(=O)OC,0.999914,0.80237246,0.90114323,47319,1,1.784728751,1
COc1ccc(OC)c2oc(=O)ccc12,0.9998775,0.9632656,0.98157155,47322,0,1.968650701,1
CN(C)c1ccc(C(=O)c2ccc(N(C)C)cc2)cc1,0.84312755,0.5324785,0.687803025,47451,0,1.713847291,1
COc1cc(OC)c2c(=O)cc(-c3ccccc3)oc2c1,0.9999977,0.9964926,0.99824515,47519,0,1.963379774,1
CCCCCCCCCCCCCCCCCCCCCC(=O)OCCCCCCCC,0.99998003,0.80895275,0.90446639,47803,1,1.877519875,1
COC(=O)Cc1ccccc1[N+](=O)[O-],0.6854511,0.5450993,0.6152752,47865,0,1.781249412,1
OCc1cccc2ccccc12,0.99932367,0.7652204,0.882272035,48212,0,1.461881342,1
COC(=O)CC(=O)OC,0.99875337,0.7653589,0.882056135,48368,0,1.966436034,1
CCCCCCCCCCCCCCCCCCCCCCC[13C](=O)O,0.9993337,0.7852389,0.8922863,48670,1,1.667364026,1
COC(=O)c1ccc(OC(C)=O)c(OC)c1,0.9970673,0.68072575,0.838896525,48738,0,1.630714128,1
COc1cc(C(=O)O)cc(O)c1OC,0.999697,0.81742764,0.90856232,48840,0,1.882414473,1
COc1ccc2occc2c1,0.9986572,0.80925006,0.90395363,48864,0,1.841301298,1
CCCCCCCCCCCCCCCCCCCCCCCCCCCCCCCCCCO,0.99994594,0.7835395,0.89174272,49125,1,1.542805625,1
NC(Cc1ccccc1)C(=O)O,0.99995166,0.66207147,0.831011565,49317,0,1.881883793,1
COc1ccc(CCC(=O)O)cc1OC,0.99996233,0.8711149,0.935538615,49444,0,1.505212293,1
COc1ccc2[nH]cc(CCO)c2c1,0.99935365,0.6492611,0.824307375,49445,0,1.923802124,1
CCCCCCCCCCCCCCCCCCOC(C)=O,0.9999955,0.81647617,0.908235835,49466,1,1.804539387,1
COc1cc(O)cc(-c2ccccc2)c1,0.99999714,0.9372051,0.96860112,49475,0,1.56771845,1
COc1cc(C)c(C(=O)O)c(O)c1,0.997906,0.74462146,0.87126373,49548,0,1.95105966,1
CCCCCCCCCCCCCCCCOC(=O)CCCCCCCCCCCCCCC,0.99998003,0.80895275,0.90446639,50033,1,1.896808442,1
COC(=O)c1cc(OC)c2[nH]c3ccccc3c2c1,0.99995613,0.8391791,0.919567615,50264,0,1.9429592,1
c1ccc2c(Cc3c[nH]c4ccccc34)c[nH]c2c1,0.9987561,0.64660966,0.82268288,50378,0,1.904966352,1
COc1cc(OC)c(C(C)=O)cc1OC,0.99999315,0.91169506,0.955844105,50744,0,1.651450811,1
COC(=O)c1ccc2[nH]c3cc(O)ccc3c2c1,0.9999807,0.848366,0.92417335,50755,0,1.995276964,1
CCCCCCCCCCCCCC(=O)CCCC(=O)NCc1ccccc1,0.9994256,0.50342196,0.75142378,50794,1,1.972693015,1
CCCCCCCCCCCCCCCCCCCCCCCC(=O)NCC(=O)O,0.8454291,0.56825465,0.706841875,50860,1,1.967814386,1
CCCCCCCCCCCCCCCCCCCCCCCCCC(C)=O,0.99999803,0.8665671,0.933282565,50886,1,1.693261524,1
O[C@H]1[C@H](O)[C@@H](O)[C@H](O)[C@H](O)[C@H]1O,0.99989074,0.8321061,0.91599842,51045,1,1.713869359,1
CCOc1ccc(/C=C/C(=O)O)cc1,0.99999994,0.9901119,0.99505592,51193,0,1.647007213,1
CCCCCCCCCOC(C)=O,0.9999955,0.81647617,0.908235835,51308,0,1.674274365,1
C=C(C)c1ccccc1OC,0.99999934,0.97565633,0.987827835,52035,0,1.730837259,1
COc1cc(Cc2ccc(O)cc2)ccc1O,0.9999969,0.8828675,0.9414322,52270,0,1.702627159,1
COc1ccc(-c2coc3cc(C)c(OC)cc3c2=O)cc1,0.9969299,0.9703153,0.9836226,52579,0,1.983193829,1
COc1cc2c(-c3ccccc3)cc(=O)oc2cc1O,0.98787236,0.8988901,0.94338123,52710,0,1.935880168,1
COc1cccc2oc(=O)ccc12,0.9999383,0.96562093,0.982779615,52900,0,1.809724989,1
Cc1ccc(C(=O)COC(=O)c2ccccc2)cc1,0.9990385,0.8029713,0.9010049,53085,0,1.420923302,1
COc1cc(CCO)ccc1O,0.9999881,0.89331,0.94664905,53166,0,1.752229673,1
CCCCCCCCCCCCCCCC(=O)OCCCCCCCCCCCCCC,0.99998003,0.80895275,0.90446639,53938,1,1.877519875,1
COc1cc(CO)ccc1O,0.99999696,0.9269338,0.96346538,54668,0,1.679555721,1
COc1cc(/C=C/C(=O)O)cc(OC)c1OC,0.9999998,0.9887638,0.9943818,54746,0,1.865547853,1
COc1ccc(CCc2cc(OC)cc(O)c2C(=O)O)cc1,0.99998885,0.9513467,0.975667775,55033,0,1.974069133,1
CC(=O)Oc1ccc(O)cc1,0.97631055,0.78430414,0.880307345,55165,0,1.581764952,1
CCCCCCCCCCCOC(C)=O,0.9999955,0.81647617,0.908235835,55264,0,1.709786965,1
CN[C@@H](Cc1ccccc1)C(=O)O,0.99997634,0.65950686,0.8297416,55713,0,1.994885129,1
c1ccc(Cn2c3ccccc3c3nc4ccccc4cc32)cc1,0.99996585,0.8408308,0.920398325,55821,1,1.872532804,1
COc1cc(O)cc(O)c1C(=O)CCc1ccccc1,0.9999957,0.9252294,0.96261255,55842,0,1.974932828,1
COc1c(O)ccc(C(=O)c2ccccc2)c1OC,0.93194246,0.5274702,0.72970633,55931,0,1.861585954,1
COc1ccc2c(=O)c(-c3ccccc3)c(C)oc2c1,0.9999575,0.96875554,0.98435652,55941,0,1.834686646,1
COc1ccc2c(c1)C(=O)c1ccccc1C2=O,0.6552517,0.74782753,0.701539615,55970,0,1.690110449,1
COc1ccc(/C=C/C(=O)c2ccc(OC)cc2OC)cc1,0.9999998,0.9978592,0.9989295,56110,0,1.794772241,1
COc1ccc2c(=O)cc(-c3ccc(O)cc3)oc2c1,0.9999978,0.99692196,0.99845988,56182,0,1.927890694,1
COc1cc2oc(=O)cc(-c3ccccc3)c2cc1O,0.9921693,0.8555624,0.92386585,56304,0,1.948878548,1
COc1ccc(C(=O)CCc2ccccc2)c(O)c1,0.9999787,0.8989811,0.9494799,56615,0,1.668536123,1
CCOc1ccccc1,0.9705033,0.77809745,0.874300375,56624,0,1.041975345,1
CCc1ccccc1CO,0.9999879,0.8722132,0.93610055,56691,0,1.608289696,1
COc1ccc(C)cc1O,0.99997205,0.9126466,0.956309325,56748,0,1.495053982,1
COc1ccc(/C=C/C(=O)O)cc1OC,0.99999976,0.99345255,0.996726155,57093,0,1.686975145,1
COc1ccc2c(=O)cc(CCc3ccccc3)oc2c1,0.9991227,0.84572715,0.922424925,57414,0,1.914011842,1
COc1ccc(C(=O)CCc2ccc(O)cc2)c(O)c1,0.9999787,0.8989811,0.9494799,57444,0,1.846843543,1
COc1cc(O)cc(OC)c1OC,0.99316835,0.79032373,0.89174604,57639,0,1.732410739,1
CC(C)C(=O)c1ccccc1,0.9999798,0.7441538,0.8720668,57968,0,1.445924952,1
COC(=O)CCCCCCCCCCCCCCO,0.999914,0.80237246,0.90114323,58242,0,1.847436123,1
COc1cc(C=CC(=O)O)ccc1O,0.99999976,0.99452513,0.997262445,58563,0,1.869063177,1
CCCCCCCCCCCCCCCCCCCCCC(=O)OC,0.999914,0.80237246,0.90114323,58570,1,1.754388393,1
OCc1ccc(OCc2ccc(O)cc2)cc1,0.7081628,0.7909978,0.7495803,58806,0,1.541167053,1
OCCc1ccc(Oc2cc(CCO)ccc2O)cc1,0.99991876,0.9005057,0.95021223,58826,0,1.969905269,1
CCCc1ccc(CCC)c(CCC)c1,0.9998898,0.8685677,0.93422875,59067,0,1.904948503,1
COc1ccc2nccc(C(=O)O)c2c1,0.92049867,0.5590433,0.739770985,60209,0,1.746472679,1
COC(=O)Cc1ccc(O)cc1,0.8164375,0.77044505,0.793441275,60899,0,1.582530373,1
COC(=O)c1ccc(C(=O)OC)cc1,0.9556642,0.6100138,0.782839,60972,0,1.340078157,1
CCCCCCCCCCCCCCCCCCCCCCCCCCCC(=O)O,0.9993337,0.7852389,0.8922863,61015,1,1.690062129,1
Oc1cccc2[nH]c3ccccc3c12,0.9999988,0.9869774,0.9934881,61131,0,1.880814544,1
CCC(=O)OC(C)C,0.9991095,0.71637756,0.85774353,61171,0,1.954095253,1
COc1cc(OC)c(OC)cc1CC(C)=O,0.9971647,0.9133963,0.9552805,61289,0,1.839594629,1
CCCCCCCCCCCCCCCCOC(=O)CCCCCCC,0.99998003,0.80895275,0.90446639,61434,1,1.844649277,1
CCC(=O)c1ccc(OC)c(OC)c1,0.8413968,0.8213442,0.8313705,61488,0,1.545143339,1
O=c1cc(-c2ccccc2)oc2cccc(O)c12,0.99999833,0.99765676,0.998827545,61565,0,1.931391166,1
COc1ccc(C(=O)OCCc2ccc(O)cc2)cc1,0.91601944,0.77001166,0.84301555,61706,0,1.602304459,1
COc1cc(O)c(OC)cc1O,0.9994084,0.8294304,0.9144194,61751,0,1.8549781,1
CC=Cc1ccc(OC(C)=O)c(OC)c1,0.9999981,0.98626536,0.99313173,62251,0,1.960048316,1
COc1ccc2c(c1)c(=O)cc(-c1ccccc1)n2C,0.9973096,0.80198675,0.899648175,62293,0,1.916891504,1
OC1C(O)C(O)C(O)C(O)C1O,0.99989074,0.8321061,0.91599842,62933,1,1.713869359,1
COc1ccc(CCc2ccc3ccccc3n2)cc1OC,0.99983126,0.85607576,0.92795351,63688,0,1.794665184,1
COc1cccc(CCc2ccc(O)cc2)c1,0.9999977,0.97837156,0.98918463,63709,0,1.530115561,1
CCCCCCCCCCCCCCCCCCCCCCCCCCCCCC(=O)OC,0.999914,0.80237246,0.90114323,64010,1,1.803320173,1
CCc1c(O)cc(CCc2ccccc2)cc1O,0.99999976,0.99300843,0.996504095,64031,0,1.968879679,1
CCCC,0.5078175,0.7499735,0.6288955,64285,0,1.605723046,1
COc1ccc(CCc2cc(O)c(C)c(O)c2)cc1,0.9999995,0.9910035,0.9955015,64312,0,1.932590598,1
CCCCCCCC(=O)OC,0.999914,0.80237246,0.90114323,65138,0,1.548220336,1
CC(=O)Oc1ccc(C)cc1,0.9983347,0.86284477,0.930589735,65375,0,1.384701875,1
COc1ccc(CCc2cc(=O)c3ccccc3o2)cc1,0.9995418,0.8252368,0.9123893,65393,0,1.877866571,1
COc1cc(OC)cc(C(=O)O)c1,0.9999166,0.689919,0.8449178,65412,0,1.566047223,1
COc1cc(-c2ccccc2)cc(OC)c1O,0.99996924,0.93680286,0.96838605,65468,0,1.578112736,1
CCCCCCCCCCCCCCCC(=O)OCCCCCCCCCC,0.99998003,0.80895275,0.90446639,65629,1,1.850902189,1
CCCCCCCCCCCCCCCC(=O)OC(=O)CCCCCCCCCCCCCCC,0.9999878,0.7938612,0.8969245,65887,1,1.911101454,1
CC(=O)Oc1ccc(C(C)=O)cc1,0.99956554,0.9232691,0.96141732,66302,0,1.515097332,1
CC(C)(O)c1ccc(C(=O)O)cc1,0.9990809,0.74740106,0.87324098,66444,0,1.739030248,1
COc1cc(O)c(C(=O)c2ccccc2)cc1O,0.999016,0.62914515,0.814080575,66583,0,1.819180657,1
COc1ccc(/C=C/C(=O)c2c(OC)cc(OC)cc2OC)cc1,0.9999998,0.99818784,0.99909382,66760,0,1.993561392,1
COc1ccc2c(c1)[nH]c1ccc(C(=O)O)cc12,0.99999285,0.8387273,0.919360075,67103,0,1.851154793,1
CCCCCCCCCCCCCCCC(C)=O,0.99999803,0.8665671,0.933282565,67344,1,1.741451456,1
CCCCCCCCCCCCCCCCCC(=O)OCCCC,0.999983,0.8106673,0.90532515,67469,1,1.849937302,1
COc1ccc(C(=O)C=Cc2ccc(O)cc2)c(O)c1,0.9999998,0.9979386,0.9989692,67544,0,1.961012499,1
CC(=O)N(C)C,0.84861106,0.6088858,0.72874843,67579,0,1.982013389,1
COc1cc(/C=C/C(=O)c2ccc(O)cc2)ccc1O,0.9999998,0.9980112,0.9990055,67699,0,1.904628982,1
COC(=O)CCCC(C)C,0.9999011,0.792783,0.89634205,67785,0,1.742938597,1
O=C(O)CCc1cccc(O)c1,0.99999493,0.92429113,0.96214303,68094,0,1.640277226,1
O=C(c1ccccc1)n1cc(O)c2ccccc21,0.9993991,0.7994973,0.8994482,68142,0,1.942015426,1
O=C(O)CCCC(=O)c1ccccc1CO,0.9039238,0.6364294,0.7701766,68296,0,1.914335538,1
COc1cc(CCc2cc(OC)c(O)c(OC)c2)ccc1O,0.99999475,0.96799356,0.983994155,69236,0,1.961199019,1
N[C@H](Cc1ccccc1)C(=O)O,0.99995166,0.66207147,0.831011565,69379,0,1.881883793,1
CCCCCCOC(=O)CCCC,0.99991375,0.7556879,0.877800825,69382,0,1.675282058,1
COc1ccc(/C=C/C(=O)c2ccc(OC)cc2O)cc1,0.9999998,0.9980781,0.99903895,69557,0,1.854286906,1
COC(=O)CCCCCCCCC(=O)OC,0.999914,0.80237246,0.90114323,69979,0,1.757493231,1
c1ccc(CCC(CCCC2CCCC2)CCc2ccccc2)cc1,0.9999996,0.94561595,0.972807775,70155,1,1.957815544,1
CCCCCCCCCCCCCCCCCCCCCCCCCCOC(C)=O,0.9999955,0.81647617,0.908235835,70473,1,1.810943547,1
COc1ccc(C(=O)CCc2ccc(O)cc2)c(OC)c1,0.99998087,0.909347,0.954663935,70528,0,1.774694989,1
COc1cc(C)cc(OC)c1OC,0.9999624,0.8385951,0.91927875,70531,0,1.532163706,1
CCCCCCCCCCCCCCCC(=O)OCCCCCCCCC,0.99998003,0.80895275,0.90446639,70576,1,1.847120954,1
COc1ccccc1-c1cc(OC)c(O)c(OC)c1,0.9999884,0.9678442,0.9839163,70748,0,1.723380438,1
O=C(O)c1cc(O)nc2ccccc12,0.9822333,0.52932423,0.755778765,70925,0,1.97828887,1
CCCCCCCC(=O)OCCC,0.9999698,0.7858796,0.8929247,70930,0,1.681182058,1
COc1ccc(-c2cc(=O)c3ccc(O)cc3o2)cc1,0.99999815,0.9978153,0.998906725,71036,0,1.92318786,1
O=C(O)CCCCCCCCCCCCCCCCCO,0.9993337,0.7852389,0.8922863,71037,1,1.724656556,1
COc1cc(OC)cc(C(C)=O)c1,0.99999887,0.92290395,0.96145141,71184,0,1.629972937,1
CCCCCCCCCCCCCCCCCCCCCCCC(C)=O,0.99999803,0.8665671,0.933282565,71194,1,1.688677124,1
COc1cc(C)cc(OC)c1,0.9999966,0.8759532,0.9379749,71271,0,1.480383413,1
COC(=O)c1ccc2oc3cc(OC)ccc3c(=O)c2c1,0.99941283,0.87381405,0.93661344,71312,0,1.915238145,1
O=C(O)CCCCCCCCCCCc1ccccc1,0.99999946,0.86992294,0.9349612,71345,1,1.601653992,1
COc1cc(/C=C\COC(=O)c2ccccc2)ccc1O,0.999993,0.94368315,0.971838075,71602,0,1.904907467,1
COc1cc(/C=C/CO)cc(OC)c1OCc1ccccc1,0.999999,0.9559185,0.97795875,71762,0,1.96596072,1
CC(=O)OCCCc1ccccc1,0.99999577,0.84888214,0.924438955,72094,0,1.457377796,1
COc1cc(CCCO)ccc1O,0.99999,0.9288519,0.96442095,72148,0,1.749828212,1
CC(=O)OCCCCOC(C)=O,0.99992895,0.7626979,0.881313425,72165,0,1.883769446,1
COc1ccc(CCC(=O)c2ccc(O)cc2)c(OC)c1,0.9999941,0.9358037,0.9678989,72314,0,1.787285602,1
CCCCCCCCCCCCCCCCCCCC(C)=O,0.99999803,0.8665671,0.933282565,72436,1,1.698305402,1
COc1ccc(C(=O)/C=C/c2ccc(O)cc2OC)cc1,0.9999998,0.9986709,0.99933535,72504,0,1.893218066,1
CC(=O)CCC(=O)O,0.98300624,0.67440456,0.8287054,72908,0,1.809306023,1
CC(C)=CCOc1ccc(O)cc1,0.999223,0.7674806,0.8833518,73058,0,1.914966673,1
O=C(O)c1cc(O)cc(O)c1,0.9999767,0.83670807,0.918342385,73310,0,1.977810946,1
COc1ccc(C(C)(C)O)cc1,0.99983555,0.9025717,0.951203625,73353,0,1.645295408,1
CCC(=O)CCc1ccc(O)c(OC)c1,0.99999684,0.94918936,0.9745931,73423,0,1.918030305,1
COC(=O)c1ccc(OC)cc1,0.9918327,0.75549656,0.87366463,73425,0,1.20065345,1
Cc1cc2c(cc1O)[nH]c1ccccc12,0.99999887,0.96198153,0.9809902,73786,0,1.983296267,1
CCCCCCCCCCCCCCCCCC(C)=O,0.99999803,0.8665671,0.933282565,74122,1,1.714856941,1
O=C(O)CCCCCO,0.99857825,0.7636191,0.881098675,74171,0,1.6976107,1
CCCCCCCCCCCCCCCCCCCCCCCCCCC(=O)O,0.9993337,0.7852389,0.8922863,74197,1,1.682731223,1
COc1ccccc1C(=O)OCc1ccccc1,0.9997158,0.5475973,0.77365655,74225,0,1.374962172,1
CCC(=O)OCCc1ccccc1,0.9988112,0.6469112,0.8228612,74260,0,1.562732058,1
COc1ccc(CCc2cc(OC)c(OC)c(OC)c2)cc1O,0.99999386,0.96308273,0.981538295,74365,0,1.919231119,1
COc1cc(C=Cc2ccc(O)cc2)cc(OC)c1,0.9999998,0.9856712,0.9928355,74892,0,1.886630995,1
COc1cccc2c(=O)cc(CCc3ccccc3)oc12,0.999971,0.943119,0.971545,74948,0,1.982300619,1
COC(=O)CCCCC(=O)OC,0.9996297,0.7773299,0.8884798,75129,0,1.698455984,1
CCC(=O)c1cc(OC)c(OC)cc1OC,0.9999473,0.8381667,0.919057,75303,0,1.77575098,1
O=c1cc(-c2ccccc2)c2cc(Cl)ccc2o1,0.9956672,0.78391004,0.88978862,75583,0,1.739512763,1
CCCCCCCCCCCCCCCC(=O)CCCCCCCCCCCCCCC,0.99999934,0.89365834,0.94682884,75753,1,1.698702032,1
CCOCCCO,0.9355567,0.71610147,0.825829085,75775,0,1.919323991,1
COc1cc2ccc(=O)oc2cc1OC,0.9568715,0.88369125,0.920281375,75998,0,1.857746306,1
CCCCCCCCC(=O)OC,0.999914,0.80237246,0.90114323,76021,0,1.569548554,1
CCOc1cc(C(=O)O)ccc1OC,0.9990704,0.69333154,0.84620097,76032,0,1.453142934,1
COc1cc(O)cc(CCc2ccc(OC)c(OC)c2)c1,0.9999947,0.9865896,0.99329215,76264,0,1.855392251,1
COc1ccc2c(C(C)=O)cccc2c1,0.99998045,0.90340286,0.951691655,76843,0,1.60403202,1
CCc1ccc(O)c(OC)c1,0.9999959,0.9469231,0.9734595,77169,0,1.552498798,1
COC(=O)c1cccc(O)c1,0.9998023,0.77128696,0.88554463,77207,0,1.518861875,1
CCCCCCCC(=O)CCCCCC(=O)O,0.99999356,0.8375729,0.91878323,77313,0,1.869143178,1
COc1ccc(C(=O)O)cc1,0.9847625,0.7648774,0.87481995,77357,0,1.171041875,1
OCc1ccc2ccccc2c1,0.93769544,0.79700667,0.867351055,77552,0,1.451374089,1
CCCCC,0.8348269,0.7538039,0.7943154,77576,0,1.699621282,1
O=C(O)CCCCO,0.97343606,0.68784183,0.830638945,77853,0,1.70786877,1
CCCCCCCC(=O)OCCC(C)C,0.99994016,0.7733679,0.88665403,77981,0,1.79899053,1
C=CCc1ccc(OC(C)=O)cc1,0.99999756,0.9672632,0.98363038,78167,0,1.876705135,1
COc1cc(C=O)ccc1O,0.99996394,0.8314497,0.91570682,78722,0,1.822051106,1
COc1cc(/C=C/C(=O)N2CCCC2)cc(OC)c1,0.9999995,0.93967795,0.969838725,78734,0,1.974689969,1
COc1ccc(CC(=O)c2ccc(OC)cc2)cc1,0.9999942,0.965215,0.9826046,78911,0,1.448846379,1
COc1ccc2c(c1)C(=O)c1cc(C)ccc1C2=O,0.9957177,0.8984874,0.94710255,79005,0,1.826714546,1
O=C(O)CCCCCCCCO,0.9993337,0.7852389,0.8922863,79125,0,1.706306596,1
COc1ccc2c(c1OC)C(=O)c1ccccc1C2=O,0.58779293,0.6631585,0.625475715,79223,0,1.870132279,1
CCc1cccc(OC(C)=O)c1,0.99999875,0.92756194,0.963780345,79435,0,1.582576526,1
COc1ccc2c(c1)[nH]c1cc(OC)ccc12,0.99999887,0.9410634,0.970531135,79525,0,1.792873175,1
COc1ccc(C(=O)/C=C/c2ccccc2)c(O)c1,0.9999998,0.998099,0.9990494,79554,0,1.803661764,1
CC(=O)c1cccc(C(C)=O)c1,0.9998506,0.7883291,0.89408985,79864,0,1.485225215,1
CCCCCCCCCCCCCCCCCCCCCCCCC(=O)OCC,0.9999731,0.78149223,0.890732665,80026,1,1.795510265,1
COc1cc(-c2ccccc2)cc(O)c1O,0.9999463,0.9300699,0.9650081,80093,0,1.695462322,1
COc1ccccc1C=O,0.99985784,0.83220893,0.916033385,80161,0,1.575677059,1
CCCCCCCCCC(=O)OCCC,0.9999698,0.7858796,0.8929247,80494,0,1.715707844,1
COc1cc(OC)cc(-c2cc(=O)c3ccccc3o2)c1,0.99999785,0.99552584,0.997761845,80944,0,1.962950544,1
COc1ccc(/C=C/C(=O)c2cc(OC)c(OC)c(OC)c2)cc1,0.9999997,0.99452966,0.99726468,81013,0,1.900302379,1
COc1cc(C(=O)O)cc(OC)c1O,0.99986833,0.81023526,0.905051795,81043,0,1.725836927,1
CCOC(=O)c1ccccc1OC,0.9961613,0.573846,0.78500365,81139,0,1.342535904,1
CC(=O)OCCc1ccc(O)cc1,0.9996126,0.8261924,0.9129025,81313,0,1.697658981,1
CC(C)(c1ccc(O)cc1)c1ccc(O)cc1,0.999981,0.8551311,0.92755605,81560,0,1.830471795,1
COC(=O)c1ccc(OC)c(O)c1,0.999862,0.8651665,0.93251425,81587,0,1.590305684,1
COC(=O)CCCC(=O)O,0.98080987,0.66352934,0.822169605,82200,0,1.680758716,1
Nc1ccc(C(=O)O)c(O)c1,0.91177434,0.50319135,0.707482845,82722,0,1.87588893,1
CCCCCCCCCCCCOC(C)=O,0.9999955,0.81647617,0.908235835,82759,0,1.729794629,1
COc1cccc2cccc(O)c12,0.9985326,0.85417014,0.92635137,82821,0,1.724574885,1
CCCCCCCOC(=O)CCCCCCC,0.99998003,0.80895275,0.90446639,82910,0,1.724054082,1
COc1ccc(-c2c(O)cc(-c3ccccc3)c(OC)c2OC)cc1,0.9999946,0.9622466,0.9811206,83384,0,1.955156978,1
COC(=O)CCCCCCCC(=O)OC,0.999914,0.80237246,0.90114323,83545,0,1.739661449,1
COC(=O)c1ccc2[nH]c3ccc(OC)cc3c2c1,0.9999161,0.82689285,0.913404475,83606,0,1.840077149,1
CCCCCOCCOC(C)=O,0.9999501,0.7032316,0.85159085,83861,0,1.843731771,1
COc1cc(O)cc(CCc2ccccc2OC)c1,0.99999946,0.98791355,0.993956505,83870,0,1.822751508,1
CCOC(=O)c1ccc(O)cc1,0.9995866,0.73118657,0.865386585,83871,0,1.404842261,1
O=C(CCc1ccccc1)CC(=O)CCc1ccccc1,0.9999998,0.93383807,0.966918935,84177,0,1.787691792,1
OCC1CCCCCCC1,0.99996185,0.82885885,0.91441035,84461,0,1.719287934,1
CCCOc1ccc(C(=O)O)cc1,0.69801164,0.6784463,0.68822897,84682,0,1.366512827,1
CCCCCCCCCCCCCCCC(=O)OCCCC,0.999983,0.8106673,0.90532515,84980,1,1.856453028,1
COC(=O)c1cc(-c2ccccc2)cc(OC)c1C,0.99998635,0.83900565,0.919496,85047,0,1.725891034,1
COc1ccc(-c2cc(OC)c(-c3ccccc3)c(OC)c2O)cc1,0.9999943,0.96203667,0.981015485,85573,0,1.94809739,1
COc1ccccc1OC,0.9907787,0.8047118,0.89774525,85637,0,1.069867169,1
CCCCCCCCCCCCCCCCCCCCCCCCCC(=O)O,0.9993337,0.7852389,0.8922863,85906,1,1.676458374,1
COc1cc(-c2ccccc2)c(O)c(O)c1-c1ccccc1,0.9999962,0.9552887,0.97764245,85918,0,1.864349731,1
COc1cc(C=CC(=O)c2ccc(O)cc2)ccc1O,0.9999998,0.9980112,0.9990055,86104,0,1.904628982,1
COc1cc(/C=C/C(=O)O)ccc1OC(C)=O,0.9999996,0.9921732,0.9960864,86263,0,1.898137485,1
COc1ccc(C(=O)C=Cc2ccccc2)c(O)c1OC,0.99999976,0.98662835,0.993314055,86356,0,1.986836841,1
CC(=O)Oc1ccccc1C,0.9999779,0.8514185,0.9256982,86402,0,1.484472644,1
CCCCCCCCCCCCCCCCCCCCCCCC(=O)OCC,0.9999731,0.78149223,0.890732665,86422,1,1.789461836,1
COC(=O)CCc1ccccc1,0.9999955,0.8558602,0.92792785,86459,0,1.308654684,1
CCCCCCCCC(=O)OCC,0.9999731,0.78149223,0.890732665,86943,0,1.572558981,1
CCCCCCCCCCCCCCCCCCCCCCCC(=O)O,0.9993337,0.7852389,0.8922863,87109,1,1.667364026,1
CCCOC(=O)c1ccc(O)cc1,0.9994721,0.69372886,0.84660048,87335,0,1.551982058,1
CCCCCCCCCCCCCCCC(=O)OC(C)(C)C,0.9999183,0.76233506,0.88112668,87397,1,1.891732184,1
COc1cc(CCCC(C)=O)ccc1O,0.9999953,0.9363219,0.9681586,87927,0,1.817723363,1
CCCCCC(=O)OC,0.99952435,0.7719614,0.885742875,88099,0,1.509568392,1
CC(=O)Oc1ccc(O)cc1C,0.99999905,0.8847912,0.942395125,88452,0,1.817104542,1
COc1ccc(CNCCc2ccc(O)cc2)cc1O,0.96964717,0.5143481,0.741997635,88486,0,1.822404864,1
COc1ccc(C(=O)C=Cc2ccccc2)c(O)c1,0.9999998,0.998099,0.9990494,88738,0,1.803661764,1
CNc1ccc(C(N)=O)cc1,0.9997819,0.7438045,0.8717932,89015,0,1.584289567,1
CCCCCCCCCCCCCCCC(=O)OCCCCCCCC,0.99998003,0.80895275,0.90446639,89500,1,1.844649277,1
COC(=O)CCc1ccc(O)c(O)c1,0.99999475,0.9543006,0.977147675,90206,0,1.849445363,1
CCCCCCCCC(=O)c1ccc(O)cc1,0.99999785,0.95181936,0.975908605,90232,0,1.661731966,1
COc1cccc(OC)c1C(=O)OCc1ccccc1,0.9997774,0.6472597,0.82351855,90352,0,1.583412961,1
COc1ccccc1C,0.9999363,0.9067292,0.95333275,90421,0,1.143012007,1
COc1ccc(C(C)=O)cc1OC,0.9965529,0.88459873,0.940575815,90680,0,1.380936014,1
COc1ccc(/C=C/C(=O)O)cc1,0.99999994,0.99153537,0.995767655,90699,0,1.584082058,1
COc1ccc(C=O)cc1Oc1ccc(C=O)cc1,0.99991673,0.8318513,0.915884015,90869,0,1.937579713,1
COc1ccc(C(=O)C=Cc2ccccc2)c(OC)c1OC,0.9999996,0.9867222,0.9933609,90905,0,1.926563059,1
COc1ccc(C=CC(=O)O)cc1O,0.99999976,0.9943218,0.99716078,91415,0,1.909676132,1
CC(=O)OCCc1ccc(O)c(O)c1,0.99997705,0.9332325,0.966604775,91846,0,1.963442934,1
COc1ccccc1COC(=O)c1ccccc1,0.9997673,0.54500216,0.77238473,92311,0,1.426653592,1
COc1cccc2nc3ccccc3nc12,0.99995726,0.8669333,0.93344528,92338,0,1.734950112,1
COc1cc(-c2ccccc2)cc(OC)c1OC,0.9999233,0.9339865,0.9669549,92604,0,1.50547063,1
COc1ccccc1COC(=O)c1c(OC)ccc(OC)c1OC,0.9998196,0.57643753,0.788128565,92679,0,1.920354503,1
COc1ccc(/C=C\C(=O)O)cc1,0.99999994,0.99153537,0.995767655,92801,0,1.584082058,1
COc1cc(-c2ccccc2)oc(=O)c1,0.9898856,0.89807004,0.94397782,92866,0,1.899633298,1
CCCCCCCCCCCCCCCCCCCCCC(=O)OCCCCC,0.99998003,0.80895275,0.90446639,93299,1,1.85590654,1
COc1cc(/C=C\C(=O)O)ccc1O,0.99999976,0.99452513,0.997262445,93902,0,1.869063177,1
COc1ccc(CC(=O)O)cc1OC,0.99968004,0.84453756,0.9221088,94220,0,1.490553055,1
CC(C)CCCCCCCCCCCCCCCCCCC(=O)O,0.99936265,0.8080922,0.903727425,94346,1,1.83307012,1
CCCCCCCCCCCCCCCCCCCCCCCCC(=O)OC,0.999914,0.80237246,0.90114323,94437,1,1.76428574,1
CCCCCCCCCCCCCCCCCCCCCCCCOC(C)=O,0.9999955,0.81647617,0.908235835,94438,1,1.800890868,1
