canonical_smiles,prob_1,prob_2,prob_3,prob_4,prob_5,prob_6,prob_avg,ID,lipinski_rule_of_five_violations,sa_score,y_pred
COc1ccc2c(=O)c(-c3ccc(O)cc3)coc2c1,0.999814,0.99999994,0.99999565,0.97402936,0.90644556,0.92969674,0.9683302083333333,723,0,1.956955472,1
COc1ccc(C=O)cc1O,0.99990636,1.0,0.96111417,0.886113,0.92792577,0.79183203,0.9278152216666666,1229,0,1.873494182,1
COc1cc(/C=C/C(=O)OCc2ccccc2)ccc1O,0.9999998,1.0,0.99999887,0.9802089,0.95686203,0.94284105,0.9799851083333334,1641,0,1.80775362,1
COc1ccc2[nH]cc(CCN(C)C)c2c1,0.9998274,0.99908924,0.9671428,0.87801886,0.5190177,0.74312454,0.8510367566666668,1725,0,1.953637706,1
COc1cccc2cc(C)cc(O)c12,0.99995875,0.99905175,0.9664209,0.8438322,0.74215907,0.8263238,0.8962910783333333,1964,0,1.883272302,1
COc1cc(CCc2ccc(O)cc2)cc(OC)c1,0.9999983,1.0,0.9998681,0.97800475,0.82723427,0.9048832,0.9516647700000002,2063,0,1.737648944,1
COc1cc(-c2ccccc2)nc2ccccc12,0.99984026,0.92564565,0.7243361,0.83701515,0.6757967,0.73814696,0.8167968033333333,2114,0,1.519668546,1
COc1cc(CCC(=O)O)ccc1O,0.99998575,0.999901,0.9937323,0.8895652,0.6176571,0.84608626,0.8911546016666666,2426,0,1.672950626,1
O=C(O)CCc1ccc(O)cc1,0.9999905,0.89879704,0.65212727,0.8946369,0.5053753,0.73873264,0.7816099416666668,2514,0,1.520688415,1
COc1cc(OC)c(OC)cc1O,0.9728678,0.99089986,0.99990755,0.79671437,0.69250554,0.8563711,0.8848777033333333,3042,0,1.616953596,1
COc1cc(C)cc(Oc2cc(C)cc(O)c2)c1,0.99985045,1.0,0.99786854,0.8248665,0.76442647,0.87892467,0.9109894383333333,3146,0,1.984686503,1
COc1c(O)cc(CCc2ccccc2)cc1O,0.99999744,0.99887866,0.9999996,0.9778138,0.7776477,0.977745,0.9553470333333333,3537,0,1.91164348,1
COc1ccc(CCc2cc(OC)c(O)c(OC)c2)cc1OC,0.99999565,0.9999997,0.99999887,0.9645631,0.6677101,0.91931295,0.925263395,3631,0,1.862721504,1
O=C1c2ccccc2C(=O)c2cc(CO)ccc21,0.53405744,1.0,0.9923835,0.80424565,0.8919837,0.8906069,0.8522128649999999,3730,0,1.840789182,1
COc1ccc(O)c(C(=O)O)c1,0.99996996,0.9991643,0.9986903,0.5456713,0.61957663,0.8758251,0.839816265,4280,0,1.576869446,1
COc1cc(O)ccc1CCCc1ccc(O)cc1,0.999981,1.0,1.0,0.9505417,0.835615,0.9655959,0.9586222666666667,4289,0,1.850695097,1
COc1ccc(CCN=C(O)c2ccccc2)cc1,0.99999756,1.0,0.9998901,0.8636606,0.7974696,0.6928944,0.8923187100000001,4332,0,1.847128384,1
COc1cc2oc(=O)cc(-c3ccccc3)c2cc1OC,0.985315,0.99945396,0.9997179,0.824068,0.7244317,0.89938855,0.9053958516666668,4781,0,1.823969774,1
[CH2]CCCCCCCCCCCCCCCCC,0.99985784,1.0,0.99999994,0.793122,0.5338221,0.750536,0.84622298,4925,1,1.809625362,1
COc1cc(C(C)=O)cc(OC)c1O,0.9999744,0.99019843,0.9998482,0.88218516,0.56649995,0.8171646,0.8759784566666667,5621,0,1.786307197,1
COc1cc(OC)c(C(=O)c2ccccc2)cc1OC,0.99774146,0.99997395,0.99999934,0.73732835,0.5311988,0.89276856,0.8598350766666667,5629,0,1.614280081,1
COc1cc(COC(=O)CCCCCCC(C)C)ccc1O,0.9999163,0.9999998,0.9614699,0.82965064,0.8402007,0.9001894,0.9219044566666668,5789,0,1.939024744,1
COc1ccc2c(c1)oc(=O)c1cc(OC)c(OC)cc12,0.99896955,1.0,0.995043,0.8772761,0.7822368,0.7907153,0.9073734583333334,6801,0,1.950581039,1
COc1cc(O)cc(C=Cc2ccccc2)c1,0.9999998,1.0,0.9999998,0.9880047,0.9725171,0.97143215,0.9886589249999999,6808,0,1.843405985,1
COc1cc(OC)c2ccc(=O)oc2c1,0.99996644,0.9999587,0.9941978,0.9754498,0.85376126,0.7768581,0.93336535,7239,0,1.938733119,1
COc1ccc(C=CC=O)cc1OC,0.99999976,1.0,1.0,0.9939557,0.87118196,0.9767931,0.9736550866666667,7265,0,1.976879402,1
COc1ccc(CCc2cccc(OC)c2)cc1,0.9999974,1.0,0.9999554,0.9774282,0.72689146,0.8912689,0.9325902266666667,7310,0,1.424246491,1
CC(=O)Cc1ccc(O)cc1,0.9998061,0.73267204,0.92917126,0.88396007,0.5773929,0.9073653,0.8383946116666667,8454,0,1.680764952,1
COc1cc(OC)c(C(=O)C(C)=O)cc1OC,0.89155215,0.9998782,0.9999941,0.814439,0.63414985,0.7875435,0.8545928000000002,8515,0,1.983211197,1
COc1ccc2ccccc2c1,0.9973738,0.999605,0.9742293,0.91591114,0.5898638,0.79403704,0.8785033466666667,8644,0,1.237589473,1
COc1ccc(CCCCCCCCC(=O)c2c(OC)cccc2OC)cc1,0.99998355,1.0,0.999995,0.9408174,0.6589885,0.9039081,0.9172820916666665,8645,1,1.952771199,1
CC(=O)c1ccc(O)cc1C,0.99998397,0.98177785,0.99153113,0.95174026,0.6231601,0.8785434,0.9044561183333334,8738,0,1.80764649,1
COc1ccc(-c2cc(=O)c3ccccc3o2)cc1OC,0.9999957,0.99999994,0.99998736,0.99653983,0.77923316,0.9501605,0.9543194150000001,8760,0,1.827555928,1
COc1ccc(CCCc2ccc(O)c(OC)c2)c(OC)c1,0.9999938,1.0,1.0,0.9213049,0.65969914,0.908211,0.9148681399999999,8969,0,1.852483903,1
CCCc1cccc2c1[nH]c1ccccc12,0.9999669,1.0,0.9258983,0.8421607,0.9067307,0.72730684,0.9003439066666666,9636,0,1.85185584,1
COc1ccc(C(C)=O)cc1C=O,0.99981594,0.9994295,0.9999466,0.85560393,0.6586386,0.8022707,0.8859508783333334,9756,0,1.838258651,1
O=c1oc2cc(O)ccc2c2ccccc12,0.9999919,0.99733263,0.8012487,0.95116,0.83100384,0.5978101,0.8630911950000001,10317,0,1.857760181,1
CCc1ccc(-c2ccccc2)cc1CC,0.99999887,0.99727255,1.0,0.9624203,0.68864244,0.8768084,0.9208570933333333,10672,0,1.577492957,1
COC(=O)c1cc2c(cc1OC)[nH]c1ccccc12,0.999893,0.9999962,0.9126236,0.85831356,0.8263615,0.72849184,0.8876132833333333,11165,0,1.908089969,1
COc1ccc(C(=O)/C=C/c2ccc(O)c(OC)c2)c(OC)c1,0.99999976,1.0,1.0,0.9968999,0.9716751,0.9785797,0.99119241,11180,0,1.978784725,1
COc1cc2c(cc1OC)C(=O)CCC2,0.7645693,0.9987378,0.9809931,0.8023872,0.512716,0.8208308,0.8133723666666667,11351,0,1.881785866,1
COc1cc(/C=C/C(=O)O)cc(OC)c1O,0.99999976,1.0,1.0,0.9894881,0.9365099,0.97696894,0.9838277833333334,11374,0,1.977193198,1
COc1ccc(CCc2cc(OC)c(O)c(OC)c2)cc1O,0.999996,0.9998932,0.9999996,0.9668974,0.819314,0.97415096,0.96004186,11609,0,1.982310999,1
Cc1ccc2c(c1)C(=O)c1cc(O)ccc1C2=O,0.9993644,1.0,0.8317258,0.9221402,0.82541966,0.8308156,0.90157761,11757,0,1.952383426,1
CC(=O)c1ccc2ccccc2c1,0.99999356,0.99662656,0.99923325,0.9016919,0.539187,0.853884,0.8817693783333332,12345,0,1.382021039,1
COc1ccc2oc(=O)ccc2c1,0.9955597,0.9979395,0.8663512,0.86228746,0.6347582,0.6628801,0.83662936,12485,0,1.737418128,1
O=C(CCCCc1ccc(O)cc1)CCc1ccc(O)cc1,0.9999995,1.0,0.99596435,0.9643769,0.868305,0.94183487,0.96174677,12795,0,1.90391017,1
CCCCCCCC(=O)OCCCCCC,0.99998003,0.99999905,0.78585076,0.80895275,0.512152,0.71196246,0.8031495083333332,12940,0,1.70104386,1
COc1c(O)c(-c2ccccc2)cc(O)c1-c1ccccc1,0.9999819,0.99999994,0.99999833,0.93863106,0.9097957,0.9660755,0.969080405,13143,0,1.950784896,1
COc1ccc2cc(C(=O)c3ccccc3)c(=O)oc2c1,0.99994963,0.9923733,0.9912768,0.8253295,0.67520314,0.68476367,0.8614826733333333,13199,0,1.835282082,1
COc1cc2c(C)cccc2ccc1=O,0.99967355,0.9934886,0.9959114,0.8889377,0.62661654,0.8594225,0.8940083816666666,13263,0,1.898028723,1
O=C1c2ccccc2C(=C2c3ccccc3C(=O)c3ccccc32)c2ccccc21,0.7137273,0.9931095,1.0,0.89263916,0.8537032,0.9801015,0.9055467766666666,13607,1,1.666207803,1
COC(=O)c1ccc(O)c(OC)c1,0.9997089,0.5762564,0.984135,0.7907235,0.6270444,0.6141964,0.7653441000000001,14488,0,1.552224805,1
COc1ccc2c(=O)cc(-c3ccccc3)oc2c1,0.99999833,0.9999996,0.99977094,0.99611574,0.71461135,0.9283721,0.9398113433333334,14733,0,1.761758034,1
COc1cc(C)cc2c1[nH]c1ccccc12,0.9999942,0.99996996,0.89586806,0.9244819,0.70784354,0.7947971,0.8871591266666666,14827,0,1.873969211,1
O=C(c1ccccc1)C(O)c1ccccc1,0.99997574,0.52524334,0.96293277,0.87761134,0.5510659,0.78944665,0.7843792900000001,15211,0,1.97540974,1
COc1cc(O)c(C(C)=O)c(OC)c1,0.99999887,0.99999976,0.99978113,0.9570179,0.6954549,0.8246181,0.9128117766666667,15454,0,1.929959172,1
COc1c(O)ccc(C(=O)c2ccccc2)c1O,0.9924763,0.9998397,1.0,0.553033,0.6662551,0.9679807,0.8632641333333333,15647,0,1.906167734,1
CC(=O)CCc1ccc(O)cc1,0.99999905,0.99827194,0.994951,0.9172718,0.5808229,0.9314935,0.9038016983333333,16025,0,1.648819883,1
COc1cc(C(=O)O)cc2c1[nH]c1ccccc12,0.9999835,0.84922665,0.92141175,0.8779006,0.6797407,0.7567763,0.8475065833333334,16068,0,1.939210901,1
CCCCCCCC(=O)OCCCC,0.999983,0.99998266,0.78585076,0.8106673,0.5050452,0.71196246,0.8022485633333333,16519,0,1.668461651,1
COc1cc(O)cc(-c2ccc(O)c(O)c2)c1,0.99999565,1.0,1.0,0.96344274,0.94719285,0.9781249,0.9814593566666666,16584,0,1.985291786,1
COc1ccc(CCc2ccc(OC)c(OC)c2)cc1O,0.99999064,0.9999542,0.99999017,0.97892094,0.8348574,0.9081437,0.9536428416666666,16799,0,1.747127062,1
C/C=C/c1ccc(OC(C)=O)c(OC)c1,0.9999981,0.99999446,0.9999979,0.98626536,0.822141,0.94035864,0.95812591,16936,0,1.960048316,1
CCCCCCCCCCOC(C)=O,0.9999955,0.9999995,0.78585076,0.81647617,0.55136985,0.71196246,0.8109423733333333,17997,0,1.691190645,1
COc1ccc2c(=O)cc(-c3ccccc3)n(C)c2c1,0.9991226,1.0,0.757871,0.75906044,0.6792755,0.8018694,0.8328664899999999,18041,0,1.929608103,1
COc1ccc(C(C)=O)cc1O,0.99994963,0.9995956,0.9979016,0.9387986,0.6267728,0.83161384,0.8991053450000002,18210,0,1.620744446,1
COc1ccccc1CCc1cc(O)cc(O)c1,0.99999934,0.9999617,1.0,0.9873839,0.7993016,0.980665,0.96121859,18303,0,1.91467063,1
COc1ccc(C(=O)/C=C/c2ccc(O)cc2)c(O)c1,0.9999998,1.0,1.0,0.9979386,0.9873767,0.9874062,0.9954535499999998,18565,0,1.961012499,1
CNc1ccc(-c2nc(=O)c3ccccc3[nH]2)cc1,0.93343925,0.99903756,0.59104496,0.81910896,0.61019355,0.59841746,0.75854029,18714,0,1.879510762,1
COc1ccc(/C=C/C(C)=O)cc1,0.9999998,1.0,0.9999996,0.98191285,0.8557968,0.9771194,0.969138075,19010,0,1.704478212,1
COc1ccc(C=CC(=O)O)cc1,0.99999994,1.0,0.9998351,0.99153537,0.8853011,0.92707795,0.9672915766666667,19186,0,1.584082058,1
COc1cc(/C=C/C(=O)CCCCc2ccccc2)ccc1O,0.9999998,1.0,1.0,0.9971451,0.9303481,0.9864586,0.9856585999999999,19206,0,1.964216696,1
COc1ccc(/C=C/C(=O)O)cc1O,0.99999976,1.0,0.99999994,0.9943218,0.95775175,0.97277063,0.98747398,19931,0,1.909676132,1
COc1ccc(CCC(=O)c2c(O)cc(OC)cc2OC)cc1,0.9999962,1.0,0.999996,0.9180784,0.68830365,0.9169752,0.9205582416666666,19995,0,1.954077994,1
COc1cc(OC)c(OC)cc1C=O,0.9999905,0.9999997,0.99991465,0.8382823,0.79850847,0.83534455,0.9120066950000001,20178,0,1.800761557,1
O=C(O)c1cc(O)ccc1O,0.9999426,0.99996734,0.9516609,0.6711766,0.73700863,0.86542654,0.8708637683333332,20283,0,1.80404649,1
COc1cc(C(=O)O)ccc1O,0.9998892,0.6818569,0.9912658,0.8269593,0.6214432,0.8119406,0.8222258333333333,20317,0,1.542219446,1
COc1ccc(CCOC(=O)c2ccc(O)c(OC)c2)cc1,0.9971052,0.99881953,0.98357636,0.8537709,0.7239433,0.750516,0.8846218816666668,20334,0,1.726294077,1
Cc1cccc(O)c1C(=O)O,0.9710517,0.51430124,0.95093036,0.5361176,0.50175285,0.7888315,0.7104975416666667,20616,0,1.830086808,1
COc1cccc(CCc2cc(OC)cc(OC)c2)c1,0.99999857,1.0,0.99980956,0.97620136,0.79362273,0.9087724,0.94640077,20797,0,1.69938786,1
COc1ccc(O)c2ccccc12,0.9985778,0.9999979,0.9457994,0.8256195,0.8311221,0.785474,0.8977651166666666,20874,0,1.520744532,1
COC(=O)c1ccc(OC)c(OC)c1O,0.99639463,0.99954224,0.9988875,0.5431133,0.55584115,0.5918414,0.7809367033333333,21193,0,1.856720042,1
OC(=NCCc1ccc(O)cc1)c1ccccc1,0.9999957,1.0,0.99993986,0.87455416,0.84768564,0.72591543,0.9080151316666666,21388,0,1.967758621,1
COc1cc(C(C)=O)ccc1O,0.9999878,0.99996215,0.9979016,0.90933746,0.79199857,0.83161384,0.9218002366666668,21478,0,1.579093484,1
COc1ccc(OC)c(-c2cc(=O)c3ccccc3o2)c1,0.99999523,0.66520494,0.9999976,0.99224454,0.83557177,0.95370215,0.9077860383333333,22364,0,1.892095159,1
CC(=O)c1cc(O)ccc1O,0.9999985,0.99999887,0.99702317,0.9541688,0.806488,0.9076815,0.9442264733333333,22902,0,1.905853917,1
O=C(CCc1ccc(O)cc1O)c1ccc(O)cc1,0.9999965,1.0,1.0,0.9406987,0.8553918,0.9766464,0.9621222333333334,22908,0,1.969640816,1
CCC(=O)c1ccc(O)c(OC)c1,0.99988204,0.9835203,0.9998613,0.8560838,0.7194896,0.7223421,0.8801965233333333,22929,0,1.735583486,1
COc1ccc2oc(CCc3ccccc3)cc(=O)c2c1,0.9767445,0.9988759,0.999666,0.8632534,0.6010101,0.90111953,0.8901115716666667,23258,0,1.917287252,1
COc1ccc(-[13c]2coc3[13cH]c(O)ccc3[13c]2=O)cc1,0.9999302,0.9999947,0.99999565,0.9795356,0.9046037,0.92969674,0.9689594316666666,23282,0,1.952252637,1
COC(=O)CCc1ccc(O)c(OC)c1,0.9999793,0.99584913,0.9989109,0.8958536,0.672153,0.84789985,0.9017742966666668,23284,0,1.719229929,1
C/C=C\c1ccc(OC(C)=O)c(OC)c1,0.9999981,0.99999446,0.9999979,0.98626536,0.822141,0.94035864,0.95812591,23373,0,1.960048316,1
CC/C=C\CCOC(=O)Cc1ccccc1,0.8642988,0.9999139,0.9915655,0.76961803,0.7230596,0.700766,0.8415369716666666,23405,0,1.974317706,1
COc1ccc(CCN(C)C(=O)/C=C/c2ccccc2)cc1OC,0.99999934,1.0,0.99994016,0.9765758,0.92605025,0.8907779,0.9655572416666667,23447,0,1.938520134,1
COc1cc(/C=C/c2ccc(O)c(OC)c2)cc(OC)c1,0.9999993,1.0,1.0,0.9865028,0.9695969,0.9797433,0.98930705,23635,0,1.972465002,1
COc1ccc(/C=C/C(=O)c2ccc(O)cc2O)cc1,0.9999998,1.0,1.0,0.99837464,0.98576665,0.9916856,0.995971115,23757,0,1.934734477,1
COC(=O)CCCCCCCCO,0.999914,0.99982435,0.667567,0.80237246,0.5365977,0.7077732,0.785674785,24621,0,1.750766673,1
COc1cc(O)ccc1C/C=C/c1ccccc1,0.9999998,1.0,1.0,0.9969526,0.93101925,0.9782621,0.9843722916666667,24808,0,1.970823414,1
COc1ccc2nc3ccccc3nc2c1,0.99987936,0.99978805,0.8700307,0.6230531,0.51190275,0.7036271,0.78471351,24995,0,1.656112469,1
COc1cc(CCc2ccc(OC)c(O)c2)cc(OC)c1,0.9999945,0.99999994,0.9999911,0.982347,0.85246086,0.91483337,0.9582711283333333,25001,0,1.878414416,1
COc1cc(C=Cc2ccccc2)cc(OC)c1,0.9999998,0.9999998,1.0,0.9846433,0.94902253,0.9779852,0.9852751049999999,26143,0,1.722873414,1
O=C(CC/C=C/c1ccccc1)CCc1ccccc1,0.99999994,1.0,1.0,0.98394924,0.77388316,0.9630983,0.9534884400000001,26159,0,1.855032093,1
COc1cc(CCCO)cc(OC)c1O,0.9999911,0.99927396,0.99863076,0.92231035,0.64234734,0.92164373,0.9140328733333334,26753,0,1.896822049,1
COc1cccc(CNC(=O)CCCCCC(=O)c2ccccc2)c1,0.996629,0.9999998,0.9985997,0.6518373,0.5860589,0.54708457,0.7967015449999999,26797,0,1.726314698,1
COc1ccc(C=CC(=O)c2ccc(O)cc2O)cc1,0.9999998,1.0,1.0,0.99837464,0.98576665,0.9916856,0.995971115,27251,0,1.934734477,1
COc1ccc(-c2cc(=O)c3ccccc3o2)cc1,0.99999785,0.99999696,0.99977094,0.9966488,0.8000779,0.9283721,0.9541440916666666,27420,0,1.715179573,1
O=c1cc(-c2ccccc2)c2ccc(Cl)cc2o1,0.9999773,0.99990225,0.9658368,0.7593265,0.77756566,0.7063666,0.8681625183333334,27484,0,1.77436513,1
N=C(O)c1ccccc1,0.9999859,0.66184026,0.81494135,0.8296776,0.51715994,0.6419758,0.744263475,27576,0,1.889081546,1
COc1ccc2c(c1O)C(=O)c1ccccc1C2=O,0.53251463,0.9999316,0.99974257,0.58797216,0.8997021,0.7785017,0.7997274600000001,28091,0,1.912963022,1
COc1cc(C(=O)CO)ccc1O,0.9999885,0.99991196,0.9694779,0.8634308,0.74287367,0.93574524,0.9185713450000002,28285,0,1.889133376,1
COc1ccc(C(=O)CCc2c(OC)cc(O)cc2OC)cc1,0.9999935,1.0,0.99999976,0.9298484,0.7691109,0.9152448,0.9356995600000001,28516,0,1.999039052,1
O=c1ccc2ccccc2o1,0.9996901,0.95666766,0.6193277,0.85872287,0.6669548,0.5456067,0.7744949716666666,29761,0,1.671928221,1
CCCCCCCCCCCCCCCCCCCCCCCC(=O)OC,0.999914,1.0,0.86804324,0.80237246,0.5825158,0.8400523,0.8488163000000001,29811,1,1.759710948,1
COc1ccc(C=CC(=O)c2ccc(OC)cc2O)cc1,0.9999998,1.0,1.0,0.9980781,0.9874076,0.97571415,0.9935332749999999,30158,0,1.854286906,1
COc1ccc2c(ccc3cc(OC)cc(OC)c32)c1,0.9999383,0.9999961,0.9978707,0.9022544,0.66620946,0.8706445,0.9061522433333332,31358,0,1.888225107,1
O=Cc1ccc2c(c1)C(=O)c1ccccc1C2=O,0.5544973,1.0,0.9988778,0.82375044,0.98264307,0.88602644,0.874299175,32241,0,1.942115878,1
COc1ccc(-c2c(OC)cc(-c3ccccc3)c(OC)c2OC)cc1,0.99999475,1.0,1.0,0.96062464,0.8736878,0.9484342,0.9637902316666667,32826,1,1.902956724,1
COc1ccc(CCN(C)C(=O)/C=C/c2ccc(O)cc2)cc1,0.99999976,1.0,0.99993753,0.9885714,0.94524664,0.89654565,0.9717168300000001,33080,0,1.974088649,1
O=C(O)/C=C/c1ccc(OC(=O)CCc2ccccc2)cc1,0.9999998,1.0,1.0,0.99160045,0.9621594,0.942548,0.9827179416666668,33866,0,1.803868412,1
CC(=O)OCC(=O)c1ccc(C)cc1O,0.9999874,0.7102881,0.9978213,0.93256646,0.7042832,0.7346832,0.8466049433333334,34113,0,1.891169273,1
O=C(O)c1c(O)cccc1O,0.9998026,0.97696733,0.9516609,0.594938,0.54794985,0.86542654,0.82279087,34243,0,1.971589726,1
COc1cccc(CCc2cc(OC)c(O)c(OC)c2)c1,0.99999475,0.99999636,0.99999887,0.96799356,0.7655484,0.91931295,0.942140815,34802,0,1.810622238,1
COc1cccc(/C=C/C(=O)O)c1,1.0,1.0,0.9998351,0.9944809,0.9162547,0.92707795,0.9729414416666667,34909,0,1.683320519,1
COc1cc(O)ccc1CCC(=O)c1ccc(O)cc1,0.9999921,0.99999994,1.0,0.9472963,0.6560783,0.9653712,0.9281229733333333,34979,0,1.900507279,1
COc1ccc(/C=C/c2cc(O)cc(O)c2)cc1,0.9999998,1.0,1.0,0.9889656,0.96711135,0.99015856,0.9910392183333333,35097,0,1.969726738,1
COc1cc(CCc2ccc(O)cc2)cc(O)c1OC,0.9999919,1.0,0.9999998,0.9697659,0.8711501,0.97529763,0.9693675549999999,35613,0,1.95327596,1
CCCCCCCCCCCOc1cccc(O)c1,0.99655896,1.0,0.9994797,0.72695845,0.7955908,0.7787768,0.8828941183333333,35815,1,1.745029363,1
CC(=O)c1ccc(O)cc1O,0.99999785,0.8642807,0.99849206,0.96758264,0.7644744,0.9312636,0.9210152083333334,36052,0,1.887586543,1
COc1cc(C(=O)CCO)ccc1O,0.99987286,0.9999992,0.9958686,0.8771203,0.7355394,0.91413623,0.920422765,36622,0,1.908404472,1
COc1ccc2cc(OC)c(=O)oc2c1,0.9974521,0.9999997,0.99586964,0.89372253,0.576073,0.80654687,0.8782773066666666,36792,0,1.978511141,1
CC(C)Oc1ccc2c(=O)c(-c3ccccc3)coc2c1,0.99985546,0.9999828,0.9999859,0.95538235,0.5474522,0.94934016,0.9086664783333335,37141,0,1.956015928,1
COc1ccc(C(=O)/C=C/c2ccc(O)cc2)c(OC)c1,0.9999998,1.0,1.0,0.9977145,0.97740835,0.97571415,0.9918061333333332,37579,0,1.889833972,1
COc1cccc(CCC(=O)O)c1,0.99999624,0.99867374,0.64957565,0.89143324,0.58247435,0.6131132,0.7892110699999999,37763,0,1.443662827,1
COc1ccc(O)c(C(C)=O)c1,0.9999991,0.9997917,0.9986167,0.916478,0.69004077,0.837683,0.9071015450000001,38022,0,1.669132427,1
Cc1cc2c(cc1O)C(=O)c1ccccc1C2=O,0.99946594,0.9999881,0.94198555,0.9358409,0.91405964,0.83173054,0.9371784449999999,38105,0,1.980333272,1
COc1cccc2oc(-c3ccccc3)cc(=O)c12,0.9999978,0.99999857,0.99977094,0.9961571,0.7913591,0.9283721,0.9526092683333333,38245,0,1.856538734,1
COc1cc(/C=C/COC(=O)c2ccccc2)ccc1O,0.999993,0.99999803,0.99999887,0.94368315,0.92036945,0.94284105,0.9678139250000001,38492,0,1.904907467,1
Oc1ccc(CCN2CCC(c3ccc(Cl)cc3)CC2)cc1O,0.9997463,1.0,0.9965938,0.6840162,0.798034,0.8968911,0.8958802333333334,38659,0,1.983571941,1
COc1ccc(O)c(C(C)(C)C)c1,0.9999992,0.9999992,0.96591216,0.9646568,0.8515038,0.8879986,0.9450116266666667,39121,0,1.816670519,1
O=C(C=Cc1ccc(O)cc1)OCCc1ccc(O)cc1,0.9999998,1.0,0.9999998,0.9879034,0.9632167,0.9737001,0.9874699666666666,39179,0,1.960132851,1
COc1cc(C(C)C)c(OC)cc1C,0.9999997,0.9999803,0.9855218,0.9773422,0.6623252,0.90323395,0.921400525,39466,0,1.787676843,1
COc1ccc(CCC(=O)c2ccc(O)cc2O)cc1,0.99998575,0.5942829,1.0,0.89079714,0.8283722,0.97970635,0.8821907233333334,39544,0,1.820565521,1
COc1cc2[nH]c3ccccc3c2cc1O,0.9999976,0.99999976,0.98587495,0.96599025,0.9029133,0.87731767,0.9553489216666667,39638,0,1.909225733,1
COc1ccc(CCC(=O)c2ccc(O)cc2)c(O)c1,0.9999961,0.99999994,1.0,0.9332383,0.73485136,0.97077805,0.9398106250000001,40591,0,1.879668817,1
COc1ccc(-c2c(C)c(C)cc3ccc(O)cc23)cc1,0.9999924,0.9999997,0.99912006,0.97135514,0.90677243,0.9188674,0.966017855,40673,0,1.991253529,1
COc1cccc(C(=O)c2ccc(O)cc2O)c1,0.99991345,0.9999631,1.0,0.57101625,0.89314985,0.96604633,0.9050148299999999,40825,0,1.784731426,1
CCCCCCCCCCCCCCCCCCCCCCC(=O)OC,0.999914,1.0,0.86804324,0.80237246,0.5825158,0.8400523,0.8488163000000001,41754,1,1.756382229,1
COc1ccc(-c2cc(=O)c3cc(C)ccc3o2)cc1,0.9999945,0.999986,0.9998433,0.9937923,0.75866634,0.9457961,0.9496797566666667,41977,0,1.823626727,1
COc1ccc(C(=O)O)c(O)c1,0.99971914,0.9965391,0.9986903,0.79033846,0.79920703,0.8758251,0.9100531883333334,42276,0,1.588223292,1
COc1cc(/C=C/c2ccc(OC)c(O)c2)cc(OC)c1,0.9999993,1.0,1.0,0.9852089,0.98119783,0.9797433,0.9910248883333334,42468,0,1.998622499,1
COc1cc(=O)n(C)c2ccccc12,0.9927388,0.9977829,0.7404811,0.8080862,0.59277505,0.6449356,0.796133275,43364,0,1.787041532,1
COc1cc(C)c(OC)c(OC)c1,0.9999983,0.7670674,0.99965566,0.85290456,0.50008124,0.87770516,0.8329020533333332,43527,0,1.647375574,1
COc1ccc(/C=C\c2cc(O)cc(O)c2)cc1,0.9999998,1.0,1.0,0.9889656,0.96711135,0.99015856,0.9910392183333333,43737,0,1.969726738,1
CCCCCCOC(=O)CCCCC,0.99992865,0.8772268,0.78585076,0.78054667,0.5182023,0.71196246,0.7789529399999999,44039,0,1.65801668,1
CCC(=O)c1ccc(O)cc1,0.99996567,0.73533136,0.9946529,0.92440695,0.5060429,0.71620244,0.8127670366666666,44312,0,1.59584649,1
COc1cc(O)c(C(=O)CCc2ccccc2)c(OC)c1,0.9999962,1.0,0.99999833,0.9180784,0.6693918,0.92317253,0.9184395433333332,44419,0,1.889963047,1
COc1ccc(C=CC(=O)O)cc1OC,0.99999976,1.0,0.99999934,0.99345255,0.9105746,0.94464904,0.974779215,44608,0,1.686975145,1
COC(=O)c1cc(OC)c(OC)c(OC)c1,0.99963135,0.88217753,0.99850494,0.77411383,0.5053335,0.62416595,0.7973211833333335,44958,0,1.621556347,1
COC(=O)c1ccc2[nH]c3cc(OC)ccc3c2c1,0.9999816,0.928425,0.92506856,0.79081345,0.6272839,0.7382104,0.8349638183333332,45595,0,1.86051561,1
COC(=O)c1ccc(O)cc1O,0.9992485,0.9899202,0.9986903,0.73445445,0.7345121,0.8758251,0.8887751083333334,46721,0,1.777115119,1
CCCCCCCCCCCCCCCCCCCCCCCCCCCC(=O)OC,0.999914,1.0,0.86804324,0.80237246,0.5825158,0.8400523,0.8488163000000001,47319,1,1.784728751,1
COc1ccc(OC)c2oc(=O)ccc12,0.9998775,0.99996823,0.99420094,0.9632656,0.64695644,0.79400545,0.8997123600000001,47322,0,1.968650701,1
COc1cc(OC)c2c(=O)cc(-c3ccccc3)oc2c1,0.9999977,0.99999976,0.9999914,0.9964926,0.8032472,0.9519374,0.9586110099999999,47519,0,1.963379774,1
CCCCCCCCCCCCCCCCCCCCCC(=O)OCCCCCCCC,0.99998003,1.0,0.78585076,0.80895275,0.6579121,0.71196246,0.8274430166666668,47803,1,1.877519875,1
COC(=O)Cc1ccccc1[N+](=O)[O-],0.6854511,0.9992351,0.9968016,0.5450993,0.7042358,0.752183,0.7805009833333333,47865,0,1.781249412,1
OCc1cccc2ccccc12,0.99932367,0.98380804,0.7856601,0.7652204,0.62639034,0.7759671,0.8227282749999999,48212,0,1.461881342,1
COc1cc(C(=O)O)cc(O)c1OC,0.999697,0.9977458,0.99964935,0.81742764,0.65054065,0.8625156,0.88792934,48840,0,1.882414473,1
CCCCCCCCCCCCCCCCCCCCCCCCCCCCCCCCCCO,0.99994594,1.0,0.99692035,0.7835395,0.5117908,0.6739559,0.8276920816666666,49125,1,1.542805625,1
CCCCCCCCCCCCCCCCCCOC(C)=O,0.9999955,1.0,0.78585076,0.81647617,0.5937516,0.71196246,0.8180060816666667,49466,1,1.804539387,1
COc1cc(O)cc(-c2ccccc2)c1,0.99999714,0.99999976,0.9790129,0.9372051,0.88003826,0.8827295,0.94649711,49475,0,1.56771845,1
COc1cc(C)c(C(=O)O)c(O)c1,0.997906,0.9999744,0.9996159,0.74462146,0.73401517,0.8975312,0.8956106883333333,49548,0,1.95105966,1
CCCCCCCCCCCCCCCCOC(=O)CCCCCCCCCCCCCCC,0.99998003,1.0,0.78585076,0.80895275,0.7190663,0.71196246,0.8376353833333333,50033,1,1.896808442,1
COC(=O)c1cc(OC)c2[nH]c3ccccc3c2c1,0.99995613,0.99998856,0.8498377,0.8391791,0.78654796,0.733483,0.8681654083333333,50264,0,1.9429592,1
c1ccc2c(Cc3c[nH]c4ccccc34)c[nH]c2c1,0.9987561,0.99395746,0.7545724,0.64660966,0.54083097,0.68732244,0.7703415050000001,50378,0,1.904966352,1
COC(=O)c1ccc2[nH]c3cc(O)ccc3c2c1,0.9999807,0.64254886,0.9884209,0.848366,0.78878045,0.8027673,0.845144035,50755,0,1.995276964,1
CCOc1ccc(/C=C/C(=O)O)cc1,0.99999994,0.999999,0.9996105,0.9901119,0.8204808,0.83415335,0.9407259150000001,51193,0,1.647007213,1
C=C(C)c1ccccc1OC,0.99999934,0.7706012,0.9999998,0.97565633,0.5229923,0.9840748,0.8755539616666668,52035,0,1.730837259,1
COc1cc(Cc2ccc(O)cc2)ccc1O,0.9999969,0.9999998,0.999999,0.8828675,0.9055969,0.9566798,0.9575233166666667,52270,0,1.702627159,1
COc1ccc(-c2coc3cc(C)c(OC)cc3c2=O)cc1,0.9969299,1.0,0.99999523,0.9703153,0.8787566,0.95453066,0.966754615,52579,0,1.983193829,1
COc1cc2c(-c3ccccc3)cc(=O)oc2cc1O,0.98787236,0.99999404,0.99965143,0.8988901,0.9190828,0.8465173,0.9420013383333335,52710,0,1.935880168,1
COc1cc(CCO)ccc1O,0.9999881,0.9999884,0.99711543,0.89331,0.7861529,0.9219401,0.9330824883333332,53166,0,1.752229673,1
CCCCCCCCCCCCCCCC(=O)OCCCCCCCCCCCCCC,0.99998003,1.0,0.78585076,0.80895275,0.6843183,0.71196246,0.83184405,53938,1,1.877519875,1
COc1cc(CO)ccc1O,0.99999696,0.9999972,0.9977848,0.9269338,0.81755906,0.943989,0.9477101366666667,54668,0,1.679555721,1
COc1cc(/C=C/C(=O)O)cc(OC)c1OC,0.9999998,1.0,0.99999976,0.9887638,0.9530194,0.9333992,0.9791969933333333,54746,0,1.865547853,1
COc1ccc(CCc2cc(OC)cc(O)c2C(=O)O)cc1,0.99998885,0.99992186,0.9999998,0.9513467,0.8222125,0.9536612,0.9545218183333333,55033,0,1.974069133,1
CCCCCCCCCCCOC(C)=O,0.9999955,0.8076685,0.78585076,0.81647617,0.54302984,0.71196246,0.777497205,55264,0,1.709786965,1
COc1cc(O)cc(O)c1C(=O)CCc1ccccc1,0.9999957,0.9999984,1.0,0.9252294,0.85227495,0.97970635,0.9595341333333333,55842,0,1.974932828,1
COc1c(O)ccc(C(=O)c2ccccc2)c1OC,0.93194246,0.9999899,0.99999714,0.5274702,0.61372024,0.87574226,0.8248103666666666,55931,0,1.861585954,1
COc1ccc2c(=O)c(-c3ccccc3)c(C)oc2c1,0.9999575,0.99999267,0.9999664,0.96875554,0.66592836,0.95194453,0.9310908333333332,55941,0,1.834686646,1
COc1ccc2c(c1)C(=O)c1ccccc1C2=O,0.6552517,0.99999785,0.999434,0.74782753,0.9155941,0.8138023,0.8553179133333333,55970,0,1.690110449,1
COc1ccc(/C=C/C(=O)c2ccc(OC)cc2OC)cc1,0.9999998,1.0,1.0,0.9978592,0.94805527,0.97733545,0.9872082866666667,56110,0,1.794772241,1
COc1ccc2c(=O)cc(-c3ccc(O)cc3)oc2c1,0.9999978,1.0,0.9999531,0.99692196,0.90061027,0.9312399,0.9714538383333332,56182,0,1.927890694,1
COc1cc2oc(=O)cc(-c3ccccc3)c2cc1O,0.9921693,0.9999943,0.99965143,0.8555624,0.9049988,0.8465173,0.9331489216666666,56304,0,1.948878548,1
COc1ccc(C(=O)CCc2ccccc2)c(O)c1,0.9999787,0.99917793,0.9999501,0.8989811,0.80604935,0.9132573,0.9362324133333333,56615,0,1.668536123,1
COc1ccc(C)cc1O,0.99997205,0.54260826,0.9683227,0.9126466,0.72733426,0.8459287,0.8328020949999999,56748,0,1.495053982,1
COc1ccc(/C=C/C(=O)O)cc1OC,0.99999976,1.0,0.99999934,0.99345255,0.9105746,0.94464904,0.974779215,57093,0,1.686975145,1
COc1ccc2c(=O)cc(CCc3ccccc3)oc2c1,0.9991227,0.99550366,0.999666,0.84572715,0.5389312,0.90111953,0.8800117066666667,57414,0,1.914011842,1
COc1ccc(C(=O)CCc2ccc(O)cc2)c(O)c1,0.9999787,0.99863154,1.0,0.8989811,0.8919986,0.96780777,0.9595662850000001,57444,0,1.846843543,1
COc1cc(O)cc(OC)c1OC,0.99316835,0.9999921,0.99990755,0.79032373,0.8227787,0.8563711,0.9104235883333333,57639,0,1.732410739,1
COc1cc(C=CC(=O)O)ccc1O,0.99999976,1.0,0.99999994,0.99452513,0.9477313,0.97277063,0.9858377933333334,58563,0,1.869063177,1
CCCCCCCCCCCCCCCCCCCCCC(=O)OC,0.999914,1.0,0.86804324,0.80237246,0.5825158,0.8400523,0.8488163000000001,58570,1,1.754388393,1
OCc1ccc(OCc2ccc(O)cc2)cc1,0.7081628,0.99999994,0.9857545,0.7909978,0.8659151,0.94505626,0.8826477333333335,58806,0,1.541167053,1
OCCc1ccc(Oc2cc(CCO)ccc2O)cc1,0.99991876,1.0,0.99612385,0.9005057,0.9026339,0.9500043,0.9581977516666665,58826,0,1.969905269,1
COC(=O)Cc1ccc(O)cc1,0.8164375,0.9780681,0.5453934,0.77044505,0.57826,0.74450755,0.7388519333333333,60899,0,1.582530373,1
Oc1cccc2[nH]c3ccccc3c12,0.9999988,0.99968415,0.85792595,0.9869774,0.7991958,0.7701284,0.9023184166666666,61131,0,1.880814544,1
COc1cc(OC)c(OC)cc1CC(C)=O,0.9971647,0.99999315,0.9999917,0.9133963,0.57303846,0.8954268,0.8965018516666667,61289,0,1.839594629,1
CCCCCCCCCCCCCCCCOC(=O)CCCCCCC,0.99998003,1.0,0.78585076,0.80895275,0.6537172,0.71196246,0.8267438666666668,61434,1,1.844649277,1
O=c1cc(-c2ccccc2)oc2cccc(O)c12,0.99999833,1.0,0.9968017,0.99765676,0.89615995,0.9272426,0.9696432233333333,61565,0,1.931391166,1
COc1ccc(C(=O)OCCc2ccc(O)cc2)cc1,0.91601944,0.9999729,0.6104298,0.77001166,0.8295006,0.64715034,0.7955141233333333,61706,0,1.602304459,1
COc1cc(O)c(OC)cc1O,0.9994084,0.999985,0.999985,0.8294304,0.76395124,0.94717103,0.9233218449999999,61751,0,1.8549781,1
CC=Cc1ccc(OC(C)=O)c(OC)c1,0.9999981,0.99999446,0.9999979,0.98626536,0.822141,0.94035864,0.95812591,62251,0,1.960048316,1
COc1ccc2c(c1)c(=O)cc(-c1ccccc1)n2C,0.9973096,0.68862647,0.757871,0.80198675,0.6038783,0.8018694,0.77525692,62293,0,1.916891504,1
COc1ccc(CCc2ccc3ccccc3n2)cc1OC,0.99983126,1.0,0.97771406,0.85607576,0.52877486,0.8100212,0.8620695233333334,63688,0,1.794665184,1
COc1cccc(CCc2ccc(O)cc2)c1,0.9999977,1.0,0.99759454,0.97837156,0.90216666,0.86817473,0.9577175316666665,63709,0,1.530115561,1
CCCCCCCCCCCCCCCCCCCCCCCCCCCCCC(=O)OC,0.999914,1.0,0.86804324,0.80237246,0.5825158,0.8400523,0.8488163000000001,64010,1,1.803320173,1
CCc1c(O)cc(CCc2ccccc2)cc1O,0.99999976,0.99658555,0.99999994,0.99300843,0.7949906,0.9395316,0.9540193133333332,64031,0,1.968879679,1
COc1ccc(CCc2cc(O)c(C)c(O)c2)cc1,0.9999995,0.99999994,0.99999994,0.9910035,0.8223466,0.98359054,0.96615667,64312,0,1.932590598,1
COc1ccc(CCc2cc(=O)c3ccccc3o2)cc1,0.9995418,0.9999977,0.999666,0.8252368,0.6100634,0.90111953,0.8892708716666666,65393,0,1.877866571,1
COc1cc(-c2ccccc2)cc(OC)c1O,0.99996924,0.99479127,0.9999916,0.93680286,0.7113516,0.9397102,0.9304361283333332,65468,0,1.578112736,1
CCCCCCCCCCCCCCCC(=O)OCCCCCCCCCC,0.99998003,1.0,0.78585076,0.80895275,0.7176139,0.71196246,0.8373933166666667,65629,1,1.850902189,1
COc1cc(O)c(C(=O)c2ccccc2)cc1O,0.999016,0.86399144,0.9999998,0.62914515,0.64167583,0.9457593,0.8465979199999999,66583,0,1.819180657,1
COc1ccc(/C=C/C(=O)c2c(OC)cc(OC)cc2OC)cc1,0.9999998,1.0,1.0,0.99818784,0.9601752,0.97733545,0.9892830483333332,66760,0,1.993561392,1
COc1ccc2c(c1)[nH]c1ccc(C(=O)O)cc12,0.99999285,0.99999976,0.98461324,0.8387273,0.7921913,0.80144525,0.9028282833333332,67103,0,1.851154793,1
CCCCCCCCCCCCCCCCCC(=O)OCCCC,0.999983,1.0,0.78585076,0.8106673,0.65652305,0.71196246,0.8274977616666667,67469,1,1.849937302,1
COc1ccc(C(=O)C=Cc2ccc(O)cc2)c(O)c1,0.9999998,1.0,1.0,0.9979386,0.9873767,0.9874062,0.9954535499999998,67544,0,1.961012499,1
COc1cc(/C=C/C(=O)c2ccc(O)cc2)ccc1O,0.9999998,1.0,1.0,0.9980112,0.98116064,0.98878527,0.994659485,67699,0,1.904628982,1
O=C(O)CCc1cccc(O)c1,0.99999493,0.9996805,0.65195847,0.92429113,0.61666733,0.7552776,0.8246449933333334,68094,0,1.640277226,1
O=C(c1ccccc1)n1cc(O)c2ccccc21,0.9993991,0.6765504,0.919195,0.7994973,0.5496575,0.6914751,0.7726290666666666,68142,0,1.942015426,1
COc1cc(CCc2cc(OC)c(O)c(OC)c2)ccc1O,0.99999475,0.9999978,0.99999994,0.96799356,0.78245085,0.9755505,0.9543312333333334,69236,0,1.961199019,1
COc1ccc(/C=C/C(=O)c2ccc(OC)cc2O)cc1,0.9999998,1.0,1.0,0.9980781,0.9874076,0.97571415,0.9935332749999999,69557,0,1.854286906,1
c1ccc(CCC(CCCC2CCCC2)CCc2ccccc2)cc1,0.9999996,1.0,0.99807173,0.94561595,0.5488338,0.7972743,0.8816325633333334,70155,1,1.957815544,1
CCCCCCCCCCCCCCCCCCCCCCCCCCOC(C)=O,0.9999955,1.0,0.78585076,0.81647617,0.5937516,0.71196246,0.8180060816666667,70473,1,1.810943547,1
COc1ccc(C(=O)CCc2ccc(O)cc2)c(OC)c1,0.99998087,0.99951,0.9999971,0.909347,0.68468565,0.91864604,0.9186944433333334,70528,0,1.774694989,1
COc1cc(C)cc(OC)c1OC,0.9999624,0.6771898,0.99965566,0.8385951,0.5261871,0.87770516,0.8198825366666668,70531,0,1.532163706,1
CCCCCCCCCCCCCCCC(=O)OCCCCCCCCC,0.99998003,1.0,0.78585076,0.80895275,0.672595,0.71196246,0.8298901666666666,70576,1,1.847120954,1
COc1ccccc1-c1cc(OC)c(O)c(OC)c1,0.9999884,0.9999988,0.9999998,0.9678442,0.77790195,0.94034225,0.9476792333333334,70748,0,1.723380438,1
COc1ccc(-c2cc(=O)c3ccc(O)cc3o2)cc1,0.99999815,1.0,0.9999531,0.9978153,0.92613834,0.9312399,0.9758574650000001,71036,0,1.92318786,1
COc1cc(C)cc(OC)c1,0.9999966,0.62311745,0.91286236,0.8759532,0.5035804,0.8575423,0.7955087183333335,71271,0,1.480383413,1
COc1cc(/C=C\COC(=O)c2ccccc2)ccc1O,0.999993,0.99999803,0.99999887,0.94368315,0.92036945,0.94284105,0.9678139250000001,71602,0,1.904907467,1
COc1cc(/C=C/CO)cc(OC)c1OCc1ccccc1,0.999999,1.0,1.0,0.9559185,0.9088924,0.97300726,0.9729695266666667,71762,0,1.96596072,1
COc1cc(CCCO)ccc1O,0.99999,0.9999998,0.9984656,0.9288519,0.8231046,0.9025933,0.9421675333333334,72148,0,1.749828212,1
COc1ccc(CCC(=O)c2ccc(O)cc2)c(OC)c1,0.9999941,1.0,0.9999998,0.9358037,0.63636214,0.921364,0.9155872899999999,72314,0,1.787285602,1
COc1ccc(C(=O)/C=C/c2ccc(O)cc2OC)cc1,0.9999998,1.0,1.0,0.9986709,0.9199515,0.97571415,0.9823893916666666,72504,0,1.893218066,1
CC(C)=CCOc1ccc(O)cc1,0.999223,0.9181945,0.99922556,0.7674806,0.90410215,0.98358506,0.928635145,73058,0,1.914966673,1
O=C(O)c1cc(O)cc(O)c1,0.9999767,0.99982697,0.94416267,0.83670807,0.68135285,0.8704589,0.8887476933333333,73310,0,1.977810946,1
COc1ccc(C(C)(C)O)cc1,0.99983555,0.99936837,0.7993415,0.9025717,0.7252929,0.8682954,0.8824509033333334,73353,0,1.645295408,1
CCC(=O)CCc1ccc(O)c(OC)c1,0.99999684,0.99916714,0.99999493,0.94918936,0.6851344,0.8422844,0.9126278449999999,73423,0,1.918030305,1
Cc1cc2c(cc1O)[nH]c1ccccc12,0.99999887,0.98587865,0.83735704,0.96198153,0.81078273,0.7463588,0.8903929366666667,73786,0,1.983296267,1
COc1ccc(CCc2cc(OC)c(OC)c(OC)c2)cc1O,0.99999386,0.9999919,0.9999911,0.96308273,0.76887417,0.91483337,0.941127855,74365,0,1.919231119,1
COc1cc(C=Cc2ccc(O)cc2)cc(OC)c1,0.9999998,1.0,0.99999994,0.9856712,0.95791906,0.9768594,0.9867415666666668,74892,0,1.886630995,1
COc1cccc2c(=O)cc(CCc3ccccc3)oc12,0.999971,0.99997157,0.9990132,0.943119,0.5563576,0.87121886,0.8949418716666667,74948,0,1.982300619,1
O=c1cc(-c2ccccc2)c2cc(Cl)ccc2o1,0.9956672,0.9999991,0.9658368,0.78391004,0.74637103,0.7063666,0.8663584616666666,75583,0,1.739512763,1
COc1cc2ccc(=O)oc2cc1OC,0.9568715,0.993279,0.99586964,0.88369125,0.61897856,0.80654687,0.8758728033333334,75998,0,1.857746306,1
COc1cc(O)cc(CCc2ccc(OC)c(OC)c2)c1,0.9999947,1.0,0.9999911,0.9865896,0.8715598,0.91483337,0.9621614283333333,76264,0,1.855392251,1
COc1ccc2c(C(C)=O)cccc2c1,0.99998045,0.84764975,0.99604106,0.90340286,0.5439572,0.82172966,0.85212683,76843,0,1.60403202,1
CCc1ccc(O)c(OC)c1,0.9999959,0.9982507,0.9976819,0.9469231,0.7673065,0.66226417,0.8954037116666668,77169,0,1.552498798,1
OCc1ccc2ccccc2c1,0.93769544,0.84661573,0.7856601,0.79700667,0.6198705,0.7759671,0.79380259,77552,0,1.451374089,1
C=CCc1ccc(OC(C)=O)cc1,0.99999756,0.9872108,0.9999996,0.9672632,0.55348974,0.948096,0.9093428166666667,78167,0,1.876705135,1
COc1cc(C=O)ccc1O,0.99996394,0.9999998,0.96111417,0.8314497,0.914993,0.79183203,0.9165587733333332,78722,0,1.822051106,1
COc1cc(/C=C/C(=O)N2CCCC2)cc(OC)c1,0.9999995,0.9999626,0.7641365,0.93967795,0.72166485,0.50870556,0.8223578266666668,78734,0,1.974689969,1
COc1ccc2c(c1)C(=O)c1cc(C)ccc1C2=O,0.9957177,0.99975777,0.9998679,0.8984874,0.7907757,0.8441801,0.9214644283333334,79005,0,1.826714546,1
COc1ccc2c(c1OC)C(=O)c1ccccc1C2=O,0.58779293,1.0,0.99999434,0.6631585,0.94926167,0.84661937,0.8411378016666666,79223,0,1.870132279,1
COc1ccc2c(c1)[nH]c1cc(OC)ccc12,0.99999887,0.99962205,0.958615,0.9410634,0.73809856,0.84008163,0.9129132516666667,79525,0,1.792873175,1
COc1ccc(C(=O)/C=C/c2ccccc2)c(O)c1,0.9999998,1.0,0.99999994,0.998099,0.9860514,0.9682253,0.9920625733333334,79554,0,1.803661764,1
COc1cc(-c2ccccc2)cc(O)c1O,0.9999463,0.9999995,0.9999996,0.9300699,0.86232907,0.975926,0.961378395,80093,0,1.695462322,1
COc1ccccc1C=O,0.99985784,0.9999383,0.9890046,0.83220893,0.76920754,0.8184393,0.9014427516666665,80161,0,1.575677059,1
COc1cc(OC)cc(-c2cc(=O)c3ccccc3o2)c1,0.99999785,0.99999785,0.9999914,0.99552584,0.8214857,0.9519374,0.96148934,80944,0,1.962950544,1
COc1ccc(/C=C/C(=O)c2cc(OC)c(OC)c(OC)c2)cc1,0.9999997,1.0,1.0,0.99452966,0.9118846,0.98056334,0.9811628833333333,81013,0,1.900302379,1
CC(=O)OCCc1ccc(O)cc1,0.9996126,0.9961643,0.6626123,0.8261924,0.719518,0.743457,0.8245927666666667,81313,0,1.697658981,1
CC(C)(c1ccc(O)cc1)c1ccc(O)cc1,0.999981,0.616372,0.99613255,0.8551311,0.71713805,0.9428272,0.8545969833333333,81560,0,1.830471795,1
CCCCCCCCCCCCOC(C)=O,0.9999955,1.0,0.78585076,0.81647617,0.5666948,0.71196246,0.8134966149999999,82759,0,1.729794629,1
COc1cccc2cccc(O)c12,0.9985326,0.99999404,0.89486474,0.85417014,0.8063194,0.7919545,0.8909725700000001,82821,0,1.724574885,1
CCCCCCCOC(=O)CCCCCCC,0.99998003,0.99999976,0.78585076,0.80895275,0.53183436,0.71196246,0.80643002,82910,0,1.724054082,1
COc1ccc(-c2c(O)cc(-c3ccccc3)c(OC)c2OC)cc1,0.9999946,1.0,0.9999998,0.9622466,0.9090745,0.94034225,0.968609625,83384,0,1.955156978,1
CCCCCOCCOC(C)=O,0.9999501,0.99785274,0.8419892,0.7032316,0.65092856,0.5493869,0.7905565166666667,83861,0,1.843731771,1
COc1cc(O)cc(CCc2ccccc2OC)c1,0.99999946,0.9999998,0.9999998,0.98791355,0.8298702,0.9333906,0.9585289016666666,83870,0,1.822751508,1
CCCCCCCCCCCCCCCC(=O)OCCCC,0.999983,1.0,0.78585076,0.8106673,0.66047513,0.71196246,0.8281564416666666,84980,1,1.856453028,1
COC(=O)c1cc(-c2ccccc2)cc(OC)c1C,0.99998635,0.9999996,0.99996805,0.83900565,0.529721,0.8034441,0.8620207916666668,85047,0,1.725891034,1
COc1ccc(-c2cc(OC)c(-c3ccccc3)c(OC)c2O)cc1,0.9999943,0.9999996,0.9999998,0.96203667,0.86505795,0.94034225,0.9612384283333334,85573,0,1.94809739,1
COc1cc(-c2ccccc2)c(O)c(O)c1-c1ccccc1,0.9999962,0.99947304,0.9999996,0.9552887,0.7792824,0.975926,0.9516609900000002,85918,0,1.864349731,1
COc1cc(C=CC(=O)c2ccc(O)cc2)ccc1O,0.9999998,1.0,1.0,0.9980112,0.98116064,0.98878527,0.994659485,86104,0,1.904628982,1
COc1cc(/C=C/C(=O)O)ccc1OC(C)=O,0.9999996,1.0,0.99999994,0.9921732,0.9103715,0.9330073,0.9725919233333333,86263,0,1.898137485,1
COc1ccc(C(=O)C=Cc2ccccc2)c(O)c1OC,0.99999976,1.0,1.0,0.98662835,0.959827,0.9787466,0.9875336183333334,86356,0,1.986836841,1
COc1cc(CCCC(C)=O)ccc1O,0.9999953,0.9999893,0.99960166,0.9363219,0.641481,0.9235993,0.91683141,87927,0,1.817723363,1
CC(=O)Oc1ccc(O)cc1C,0.99999905,0.99930686,0.6266572,0.8847912,0.65367216,0.54628253,0.7851181666666666,88452,0,1.817104542,1
COc1ccc(CNCCc2ccc(O)cc2)cc1O,0.96964717,1.0,0.9999139,0.5143481,0.8688509,0.7481778,0.8501563116666667,88486,0,1.822404864,1
COc1ccc(C(=O)C=Cc2ccccc2)c(O)c1,0.9999998,1.0,0.99999994,0.998099,0.9860514,0.9682253,0.9920625733333334,88738,0,1.803661764,1
CCCCCCCCCCCCCCCC(=O)OCCCCCCCC,0.99998003,1.0,0.78585076,0.80895275,0.64413446,0.71196246,0.8251467433333333,89500,1,1.844649277,1
COC(=O)CCc1ccc(O)c(O)c1,0.99999475,0.9999497,0.99999994,0.9543006,0.78831244,0.96684545,0.9515671466666668,90206,0,1.849445363,1
CCCCCCCCC(=O)c1ccc(O)cc1,0.99999785,0.9999916,0.999697,0.95181936,0.7570575,0.8617466,0.928384985,90232,0,1.661731966,1
COc1ccc(/C=C/C(=O)O)cc1,0.99999994,1.0,0.9998351,0.99153537,0.8853011,0.92707795,0.9672915766666667,90699,0,1.584082058,1
COc1ccc(C=O)cc1Oc1ccc(C=O)cc1,0.99991673,1.0,0.99999976,0.8318513,0.84348136,0.83803463,0.91888063,90869,0,1.937579713,1
COc1ccc(C(=O)C=Cc2ccccc2)c(OC)c1OC,0.9999996,1.0,1.0,0.9867222,0.9416049,0.98056334,0.9848150066666665,90905,0,1.926563059,1
COc1ccc(C=CC(=O)O)cc1O,0.99999976,1.0,0.99999994,0.9943218,0.95775175,0.97277063,0.98747398,91415,0,1.909676132,1
CC(=O)OCCc1ccc(O)c(O)c1,0.99997705,0.99998146,0.9999723,0.9332325,0.8218863,0.95908815,0.9523562933333333,91846,0,1.963442934,1
COc1cccc2nc3ccccc3nc12,0.99995726,0.99909145,0.9817527,0.8669333,0.5529418,0.7488055,0.8582470016666667,92338,0,1.734950112,1
COc1cc(-c2ccccc2)cc(OC)c1OC,0.9999233,0.9994332,0.99999905,0.9339865,0.6982159,0.9493768,0.9301557916666665,92604,0,1.50547063,1
COc1ccc(/C=C\C(=O)O)cc1,0.99999994,1.0,0.9998351,0.99153537,0.8853011,0.92707795,0.9672915766666667,92801,0,1.584082058,1
COc1cc(-c2ccccc2)oc(=O)c1,0.9898856,0.99960774,0.9980774,0.89807004,0.6867377,0.77406937,0.8910746416666667,92866,0,1.899633298,1
CCCCCCCCCCCCCCCCCCCCCC(=O)OCCCCC,0.99998003,1.0,0.78585076,0.80895275,0.6024985,0.71196246,0.8182074166666666,93299,1,1.85590654,1
COc1cc(/C=C\C(=O)O)ccc1O,0.99999976,1.0,0.99999994,0.99452513,0.9477313,0.97277063,0.9858377933333334,93902,0,1.869063177,1
CCCCCCCCCCCCCCCCCCCCCCCCC(=O)OC,0.999914,1.0,0.86804324,0.80237246,0.5825158,0.8400523,0.8488163000000001,94437,1,1.76428574,1
CCCCCCCCCCCCCCCCCCCCCCCCOC(C)=O,0.9999955,1.0,0.78585076,0.81647617,0.5937516,0.71196246,0.8180060816666667,94438,1,1.800890868,1
