,Label
10785,0
14280,1
13821,1
4027,1
9636,0
6229,0
7917,0
6646,0
2370,1
9568,0
5758,0
3031,1
13008,1
13300,1
13349,1
13877,1
13903,1
13913,1
14113,1
14126,1
14180,1
14312,1
6024,0
4437,1
4474,1
2746,1
13841,1
1814,1
12947,0
12910,0
4539,1
2635,1
831,1
2073,1
12124,0
12685,0
2280,1
7582,0
5939,0
7109,0
476,1
11292,0
3376,1
9619,0
352,1
7962,0
2337,1
7489,0
14968,1
303,1
1452,1
3372,1
6433,0
14236,1
7522,0
556,1
681,1
7015,0
11069,0
3324,1
6592,0
5982,0
9575,0
4554,1
1376,1
6788,0
7663,0
8632,0
12129,0
12489,0
11523,0
1343,1
8313,0
9004,0
6188,0
4655,1
9337,0
9184,0
9338,0
2548,1
2600,1
5005,1
2740,1
2765,1
1462,1
15052,1
9591,0
7323,0
2925,1
3505,1
4230,1
12956,0
593,1
5358,1
4768,1
11329,0
6490,0
9064,0
11957,0
12215,0
3561,1
2823,1
12705,0
15110,1
3150,1
2549,1
2309,1
11450,0
13151,1
7418,0
4430,1
11508,0
11597,0
4620,1
12550,0
9091,0
14702,1
14794,1
14818,1
15044,1
15045,1
15046,1
15047,1
15049,1
15088,1
15089,1
13609,1
13635,1
13854,1
7024,0
6880,0
14784,1
14836,1
14839,1
12653,0
5562,0
2571,1
127,1
6450,0
7655,0
12263,0
13634,1
4106,1
4109,1
4111,1
12535,0
15104,1
4659,1
10610,0
5947,0
8534,0
7168,0
3925,1
2893,1
8068,0
8241,0
8671,0
13351,1
10530,0
12998,1
13212,1
13532,1
13898,1
13999,1
14023,1
14142,1
14143,1
14157,1
14175,1
4987,1
8077,0
13910,1
9860,0
15041,1
658,1
12055,0
678,1
461,1
2978,1
10520,0
5944,0
7030,0
7140,0
9874,0
3200,1
5903,0
4896,1
11919,0
11418,0
4325,1
10160,0
8472,0
4869,1
7735,0
7105,0
8463,0
5725,0
10397,0
2388,1
1800,1
633,1
636,1
637,1
641,1
642,1
702,1
3253,1
6536,0
7366,0
10485,0
2410,1
11780,0
11801,0
7206,0
5423,1
5448,1
14105,1
14128,1
14195,1
14367,1
14374,1
14412,1
9154,0
3614,1
5711,0
2405,1
14946,1
14949,1
9186,0
5864,0
2457,1
2056,1
3760,1
5898,0
182,1
8181,0
5987,0
9263,0
10756,0
3909,1
10590,0
11584,0
11638,0
11782,0
12568,0
14488,1
5984,0
6418,0
8028,0
9027,0
9751,0
11291,0
2172,1
11750,0
584,1
7808,0
12725,0
6821,0
7723,0
1637,1
11682,0
7649,0
1033,1
1034,1
10405,0
4191,1
12638,0
13655,1
13765,1
10702,0
13548,1
12433,0
9651,0
10977,0
3408,1
296,1
12959,0
11404,0
11554,0
12021,0
10425,0
10518,0
3350,1
10006,0
10206,0
5604,0
11914,0
6404,0
14392,1
9058,0
12536,0
10310,0
5856,0
3264,1
13471,1
11624,0
1918,1
8687,0
13178,1
2241,1
7516,0
9604,0
1480,1
10957,0
7952,0
13897,1
7293,0
6548,0
7039,0
5373,1
8901,0
12700,0
12871,0
9432,0
7586,0
6717,0
3423,1
11692,0
5619,0
4618,1
11698,0
13299,1
13487,1
13670,1
13998,1
14173,1
14220,1
14238,1
14305,1
8619,0
1232,1
6321,0
4294,1
4304,1
6297,0
229,1
1501,1
1503,1
7701,0
8748,0
11041,0
12094,0
12358,0
1586,1
4045,1
2284,1
10852,0
12688,0
4971,1
995,1
2785,1
7286,0
10470,0
12134,0
1559,1
9158,0
2861,1
11002,0
8575,0
7943,0
397,1
5849,0
6546,0
10240,0
9753,0
3287,1
6341,0
6342,0
13955,1
375,1
13302,1
13886,1
6451,0
1816,1
12692,0
7843,0
8398,0
1018,1
5819,0
5615,0
10462,0
3548,1
6749,0
12612,0
615,1
3138,1
4569,1
4839,1
5072,1
14997,1
14998,1
15154,1
1522,1
2412,1
7669,0
10327,0
10534,0
12738,0
13887,1
13894,1
14091,1
14130,1
8567,0
12111,0
12247,0
1949,1
5886,0
7303,0
12960,0
1456,1
10671,0
6995,0
9922,0
6337,0
12872,0
12272,0
4755,1
9629,0
6799,0
11273,0
501,1
6648,0
4444,1
4479,1
4607,1
690,1
8634,0
11989,0
827,1
2816,1
1896,1
11017,0
5692,0
13381,1
14970,1
15099,1
9558,0
8518,0
9611,0
11164,0
4795,1
11194,0
14932,1
12592,0
2262,1
2264,1
2336,1
9566,0
8490,0
13378,1
13495,1
255,1
12052,0
11530,0
11544,0
11560,0
11567,0
12770,0
4507,1
2771,1
2772,1
5463,1
2990,1
3190,1
9132,0
1734,1
3219,1
3440,1
13617,1
8686,0
4879,1
4881,1
12116,0
13497,1
14018,1
14297,1
14444,1
6146,0
6384,0
325,1
7158,0
1871,1
2668,1
563,1
1337,1
10820,0
1767,1
2581,1
9221,0
5442,1
3389,1
5765,0
783,1
14471,1
14472,1
14481,1
14484,1
14493,1
14503,1
14504,1
14505,1
14517,1
14518,1
14520,1
6583,0
5626,0
3087,1
2355,1
2302,1
188,1
12392,0
4008,1
206,1
279,1
4379,1
13827,1
5174,1
377,1
3038,1
9499,0
11322,0
11334,0
11599,0
5274,1
13530,1
10196,0
3153,1
200,1
6281,0
10737,0
12560,0
14568,1
14569,1
14687,1
14688,1
10251,0
6255,0
2523,1
9866,0
5077,1
10373,0
12104,0
12845,0
3808,1
3812,1
12811,0
8746,0
7192,0
9212,0
191,1
7040,0
10379,0
3472,1
7071,0
11903,0
3027,1
3028,1
3029,1
8960,0
10601,0
5685,0
4110,1
3887,1
9012,0
5347,1
5591,0
3538,1
11443,0
2054,1
5655,0
9503,0
10605,0
7865,0
10263,0
6003,0
5908,0
5953,0
6573,0
9940,0
14612,1
14615,1
14616,1
14617,1
1422,1
8038,0
8282,0
9100,0
2343,1
9773,0
9054,0
3202,1
4182,1
8708,0
7626,0
9897,0
4223,1
10549,0
1697,1
10653,0
12842,0
1038,1
7578,0
3980,1
7239,0
7290,0
8543,0
257,1
312,1
1567,1
11146,0
11150,0
12832,0
3862,1
11927,0
1235,1
15160,1
15161,1
11180,0
7083,0
7979,0
5033,1
14746,1
6974,0
4938,1
6256,0
8853,0
9590,0
8773,0
6881,0
8596,0
8600,0
13963,1
1805,1
6394,0
6594,0
10309,0
7579,0
6458,0
12709,0
9959,0
2341,1
949,1
950,1
9975,0
469,1
5875,0
1895,1
5814,0
12920,0
6620,0
13937,1
7535,0
12044,0
2266,1
2290,1
2291,1
2293,1
2295,1
2296,1
2298,1
2300,1
2305,1
2307,1
10071,0
10098,0
1175,1
8815,0
12274,0
8857,0
1696,1
9246,0
1052,1
12924,0
5083,1
4459,1
4666,1
12583,0
14059,1
10113,0
13483,1
7900,0
6305,0
6058,0
6233,0
9041,0
10901,0
5193,1
4577,1
1095,1
10639,0
4279,1
2424,1
11501,0
14199,1
2088,1
2132,1
2979,1
7724,0
550,1
5605,0
12390,0
11419,0
10939,0
4747,1
5516,1
1283,1
1294,1
1296,1
4041,1
13331,1
12467,0
8812,0
5990,0
9969,0
12882,0
1302,1
10314,0
10573,0
230,1
12476,0
11047,0
12053,0
6723,0
7471,0
6130,0
2168,1
7371,0
4845,1
4328,1
5195,1
12141,0
10540,0
5553,0
14106,1
6842,0
8194,0
4812,1
8769,0
5686,0
1405,1
8814,0
4448,1
4449,1
4663,1
8269,0
8791,0
12718,0
10669,0
2344,1
4521,1
10299,0
464,1
468,1
7138,0
10925,0
12202,0
11663,0
10917,0
2757,1
4167,1
5528,0
5557,0
8100,0
3388,1
546,1
7895,0
9830,0
11012,0
7794,0
11160,0
3352,1
7284,0
2276,1
12336,0
3531,1
3537,1
6370,0
8663,0
11785,0
2022,1
7609,0
9098,0
13416,1
6079,0
9303,0
12856,0
12469,0
5331,1
6827,0
2123,1
7550,0
12363,0
716,1
180,1
8604,0
12990,1
4958,1
3672,1
6910,0
8466,0
5959,0
1569,1
1576,1
1725,1
6175,0
4787,1
12704,0
4598,1
4615,1
3333,1
5876,0
7790,0
340,1
3830,1
1375,1
1861,1
9589,0
8138,0
10209,0
10221,0
10437,0
6796,0
6518,0
11051,0
14624,1
4347,1
1459,1
3223,1
6909,0
14272,1
5790,0
1738,1
9535,0
5928,0
4803,1
8294,0
5859,0
6603,0
10797,0
8778,0
9256,0
7894,0
8908,0
8240,0
9726,0
12351,0
13057,1
2576,1
12228,0
12724,0
12731,0
10366,0
7498,0
14442,1
379,1
387,1
389,1
394,1
12151,0
626,1
627,1
628,1
631,1
4420,1
6926,0
7852,0
1888,1
1545,1
3488,1
8549,0
8986,0
5244,1
5265,1
5269,1
8354,0
13842,1
6916,0
1636,1
106,1
6808,0
8429,0
13931,1
15201,1
5110,1
12529,0
14835,1
3872,1
14587,1
3346,1
7297,0
12715,0
12800,0
10743,0
1919,1
6261,0
7497,0
13101,1
13169,1
4628,1
3749,1
3982,1
11132,0
11135,0
11282,0
11325,0
11974,0
12499,0
13014,1
13021,1
13072,1
13130,1
13232,1
13313,1
13390,1
13494,1
775,1
1755,1
10623,0
12315,0
8474,0
3075,1
8833,0
3890,1
10017,0
6678,0
11998,0
10827,0
5919,0
9785,0
9822,0
5669,0
10200,0
5419,1
910,1
911,1
912,1
913,1
914,1
915,1
916,1
917,1
918,1
919,1
920,1
921,1
922,1
923,1
924,1
925,1
926,1
927,1
11694,0
13606,1
11847,0
12982,1
4059,1
7631,0
662,1
62,1
8864,0
11271,0
685,1
1666,1
8511,0
12973,0
6391,0
7932,0
8917,0
11185,0
511,1
11252,0
10946,0
10715,0
5956,0
5592,0
3134,1
3135,1
7590,0
4372,1
4380,1
8227,0
4955,1
12516,0
12590,0
7342,0
15094,1
3526,1
4664,1
9495,0
3990,1
5007,1
5663,0
717,1
14988,1
15209,1
2209,1
2361,1
3198,1
7517,0
11013,0
12602,0
13361,1
13696,1
5943,0
9953,0
7090,0
1614,1
1497,1
3265,1
12553,0
15165,1
12220,0
14209,1
2251,1
13643,1
1673,1
2838,1
11120,0
6608,0
4060,1
11085,0
2868,1
3338,1
3944,1
8265,0
12268,0
10624,0
492,1
6505,0
7408,0
5320,1
12608,0
3166,1
8915,0
6984,0
8564,0
14977,1
6185,0
9101,0
11656,0
11657,0
11658,0
11659,0
14213,1
12441,0
6690,0
833,1
2074,1
1161,1
3105,1
6444,0
294,1
2998,1
10414,0
10941,0
12868,0
1364,1
1672,1
2465,1
4973,1
7660,0
8231,0
10615,0
10029,0
10096,0
13513,1
1210,1
8704,0
9814,0
6411,0
2082,1
4524,1
15147,1
4147,1
10277,0
131,1
10037,0
10107,0
7715,0
453,1
2354,1
7527,0
3721,1
4536,1
9296,0
4052,1
7709,0
6992,0
5210,1
7828,0
1862,1
7893,0
8327,0
493,1
12905,0
14640,1
6940,0
7181,0
8266,0
2766,1
3904,1
3907,1
15185,1
339,1
11472,0
11473,0
11726,0
12023,0
12781,0
10174,0
11579,0
4814,1
8160,0
148,1
4421,1
4422,1
4423,1
4424,1
4425,1
4426,1
9146,0
5369,1
8365,0
9947,0
1271,1
1272,1
1273,1
1276,1
1277,1
1278,1
1279,1
2883,1
8609,0
9978,0
6752,0
536,1
9314,0
10973,0
5656,0
1267,1
8844,0
9082,0
6917,0
12303,0
5409,1
6526,0
6731,0
6775,0
7002,0
9300,0
21,1
2736,1
2810,1
2830,1
2889,1
2929,1
2957,1
3736,1
3743,1
3858,1
3877,1
3895,1
3948,1
3950,1
3959,1
3968,1
8223,0
5142,1
11580,0
4872,1
4884,1
2860,1
10042,0
10367,0
9454,0
5246,1
5253,1
7288,0
6087,0
10866,0
8827,0
4538,1
4874,1
11255,0
11261,0
11281,0
11330,0
11509,0
11511,0
11515,0
11639,0
11763,0
11813,0
11871,0
7341,0
12886,0
4648,1
4719,1
753,1
1917,1
5494,1
11212,0
10840,0
12533,0
13167,1
13424,1
13732,1
13756,1
13819,1
13832,1
13892,1
4282,1
9329,0
13581,1
5446,1
3139,1
13698,1
7435,0
6085,0
9130,0
6552,0
3527,1
14804,1
4673,1
4680,1
7101,0
8776,0
12382,0
289,1
5930,0
6218,0
6792,0
7251,0
8880,0
11744,0
6067,0
7245,0
4020,1
11183,0
12510,0
3705,1
10806,0
4070,1
4074,1
4077,1
4078,1
4079,1
4120,1
4121,1
7092,0
4139,1
3420,1
11809,0
11865,0
1728,1
1735,1
2236,1
10627,0
14428,1
7005,0
7094,0
5704,0
4785,1
6282,0
10130,0
10346,0
6726,0
3545,1
3844,1
3847,1
3961,1
3962,1
3963,1
3964,1
14671,1
8786,0
6970,0
7053,0
3763,1
4953,1
7186,0
12284,0
6198,0
5593,0
6758,0
11125,0
12814,0
14969,1
3586,1
10809,0
1766,1
9294,0
11339,0
11609,0
7950,0
838,1
2966,1
6210,0
8571,0
4689,1
3270,1
4171,1
2154,1
3460,1
1053,1
14716,1
14810,1
9900,0
8334,0
7013,0
13701,1
2334,1
6294,0
11240,0
6327,0
12655,0
9992,0
10027,0
9332,0
5584,0
5595,0
9648,0
2761,1
11728,0
11825,0
11224,0
11420,0
11507,0
11522,0
11665,0
13051,1
13168,1
13215,1
13304,1
13335,1
13362,1
13369,1
13410,1
13423,1
13456,1
13478,1
13484,1
13524,1
13608,1
13652,1
13686,1
13761,1
13840,1
13924,1
2582,1
13428,1
9331,0
10179,0
9709,0
14897,1
9878,0
6633,0
10776,0
4130,1
1299,1
1300,1
1307,1
1309,1
1313,1
1315,1
1317,1
1319,1
1336,1
187,1
5298,1
10416,0
7162,0
1495,1
1116,1
9916,0
11833,0
7244,0
13867,1
14282,1
489,1
10172,0
10326,0
10467,0
10766,0
9311,0
11297,0
13148,1
1753,1
6161,0
8816,0
7923,0
2455,1
13454,1
12753,0
9224,0
1965,1
8377,0
2450,1
6864,0
5971,0
5450,1
14546,1
14549,1
14604,1
14605,1
14695,1
14749,1
14750,1
5975,0
10204,0
227,1
5470,1
14879,1
1481,1
5992,0
8412,0
8830,0
9441,0
6962,0
12815,0
7398,0
7369,0
7531,0
1958,1
2081,1
7966,0
8587,0
5258,1
5337,1
105,1
11116,0
10652,0
11115,0
3569,1
12244,0
6743,0
4791,1
11118,0
10515,0
10554,0
10205,0
10456,0
1610,1
1264,1
1265,1
1266,1
1269,1
1270,1
12423,0
3209,1
9345,0
13002,1
2649,1
13229,1
2102,1
2103,1
12031,0
13265,1
5754,0
5004,1
5095,1
9344,0
3240,1
1059,1
10364,0
10014,0
13636,1
6117,0
11101,0
5679,0
10478,0
8502,0
1045,1
181,1
1536,1
7748,0
7767,0
8256,0
12332,0
10848,0
8721,0
5307,1
6409,0
7344,0
10116,0
10431,0
10582,0
4508,1
9366,0
13506,1
13794,1
13900,1
14161,1
6817,0
601,1
6773,0
9748,0
292,1
8514,0
8286,0
12643,0
8427,0
9092,0
820,1
8084,0
5483,1
7170,0
9576,0
7740,0
14290,1
13258,1
9713,0
5351,1
10235,0
677,1
6524,0
5289,1
7905,0
8669,0
1598,1
4614,1
4781,1
6345,0
6431,0
7939,0
11040,0
12182,0
7051,0
10803,0
1946,1
6440,0
5647,0
13198,1
11934,0
13687,1
14005,1
1847,1
12339,0
3645,1
3660,1
8243,0
8467,0
2137,1
7680,0
11136,0
11205,0
11230,0
11244,0
11568,0
13022,1
9125,0
6980,0
6559,0
7829,0
9076,0
10048,0
5295,1
3019,1
3187,1
12078,0
12558,0
5980,0
7528,0
7682,0
54,1
11123,0
10656,0
12491,0
6251,0
7060,0
5214,1
5225,1
5233,1
5238,1
5257,1
5261,1
14181,1
5041,1
6942,0
9548,0
7674,0
1682,1
2171,1
9002,0
9416,0
4633,1
7044,0
7150,0
12830,0
7197,0
14689,1
8820,0
11073,0
6250,0
9925,0
14547,1
15132,1
3363,1
9661,0
12174,0
14664,1
14665,1
11307,0
8049,0
10831,0
111,1
4590,1
9911,0
10648,0
10539,0
220,1
4034,1
12223,0
564,1
1447,1
11590,0
13464,1
5127,1
5996,0
14548,1
8795,0
7310,0
3993,1
2515,1
12665,0
12479,0
7442,0
8654,0
11359,0
3188,1
3280,1
3583,1
3669,1
4727,1
240,1
12131,0
621,1
2353,1
8159,0
1461,1
8841,0
11621,0
3484,1
3896,1
3958,1
7193,0
9579,0
9163,0
12248,0
5340,1
7356,0
12008,0
2972,1
5871,0
5642,0
5627,0
10887,0
12847,0
9297,0
5308,1
6041,0
10655,0
2603,1
583,1
4242,1
4886,1
4942,1
10268,0
8677,0
4985,1
120,1
5472,1
6414,0
14641,1
2789,1
12613,0
8858,0
1068,1
3357,1
5644,0
4523,1
5541,0
3351,1
9881,0
11166,0
13217,1
7387,0
12179,0
4952,1
12829,0
9489,0
13987,1
1119,1
5566,0
2416,1
12444,0
10464,0
14707,1
14708,1
2211,1
2533,1
13535,1
269,1
7745,0
8976,0
9640,0
9592,0
4149,1
9679,0
4686,1
8690,0
3447,1
56,1
2494,1
8115,0
12293,0
4929,1
12344,0
5205,1
5206,1
3102,1
5748,0
7737,0
6689,0
2802,1
14869,1
11421,0
11422,0
11423,0
11424,0
11717,0
13033,1
13306,1
13602,1
13621,1
13909,1
14082,1
14097,1
14135,1
14302,1
1591,1
118,1
1041,1
10742,0
5714,0
14790,1
10434,0
12036,0
10436,0
10533,0
10843,0
10458,0
275,1
7012,0
7233,0
7982,0
8849,0
8996,0
9208,0
7006,0
329,1
12767,0
8517,0
9684,0
10086,0
13510,1
12277,0
4478,1
6829,0
12865,0
9936,0
607,1
7825,0
2867,1
2203,1
9211,0
10847,0
195,1
2962,1
1609,1
5789,0
7906,0
8489,0
12543,0
6713,0
13468,1
13780,1
5502,1
5506,1
12454,0
3623,1
5759,0
79,1
2738,1
7096,0
8509,0
4556,1
4625,1
3074,1
4608,1
7854,0
13773,1
2181,1
2878,1
6762,0
3162,1
959,1
6105,0
11437,0
11512,0
11959,0
10481,0
2939,1
5874,0
9479,0
12555,0
8802,0
15081,1
15210,1
14454,1
2556,1
4650,1
4578,1
9217,0
762,1
763,1
1573,1
10078,0
9789,0
6565,0
14925,1
7780,0
7899,0
10890,0
10933,0
12751,0
4473,1
4529,1
4543,1
4707,1
4767,1
4888,1
4909,1
2428,1
6455,0
5561,0
10154,0
12742,0
8437,0
12626,0
5560,0
8384,0
2671,1
1651,1
3059,1
11926,0
1553,1
12059,0
9712,0
13418,1
10241,0
12287,0
7139,0
10953,0
1369,1
1642,1
6720,0
9716,0
2289,1
1099,1
7902,0
6010,0
2845,1
13578,1
3702,1
268,1
50,1
6669,0
6951,0
8219,0
9736,0
6674,0
6012,0
6699,0
2597,1
6751,0
10813,0
3734,1
2265,1
2332,1
10361,0
126,1
13436,1
7931,0
9974,0
13056,1
5510,1
7921,0
1843,1
11111,0
8837,0
12191,0
14542,1
9459,0
7391,0
11105,0
1089,1
460,1
8262,0
8732,0
7638,0
1203,1
5259,1
10673,0
8140,0
9530,0
9559,0
14137,1
6154,0
9779,0
7789,0
1370,1
5084,1
1751,1
10316,0
6668,0
6739,0
8789,0
8193,0
3284,1
3251,1
7484,0
3197,1
869,1
873,1
874,1
876,1
880,1
895,1
900,1
13029,1
13113,1
9980,0
5132,1
7240,0
11387,0
11915,0
13382,1
4400,1
8520,0
9181,0
7199,0
4472,1
3903,1
2143,1
7407,0
2695,1
5014,1
5160,1
3397,1
14899,1
14900,1
14901,1
15166,1
14448,1
14460,1
3664,1
13592,1
9638,0
13514,1
4959,1
8991,0
1155,1
8578,0
7563,0
354,1
11719,0
5389,1
12490,0
7333,0
12671,0
6481,0
11298,0
163,1
1466,1
4069,1
4072,1
4122,1
5768,0
9357,0
10420,0
10438,0
1565,1
7736,0
6400,0
7154,0
8360,0
9218,0
12333,0
6476,0
14760,1
14918,1
3374,1
9472,0
6371,0
3483,1
4572,1
4765,1
11983,0
12788,0
3104,1
3108,1
11092,0
4168,1
1689,1
3414,1
1208,1
3201,1
12355,0
7763,0
13511,1
4940,1
6220,0
7452,0
3136,1
3758,1
3761,1
2202,1
4497,1
2430,1
12834,0
1788,1
13039,1
3174,1
2882,1
6449,0
8593,0
8838,0
9009,0
9333,0
9400,0
9935,0
7713,0
1664,1
8834,0
4693,1
5188,1
5243,1
5260,1
5386,1
1626,1
2773,1
6769,0
7506,0
9643,0
1409,1
5696,0
6124,0
7129,0
7147,0
10124,0
10168,0
3937,1
6897,0
9467,0
8341,0
9555,0
14635,1
11681,0
11882,0
12506,0
13046,1
13434,1
13453,1
13533,1
13582,1
13603,1
13695,1
13876,1
13899,1
13914,1
14112,1
14147,1
1410,1
14526,1
7054,0
13838,1
12677,0
9369,0
8435,0
2207,1
1493,1
11024,0
10143,0
10320,0
7406,0
3297,1
3335,1
6941,0
8239,0
8906,0
14865,1
8168,0
12393,0
15076,1
15090,1
5049,1
5094,1
14733,1
14734,1
14852,1
5162,1
5372,1
8,1
8811,0
10996,0
11363,0
562,1
11357,0
11495,0
4906,1
9050,0
8782,0
6317,0
9801,0
1799,1
1600,1
6182,0
9504,0
4804,1
6889,0
10097,0
6570,0
2839,1
11089,0
5621,0
3233,1
3256,1
9378,0
14730,1
8142,0
3985,1
9202,0
10697,0
6956,0
3066,1
8158,0
8972,0
6287,0
10084,0
10091,0
7164,0
8968,0
5130,1
5966,0
15102,1
15103,1
6439,0
2907,1
51,1
190,1
13922,1
10607,0
12578,0
11310,0
8440,0
10688,0
6636,0
6167,0
8966,0
13734,1
6871,0
3412,1
10998,0
6073,0
12673,0
2546,1
14255,1
14279,1
14325,1
14348,1
14480,1
8796,0
6581,0
14411,1
14571,1
3445,1
7440,0
8753,0
8706,0
12545,0
10202,0
168,1
7069,0
10634,0
10057,0
14491,1
6390,0
8343,0
2826,1
694,1
695,1
6707,0
3443,1
4051,1
8876,0
14099,1
3492,1
6219,0
7302,0
9805,0
9183,0
12361,0
13731,1
3723,1
15167,1
15187,1
3444,1
2749,1
2824,1
2858,1
5473,1
9820,0
4889,1
7805,0
15084,1
14770,1
15040,1
15043,1
15074,1
8215,0
10767,0
44,1
6236,0
6810,0
3011,1
5848,0
6959,0
7526,0
8004,0
8803,0
9522,0
12932,0
2653,1
4138,1
11481,0
12143,0
10266,0
1927,1
7247,0
6064,0
13435,1
725,1
10167,0
10252,0
10559,0
1875,1
828,1
13439,1
13953,1
14073,1
14211,1
14285,1
14350,1
2584,1
9037,0
1786,1
994,1
5435,1
5436,1
5437,1
5658,0
5665,0
7082,0
11751,0
11994,0
11995,0
12777,0
13159,1
5300,1
774,1
1688,1
8195,0
2257,1
276,1
7201,0
5777,0
1418,1
13375,1
13893,1
13960,1
13968,1
14049,1
14172,1
14298,1
2433,1
13181,1
1061,1
7176,0
4910,1
6692,0
14550,1
14755,1
7347,0
2297,1
5317,1
504,1
14019,1
3146,1
6498,0
6513,0
6892,0
8851,0
12985,1
3541,1
7036,0
10990,0
2752,1
7042,0
13386,1
3071,1
3078,1
3373,1
3772,1
4880,1
12633,0
1263,1
8470,0
7127,0
1745,1
3290,1
3295,1
4843,1
1957,1
3125,1
2844,1
4340,1
5666,0
1643,1
7639,0
9797,0
2926,1
9580,0
2096,1
2212,1
15152,1
11059,0
1546,1
2109,1
2544,1
5977,0
7000,0
8860,0
8925,0
13564,1
10888,0
7319,0
9767,0
1721,1
3049,1
7964,0
12092,0
6475,0
12790,0
9253,0
2268,1
13260,1
4345,1
12200,0
649,1
704,1
9915,0
1252,1
3455,1
1542,1
4805,1
1618,1
6030,0
2516,1
81,1
8212,0
6718,0
6972,0
8397,0
1500,1
14084,1
14239,1
14337,1
14358,1
14662,1
841,1
482,1
7832,0
3385,1
5649,0
5695,0
5687,0
7759,0
8288,0
9710,0
2078,1
4321,1
2188,1
3303,1
11054,0
11200,0
8637,0
10823,0
6339,0
6625,0
4919,1
9302,0
9964,0
13163,1
4249,1
7721,0
10074,0
12849,0
9810,0
12139,0
7766,0
596,1
10719,0
9359,0
9741,0
4679,1
9108,0
609,1
3430,1
3431,1
5457,1
8112,0
706,1
835,1
3851,1
3054,1
11677,0
14098,1
4779,1
11011,0
8174,0
13156,1
13671,1
13674,1
13678,1
13679,1
13802,1
13814,1
13896,1
634,1
651,1
15,1
630,1
15227,1
10371,0
9420,0
10619,0
6734,0
7507,0
7641,0
8302,0
5807,0
12307,0
700,1
7104,0
7797,0
8040,0
12482,0
12903,0
9322,0
14724,1
4194,1
6060,0
10111,0
10497,0
4579,1
14249,1
10041,0
15058,1
2748,1
2862,1
10620,0
12701,0
4409,1
4416,1
4417,1
7070,0
8260,0
5625,0
7224,0
522,1
6540,0
4208,1
4213,1
9166,0
10208,0
9584,0
11598,0
11668,0
12073,0
11827,0
11878,0
6544,0
7055,0
7234,0
2153,1
6272,0
6401,0
6898,0
4021,1
1195,1
8217,0
1259,1
1260,1
1284,1
1295,1
1297,1
3441,1
10873,0
6838,0
13132,1
1326,1
8498,0
9880,0
8643,0
12465,0
3919,1
5508,1
10099,0
7595,0
9136,0
3594,1
3609,1
3649,1
1122,1
8000,0
3706,1
2411,1
6732,0
10947,0
8339,0
9854,0
11604,0
6599,0
13774,1
14445,1
8133,0
575,1
11730,0
6998,0
14613,1
14629,1
14630,1
4315,1
541,1
1255,1
1934,1
5025,1
12172,0
1183,1
2780,1
8941,0
10461,0
4429,1
6873,0
7443,0
1812,1
9807,0
12933,0
2805,1
3079,1
3467,1
3828,1
3829,1
3842,1
3845,1
3888,1
3892,1
3991,1
4087,1
4088,1
4129,1
4988,1
4989,1
4990,1
4992,1
4980,1
2814,1
484,1
5530,0
10125,0
7454,0
2059,1
2061,1
2934,1
3535,1
4274,1
14863,1
4292,1
12873,0
1211,1
10736,0
8794,0
140,1
4196,1
4565,1
2366,1
2375,1
2538,1
4293,1
7912,0
9000,0
8186,0
4544,1
13865,1
8124,0
9104,0
11776,0
12785,0
12786,0
13027,1
13028,1
13059,1
13060,1
13098,1
13137,1
13138,1
13139,1
13264,1
13346,1
13465,1
13466,1
15142,1
12246,0
4849,1
13940,1
3998,1
2459,1
9653,0
13303,1
13594,1
13920,1
1854,1
450,1
6132,0
6624,0
5133,1
8270,0
12946,0
1191,1
808,1
13512,1
1815,1
3093,1
2448,1
5586,0
198,1
2560,1
2562,1
12674,0
14614,1
14855,1
2299,1
3827,1
2315,1
10070,0
1808,1
5401,1
1298,1
1301,1
1303,1
1304,1
1306,1
1308,1
1310,1
1311,1
1312,1
4320,1
1852,1
12508,0
1357,1
7992,0
11548,0
12030,0
839,1
12827,0
12838,0
5684,0
9093,0
13612,1
10198,0
14944,1
2359,1
3755,1
4338,1
4584,1
4873,1
14779,1
14782,1
14978,1
14991,1
14992,1
14993,1
15066,1
15067,1
15068,1
15190,1
15191,1
15192,1
2490,1
6078,0
8395,0
12311,0
1842,1
11933,0
7057,0
9323,0
10613,0
7412,0
13174,1
13417,1
13727,1
855,1
865,1
3918,1
3976,1
10449,0
14745,1
14764,1
14766,1
14780,1
14972,1
14990,1
15022,1
15055,1
15056,1
3834,1
1442,1
3411,1
2632,1
5717,0
9045,0
10882,0
12353,0
5799,0
6413,0
2362,1
8345,0
3130,1
116,1
5793,0
5794,0
1329,1
6138,0
5482,1
2402,1
47,1
7361,0
9894,0
14762,1
14798,1
4950,1
2793,1
2811,1
3850,1
12015,0
384,1
390,1
391,1
392,1
10954,0
6527,0
6437,0
8131,0
8380,0
314,1
1513,1
2947,1
4858,1
8116,0
8942,0
9096,0
9955,0
11031,0
11769,0
11943,0
12727,0
12744,0
12971,0
13054,1
14189,1
4676,1
4510,1
2801,1
1371,1
2254,1
6090,0
10480,0
11145,0
11158,0
11191,0
11193,0
10195,0
7237,0
7375,0
7891,0
8371,0
8515,0
9070,0
10051,0
10180,0
14117,1
12934,0
8770,0
14563,1
14580,1
6095,0
7694,0
6381,0
3605,1
11648,0
11651,0
11652,0
13444,1
13543,1
13572,1
13772,1
2812,1
10104,0
2891,1
3181,1
3182,1
3250,1
4740,1
9513,0
9114,0
6574,0
7047,0
12630,0
8045,0
1411,1
9914,0
3015,1
5787,0
10906,0
2711,1
2909,1
1425,1
2057,1
5103,1
3695,1
267,1
6096,0
1718,1
10934,0
3390,1
3476,1
471,1
13387,1
13728,1
10911,0
2675,1
6993,0
8742,0
6818,0
3606,1
1880,1
6857,0
9139,0
102,1
7990,0
9164,0
10895,0
12914,0
13,1
2187,1
3799,1
12288,0
13908,1
7437,0
8649,0
8920,0
7,1
5817,0
5833,0
10603,0
11037,0
11189,0
5932,0
8591,0
8332,0
6264,0
11009,0
12600,0
13414,1
10003,0
2469,1
2557,1
3299,1
10982,0
13593,1
13638,1
14075,1
14148,1
14206,1
14371,1
14400,1
14511,1
1902,1
7038,0
1828,1
687,1
8565,0
3724,1
12965,0
14394,1
9075,0
5383,1
8639,0
7348,0
7562,0
9306,0
13076,1
13599,1
3321,1
5724,0
2227,1
7142,0
7897,0
2358,1
3893,1
5314,1
2139,1
6336,0
10765,0
11375,0
10293,0
2755,1
2759,1
10135,0
10288,0
6558,0
6349,0
7486,0
3148,1
9258,0
6932,0
3970,1
7258,0
5682,0
13694,1
7384,0
13388,1
11815,0
265,1
12306,0
8129,0
11384,0
3639,1
9461,0
5371,1
12328,0
8299,0
3220,1
7822,0
9268,0
8959,0
11112,0
10219,0
12237,0
670,1
7703,0
234,1
9159,0
5983,0
9267,0
12642,0
9381,0
6761,0
7762,0
5955,0
6228,0
7317,0
6579,0
3001,1
13175,1
3167,1
6093,0
9795,0
13256,1
10336,0
13363,1
7267,0
7679,0
10128,0
7304,0
3109,1
4028,1
7307,0
8712,0
11122,0
2382,1
10657,0
5580,0
4876,1
4908,1
4998,1
5075,1
5081,1
5184,1
7997,0
9939,0
11733,0
6356,0
6531,0
7475,0
7770,0
7970,0
9013,0
14557,1
14857,1
199,1
1413,1
5022,1
1885,1
11551,0
10306,0
10550,0
14159,1
15171,1
15172,1
7415,0
1772,1
12065,0
46,1
6836,0
15116,1
4135,1
12258,0
10278,0
2436,1
5925,0
8229,0
110,1
9010,0
13063,1
8369,0
383,1
385,1
1526,1
3005,1
10182,0
10289,0
5661,0
5873,0
6895,0
7793,0
9704,0
9197,0
10234,0
1743,1
2151,1
2641,1
4014,1
6978,0
8754,0
10176,0
10883,0
5499,1
5228,1
6232,0
1639,1
9910,0
9060,0
4468,1
6265,0
153,1
12048,0
4885,1
10077,0
12366,0
8307,0
5412,1
13739,1
6549,0
2198,1
3741,1
4709,1
14555,1
517,1
12570,0
578,1
7095,0
11630,0
8950,0
5957,0
5418,1
11496,0
11555,0
11569,0
11640,0
11680,0
14378,1
14383,1
14404,1
14421,1
14425,1
14432,1
11250,0
11378,0
11498,0
11722,0
68,1
9782,0
552,1
7269,0
13412,1
8859,0
3406,1
8007,0
2763,1
6033,0
970,1
973,1
985,1
992,1
11664,0
13209,1
7947,0
1181,1
8082,0
10402,0
3975,1
12573,0
15117,1
5634,0
6307,0
9696,0
13770,1
12851,0
3041,1
12300,0
7532,0
10995,0
8745,0
1256,1
3356,1
4296,1
4815,1
6379,0
12394,0
13242,1
13451,1
13565,1
14691,1
13521,1
10132,0
13251,1
14278,1
6802,0
9577,0
7953,0
10245,0
7209,0
13863,1
4112,1
2676,1
8892,0
5645,0
14218,1
4477,1
11540,0
11772,0
14500,1
8689,0
8867,0
14623,1
14935,1
14937,1
3502,1
9858,0
11108,0
12739,0
7969,0
10609,0
4058,1
5217,1
247,1
216,1
2157,1
7188,0
9406,0
9725,0
617,1
4080,1
4128,1
3848,1
5918,0
8139,0
7987,0
8075,0
7219,0
2924,1
8228,0
2913,1
3229,1
7914,0
8840,0
8984,0
8719,0
10880,0
8711,0
3285,1
1088,1
4324,1
12286,0
8921,0
5896,0
8923,0
6741,0
7876,0
7431,0
14948,1
8283,0
12596,0
11683,0
11714,0
8200,0
8457,0
9507,0
10233,0
5361,1
5415,1
12795,0
10944,0
3009,1
11441,0
3955,1
3956,1
3957,1
7151,0
12317,0
11395,0
6997,0
7218,0
7417,0
10894,0
4040,1
4199,1
4357,1
4361,1
5189,1
5190,1
378,1
4552,1
8779,0
2709,1
2712,1
8682,0
8905,0
7752,0
8372,0
4801,1
10134,0
3384,1
3667,1
6975,0
11968,0
5390,1
10005,0
9335,0
2386,1
2407,1
9595,0
5927,0
444,1
9121,0
2522,1
15220,1
2383,1
12096,0
8280,0
5895,0
4949,1
5839,0
5840,0
1865,1
11048,0
4748,1
7025,0
4653,1
4470,1
12735,0
13502,1
4148,1
6178,0
7278,0
10215,0
12650,0
600,1
5847,0
15007,1
11829,0
3746,1
10141,0
14066,1
14241,1
9233,0
5330,1
3951,1
6947,0
10668,0
10772,0
1385,1
8821,0
1650,1
14193,1
14368,1
13964,1
14070,1
14146,1
14366,1
9340,0
5276,1
7781,0
8974,0
9766,0
10734,0
11103,0
1350,1
11055,0
9364,0
274,1
12919,0
1809,1
10794,0
14923,1
558,1
559,1
7509,0
1390,1
1471,1
8705,0
10891,0
6245,0
7739,0
3861,1
8453,0
1400,1
7453,0
6688,0
7309,0
14644,1
14663,1
2643,1
3034,1
9044,0
10625,0
14904,1
14905,1
14906,1
14907,1
14564,1
11445,0
13659,1
4467,1
4817,1
4984,1
8285,0
10315,0
4961,1
14861,1
8580,0
1632,1
5728,0
1820,1
6121,0
7215,0
9804,0
6525,0
9769,0
5703,0
5462,1
7583,0
7771,0
8207,0
5468,1
297,1
5165,1
4827,1
6912,0
5668,0
12712,0
3544,1
5281,1
5583,0
2542,1
1803,1
1338,1
1794,1
2285,1
2311,1
5978,0
13055,1
11236,0
6694,0
7873,0
7996,0
9628,0
7792,0
13733,1
10499,0
8340,0
866,1
12301,0
3718,1
10798,0
10805,0
3869,1
1197,1
14957,1
14979,1
15059,1
15065,1
15069,1
15085,1
15109,1
15204,1
15205,1
5641,0
8361,0
8439,0
12005,0
1100,1
1104,1
1106,1
1107,1
1108,1
1112,1
1113,1
1114,1
1115,1
1121,1
1123,1
1125,1
1126,1
1129,1
1130,1
1131,1
1135,1
1137,1
1138,1
1142,1
1143,1
1145,1
624,1
5245,1
7933,0
5935,0
7883,0
7214,0
8258,0
6619,0
470,1
13588,1
5349,1
10100,0
10308,0
10474,0
5285,1
2665,1
14498,1
6902,0
8886,0
10044,0
10151,0
3494,1
4654,1
2808,1
2937,1
12290,0
7537,0
7560,0
9047,0
6070,0
9077,0
9733,0
10250,0
4154,1
11559,0
11607,0
4800,1
11304,0
8204,0
1441,1
8246,0
8568,0
7295,0
9469,0
5878,0
11545,0
12680,0
5104,1
12159,0
14898,1
15181,1
514,1
813,1
6627,0
282,1
8037,0
1730,1
12784,0
147,1
9852,0
1054,1
8887,0
12854,0
1488,1
3157,1
5476,1
9395,0
1067,1
1072,1
1080,1
1850,1
2487,1
2916,1
10087,0
1763,1
11849,0
6406,0
9745,0
5994,0
4241,1
12918,0
6590,0
2403,1
177,1
5414,1
13579,1
8245,0
4772,1
6661,0
12430,0
5091,1
6891,0
635,1
9933,0
193,1
2149,1
4638,1
11303,0
945,1
956,1
5404,1
14748,1
14788,1
8403,0
165,1
5355,1
9956,0
1395,1
6429,0
7098,0
7841,0
7889,0
10223,0
10370,0
13262,1
7856,0
5585,0
7156,0
5397,1
3572,1
11788,0
14859,1
8804,0
1365,1
2363,1
2480,1
3380,1
6309,0
14387,1
10273,0
693,1
11144,0
15146,1
5969,0
6112,0
6687,0
8089,0
527,1
8014,0
5503,1
14458,1
14492,1
14519,1
14531,1
14534,1
14535,1
14539,1
7574,0
9516,0
7204,0
3564,1
1973,1
14653,1
11654,0
1801,1
12396,0
1178,1
3060,1
3121,1
3122,1
739,1
4570,1
9763,0
1464,1
88,1
1341,1
6285,0
7608,0
7817,0
12970,0
11650,0
3289,1
10428,0
4086,1
9521,0
29,1
2513,1
2591,1
3056,1
2106,1
6530,0
7285,0
1616,1
12598,0
6471,0
7633,0
8522,0
9740,0
1492,1
14457,1
20,1
5180,1
12574,0
15170,1
3378,1
14125,1
6213,0
13123,1
6981,0
12081,0
12163,0
1674,1
6048,0
5567,0
5734,0
6886,0
8918,0
9086,0
9981,0
5454,1
1827,1
8167,0
9073,0
2351,1
5599,0
12634,0
9930,0
12835,0
12629,0
10519,0
10824,0
8701,0
381,1
382,1
388,1
395,1
11399,0
4172,1
3080,1
372,1
2248,1
2413,1
2478,1
5907,0
6614,0
10587,0
12137,0
14747,1
14756,1
12748,0
2223,1
5500,1
9744,0
10950,0
7529,0
6318,0
7141,0
11219,0
13725,1
113,1
9917,0
12283,0
1377,1
13520,1
13975,1
14251,1
2368,1
4505,1
11552,0
1606,1
7926,0
2561,1
2572,1
2596,1
2666,1
8756,0
9885,0
5587,0
12974,0
13095,1
2880,1
7611,0
12425,0
7919,0
14922,1
5469,1
8894,0
7998,0
11391,0
11457,0
12168,0
13031,1
14419,1
561,1
573,1
691,1
11168,0
9497,0
9772,0
14499,1
10553,0
5384,1
263,1
12271,0
10749,0
9561,0
2650,1
2895,1
3305,1
3323,1
6946,0
8458,0
3413,1
12035,0
5791,0
11043,0
6133,0
5227,1
7707,0
12706,0
5751,0
5375,1
1184,1
2794,1
13292,1
13309,1
13353,1
13360,1
13372,1
13446,1
13518,1
1399,1
2897,1
9899,0
3020,1
9387,0
9551,0
10981,0
2547,1
104,1
13413,1
2369,1
2587,1
3211,1
3392,1
3683,1
13974,1
8120,0
1212,1
1215,1
1216,1
1218,1
1219,1
1220,1
1221,1
1222,1
1225,1
1226,1
1227,1
1228,1
1229,1
1230,1
1231,1
1233,1
1234,1
1236,1
1237,1
1238,1
1239,1
1240,1
3081,1
4726,1
6017,0
9582,0
11924,0
12837,0
13019,1
14684,1
14685,1
14686,1
14742,1
5357,1
7137,0
7300,0
8300,0
13736,1
11537,0
6598,0
10915,0
6035,0
6036,0
8271,0
543,1
13575,1
10686,0
6839,0
7650,0
9229,0
3039,1
3740,1
3941,1
4019,1
6486,0
365,1
12614,0
13104,1
18,1
6929,0
9669,0
12323,0
1634,1
5967,0
8108,0
7910,0
11326,0
8707,0
5742,0
1760,1
4163,1
5427,1
8848,0
542,1
6665,0
259,1
2473,1
10851,0
12261,0
6126,0
9905,0
6833,0
9456,0
8359,0
3971,1
3170,1
12917,0
2730,1
7130,0
6110,0
12799,0
7483,0
7652,0
13611,1
10073,0
11091,0
11455,0
13301,1
3133,1
3663,1
15162,1
6670,0
4842,1
5027,1
12109,0
10663,0
13359,1
10638,0
6052,0
6055,0
1473,1
10323,0
4007,1
10388,0
10528,0
13389,1
13766,1
10121,0
7561,0
6676,0
8104,0
11647,0
7033,0
10665,0
12594,0
5169,1
1630,1
6102,0
8987,0
9534,0
6578,0
7732,0
9938,0
11848,0
13622,1
13847,1
13949,1
13986,1
14051,1
14056,1
14136,1
3047,1
10442,0
9309,0
108,1
136,1
3578,1
938,1
13321,1
4195,1
5271,1
5273,1
7989,0
6882,0
12617,0
4337,1
14647,1
1287,1
1597,1
6323,0
9876,0
12517,0
12678,0
2177,1
5278,1
5608,0
10972,0
8230,0
2507,1
10578,0
814,1
13803,1
1001,1
11195,0
9923,0
6489,0
8868,0
14631,1
14632,1
14633,1
14738,1
9581,0
1455,1
10875,0
12978,0
7575,0
7155,0
5146,1
7802,0
8434,0
14982,1
15078,1
3062,1
12840,0
4229,1
14227,1
5224,1
8492,0
10255,0
5545,0
3600,1
10265,0
4102,1
6151,0
7589,0
8862,0
12993,1
10746,0
14722,1
14751,1
9926,0
5520,0
2431,1
14872,1
9531,0
1870,1
6651,0
11403,0
11565,0
11880,0
6209,0
9908,0
13848,1
324,1
3061,1
3063,1
3432,1
3540,1
3878,1
3879,1
12500,0
11222,0
1603,1
7584,0
1063,1
1070,1
1074,1
1077,1
1078,1
1079,1
1081,1
1084,1
1085,1
1086,1
1094,1
1098,1
237,1
2898,1
5441,1
3258,1
14704,1
7627,0
7665,0
8424,0
10960,0
1848,1
3546,1
3550,1
8450,0
3520,1
308,1
8191,0
1746,1
4466,1
4759,1
4838,1
14891,1
15158,1
7904,0
11175,0
9402,0
14642,1
5632,0
5823,0
6647,0
13129,1
13719,1
4155,1
5097,1
5098,1
12730,0
11465,0
7500,0
9298,0
9596,0
12526,0
8433,0
1479,1
290,1
4248,1
8956,0
11593,0
3836,1
10439,0
5403,1
264,1
5356,1
1491,1
1776,1
1274,1
4991,1
14413,1
4367,1
1708,1
12056,0
3442,1
2935,1
12631,0
10874,0
219,1
13853,1
4541,1
4899,1
10501,0
13224,1
7512,0
9326,0
10699,0
1179,1
6428,0
3234,1
10123,0
9707,0
3534,1
1605,1
2444,1
9141,0
85,1
14417,1
12162,0
15023,1
15223,1
15224,1
12911,0
2575,1
772,1
787,1
7693,0
9540,0
3068,1
3794,1
9019,0
4258,1
9950,0
13036,1
13536,1
13537,1
13738,1
13905,1
3328,1
5,1
254,1
11060,0
132,1
7819,0
8684,0
6514,0
10622,0
6189,0
8951,0
6014,0
6610,0
1198,1
14134,1
2312,1
8584,0
12666,0
9116,0
6315,0
12657,0
1556,1
1593,1
2567,1
6483,0
6564,0
7143,0
7458,0
7782,0
8364,0
8872,0
8998,0
9055,0
9061,0
9821,0
10469,0
10511,0
12360,0
1659,1
5594,0
9252,0
1635,1
10932,0
14598,1
14989,1
5413,1
13580,1
9756,0
1914,1
4491,1
4500,1
4674,1
4830,1
4831,1
4832,1
5108,1
5113,1
5172,1
5176,1
3994,1
3764,1
1856,1
2124,1
2908,1
6830,0
8149,0
9407,0
9444,0
12440,0
7628,0
13081,1
13891,1
14318,1
10706,0
10969,0
11383,0
13291,1
3040,1
3115,1
3381,1
3533,1
8839,0
2795,1
4231,1
5107,1
7936,0
1286,1
3318,1
5012,1
5015,1
5029,1
6199,0
5368,1
10503,0
12267,0
11869,0
9840,0
12229,0
754,1
7257,0
3154,1
3235,1
3239,1
1830,1
7570,0
4826,1
12424,0
10694,0
2574,1
4932,1
11779,0
11963,0
12435,0
7352,0
9645,0
10417,0
10489,0
10560,0
6435,0
14311,1
12597,0
9175,0
1702,1
1935,1
13846,1
12652,0
6654,0
6326,0
11895,0
223,1
6509,0
2397,1
1261,1
8481,0
5775,0
4373,1
4381,1
2894,1
8608,0
9358,0
4945,1
4946,1
5574,0
5053,1
5059,1
6834,0
8832,0
9446,0
9803,0
10321,0
12429,0
6618,0
10698,0
11025,0
14984,1
14985,1
15216,1
9759,0
2342,1
10131,0
10372,0
4993,1
2155,1
15150,1
15151,1
10886,0
13315,1
13400,1
6072,0
2817,1
6896,0
3577,1
3674,1
3676,1
3677,1
3687,1
3688,1
3727,1
8723,0
9198,0
8047,0
5378,1
455,1
12149,0
8772,0
11388,0
4766,1
9771,0
14071,1
11305,0
9853,0
12373,0
3701,1
4193,1
4263,1
4264,1
4268,1
4271,1
4280,1
4284,1
4288,1
5324,1
5329,1
14741,1
14802,1
9219,0
5248,1
4624,1
4506,1
13969,1
13822,1
7534,0
7123,0
3149,1
4443,1
4501,1
4520,1
4564,1
4623,1
4713,1
5031,1
5046,1
7683,0
12371,0
14602,1
11734,0
13407,1
3627,1
9006,0
12912,0
8962,0
9133,0
14732,1
14848,1
14849,1
14221,1
3260,1
5968,0
6269,0
6380,0
6563,0
7963,0
8272,0
8326,0
8774,0
10846,0
10856,0
10956,0
12103,0
6757,0
6843,0
9895,0
2422,1
9954,0
1146,1
1159,1
5885,0
2798,1
13062,1
4651,1
5764,0
1613,1
8510,0
6171,0
606,1
9671,0
438,1
440,1
441,1
442,1
449,1
11311,0
7508,0
3171,1
1327,1
11356,0
3821,1
10597,0
8113,0
2512,1
8173,0
519,1
10633,0
12156,0
4370,1
12050,0
10032,0
11503,0
11595,0
11876,0
11888,0
11892,0
11912,0
13049,1
13440,1
12848,0
2519,1
10672,0
2644,1
9494,0
6727,0
13938,1
14274,1
2502,1
3045,1
4081,1
5832,0
10429,0
14811,1
14812,1
1910,1
3738,1
6330,0
8301,0
6066,0
10951,0
12462,0
3714,1
10068,0
6485,0
7901,0
8110,0
7664,0
8928,0
14042,1
11316,0
356,1
6378,0
6712,0
10942,0
11960,0
1362,1
8569,0
7481,0
14743,1
3751,1
1588,1
12746,0
5581,0
2086,1
1739,1
1538,1
2152,1
14714,1
14715,1
14845,1
14846,1
13556,1
4699,1
4723,1
8184,0
2364,1
2384,1
1043,1
14275,1
10189,0
4352,1
4364,1
4365,1
4366,1
14832,1
3030,1
5556,0
13961,1
14283,1
3456,1
3461,1
7776,0
8012,0
9418,0
80,1
7848,0
11984,0
196,1
8526,0
2775,1
14650,1
14652,1
4180,1
15175,1
14478,1
10879,0
5159,1
4291,1
7463,0
8938,0
9861,0
58,1
9849,0
11064,0
3805,1
3807,1
5763,0
5778,0
2725,1
1156,1
2859,1
8983,0
14089,1
1465,1
6325,0
5635,0
4547,1
6244,0
8755,0
9536,0
1509,1
3012,1
532,1
6050,0
14931,1
3116,1
7296,0
8875,0
9942,0
12728,0
14888,1
7862,0
5393,1
12347,0
660,1
13252,1
13613,1
14308,1
14309,1
14339,1
3245,1
5359,1
3123,1
11023,0
14002,1
3094,1
5501,1
13312,1
13735,1
9663,0
7403,0
5466,1
10557,0
7225,0
8899,0
8910,0
8666,0
9034,0
952,1
9475,0
319,1
1042,1
2825,1
2418,1
1756,1
12672,0
3519,1
4036,1
4037,1
4038,1
4039,1
4043,1
4044,1
4125,1
4140,1
4141,1
748,1
5230,1
8738,0
10783,0
10870,0
10052,0
12488,0
14264,1
7869,0
5207,1
11270,0
11299,0
8314,0
4796,1
5646,0
8501,0
1468,1
4311,1
11113,0
10784,0
7353,0
9523,0
14873,1
14874,1
14875,1
14876,1
14877,1
14878,1
14881,1
14882,1
14883,1
14884,1
14885,1
8242,0
6001,0
6247,0
7860,0
9790,0
10065,0
14894,1
1518,1
2261,1
1873,1
6423,0
8625,0
10443,0
5333,1
984,1
7073,0
1380,1
10903,0
12766,0
12400,0
1649,1
9877,0
4776,1
496,1
1595,1
2896,1
2899,1
4302,1
14584,1
14776,1
14783,1
14953,1
14973,1
14995,1
15014,1
15015,1
15016,1
15017,1
15019,1
15020,1
15021,1
15027,1
15028,1
15029,1
15063,1
15064,1
15070,1
15071,1
15193,1
15194,1
15197,1
15198,1
15199,1
15200,1
15202,1
15203,1
15206,1
15207,1
15208,1
10163,0
5350,1
11121,0
8626,0
12136,0
13763,1
3983,1
6957,0
5897,0
6443,0
8488,0
9072,0
11853,0
9859,0
8141,0
12010,0
10238,0
11119,0
12729,0
10641,0
14706,1
2434,1
5150,1
8125,0
1683,1
6641,0
10826,0
2985,1
3275,1
11596,0
8891,0
11214,0
12147,0
7632,0
14819,1
3765,1
5542,0
1907,1
6284,0
2782,1
11588,0
6876,0
8829,0
3513,1
9443,0
5589,0
5607,0
9207,0
1330,1
2526,1
5813,0
6243,0
8016,0
12388,0
1924,1
7063,0
10140,0
14759,1
7059,0
7743,0
10791,0
5576,0
1722,1
8599,0
9317,0
3849,1
14821,1
7697,0
5480,1
2900,1
930,1
932,1
934,1
937,1
941,1
942,1
943,1
944,1
946,1
947,1
948,1
953,1
957,1
958,1
14438,1
5694,0
8290,0
13472,1
7558,0
12901,0
14661,1
8615,0
10045,0
10269,0
396,1
6357,0
7657,0
12699,0
1562,1
5564,0
13604,1
13806,1
14040,1
11090,0
10914,0
348,1
14133,1
14229,1
14257,1
9140,0
11033,0
6299,0
12118,0
6869,0
3151,1
14341,1
9816,0
761,1
371,1
1537,1
1629,1
1905,1
1913,1
4200,1
4309,1
4516,1
5445,1
6120,0
10967,0
11203,0
11754,0
12022,0
12280,0
12552,0
12752,0
12858,0
12906,0
13916,1
13921,1
14166,1
1257,1
7312,0
7839,0
4901,1
6100,0
6663,0
9398,0
3711,1
6186,0
9276,0
13283,1
8422,0
10527,0
14768,1
2378,1
6787,0
9764,0
1190,1
11295,0
12186,0
6283,0
4690,1
5115,1
5116,1
10120,0
10311,0
5838,0
1661,1
11049,0
8370,0
669,1
12070,0
445,1
459,1
733,1
7455,0
14552,1
4641,1
12867,0
12484,0
5909,0
7100,0
10660,0
2064,1
3192,1
5291,1
14541,1
11239,0
4646,1
3091,1
3131,1
10952,0
11781,0
5981,0
11646,0
4042,1
4084,1
638,1
5399,1
266,1
10181,0
6776,0
9458,0
10812,0
10423,0
730,1
14388,1
13666,1
331,1
759,1
5690,0
4185,1
8620,0
15134,1
13230,1
2518,1
3521,1
781,1
801,1
225,1
8035,0
8402,0
11749,0
14896,1
15135,1
15136,1
1658,1
6101,0
7330,0
8264,0
10695,0
11669,0
7571,0
446,1
8699,0
5629,0
7765,0
11949,0
13398,1
13626,1
1378,1
10000,0
10465,0
10440,0
5712,0
5781,0
5798,0
6081,0
6420,0
6493,0
7146,0
7786,0
8448,0
9227,0
9862,0
12370,0
9168,0
9225,0
7499,0
1419,1
9007,0
9960,0
10102,0
3468,1
9081,0
11218,0
11093,0
11277,0
14910,1
6522,0
7908,0
8695,0
806,1
14805,1
6733,0
7114,0
3482,1
23,1
6301,0
6979,0
10457,0
12256,0
2091,1
11649,0
12177,0
7706,0
8533,0
10276,0
10498,0
10036,0
1392,1
2079,1
2764,1
10170,0
10274,0
10421,0
5894,0
13207,1
8020,0
8210,0
8805,0
12794,0
2628,1
5134,1
4649,1
4652,1
10589,0
6086,0
6147,0
1656,1
6837,0
12894,0
11207,0
14287,1
14331,1
9142,0
8546,0
9242,0
11932,0
175,1
1293,1
3816,1
524,1
5527,0
6954,0
9872,0
5455,1
5086,1
14373,1
13704,1
10062,0
10304,0
9514,0
11096,0
5366,1
1339,1
6152,0
6216,0
6537,0
7702,0
8006,0
8044,0
8164,0
9078,0
9841,0
10779,0
6750,0
13546,1
7230,0
10030,0
5492,1
2246,1
6013,0
7373,0
8097,0
9157,0
1864,1
4006,1
5993,0
5236,1
7741,0
2815,1
6936,0
7831,0
11314,0
11343,0
11367,0
11374,0
11729,0
11999,0
12310,0
12999,1
13152,1
11338,0
2901,1
13211,1
2853,1
14521,1
158,1
5850,0
6737,0
10760,0
3625,1
991,1
2975,1
2674,1
4017,1
6094,0
2408,1
594,1
3332,1
4862,1
1829,1
322,1
2589,1
8570,0
11015,0
4841,1
10524,0
5601,0
5603,0
9828,0
5624,0
1582,1
9134,0
8379,0
10244,0
967,1
1653,1
9868,0
10093,0
10562,0
7338,0
10488,0
9247,0
4509,1
13633,1
10526,0
11644,0
3616,1
1482,1
5636,0
14009,1
3452,1
3463,1
4131,1
2213,1
3913,1
7266,0
7961,0
8542,0
6410,0
8059,0
2648,1
14153,1
10811,0
11165,0
11167,0
11169,0
11216,0
11323,0
11442,0
11490,0
11506,0
11532,0
11619,0
11766,0
14514,1
14516,1
14533,1
14538,1
7927,0
2938,1
10490,0
179,1
4257,1
14063,1
14094,1
14152,1
14215,1
9685,0
12187,0
11710,0
13923,1
12684,0
8405,0
545,1
5352,1
6397,0
5262,1
10854,0
5855,0
2146,1
11449,0
3978,1
8471,0
11614,0
12218,0
10762,0
6673,0
2788,1
3634,1
6141,0
2348,1
4150,1
11331,0
2721,1
2517,1
3656,1
13425,1
9891,0
11816,0
1877,1
6934,0
1182,1
67,1
10537,0
10210,0
7846,0
7212,0
8647,0
8247,0
7971,0
9813,0
12477,0
14494,1
10865,0
8652,0
8611,0
11899,0
1804,1
15010,1
15036,1
15037,1
2493,1
7404,0
1401,1
3394,1
12309,0
5118,1
13737,1
7540,0
10701,0
14938,1
848,1
851,1
859,1
9673,0
12896,0
8337,0
8715,0
151,1
7547,0
6499,0
9373,0
6907,0
10988,0
12546,0
11581,0
5637,0
12808,0
13231,1
1704,1
4561,1
8964,0
6173,0
12884,0
7757,0
8870,0
879,1
2734,1
12876,0
10357,0
13367,1
14012,1
14357,1
12659,0
10792,0
1881,1
9152,0
2167,1
2240,1
7551,0
9119,0
14323,1
10667,0
1727,1
53,1
6131,0
1132,1
10640,0
10385,0
10570,0
5486,1
7691,0
8777,0
12304,0
5395,1
13035,1
3756,1
2319,1
13936,1
4261,1
5105,1
14566,1
4717,1
4868,1
14986,1
12080,0
5062,1
11381,0
8221,0
9103,0
11029,0
13948,1
14118,1
8556,0
9020,0
1478,1
2288,1
3684,1
9190,0
14753,1
9737,0
1486,1
8583,0
11910,0
9569,0
5623,0
11905,0
14065,1
11792,0
11997,0
12016,0
13180,1
13199,1
13322,1
13366,1
13406,1
13469,1
13499,1
13500,1
13501,1
3999,1
2954,1
3735,1
13826,1
13247,1
2304,1
5891,0
155,1
12221,0
8999,0
12185,0
10833,0
12619,0
2698,1
1900,1
6626,0
311,1
3997,1
4018,1
5548,0
1768,1
13271,1
6644,0
2294,1
971,1
11955,0
14067,1
12585,0
393,1
4513,1
4514,1
7045,0
10512,0
244,1
1628,1
10218,0
10377,0
10430,0
6973,0
12098,0
2415,1
1363,1
11721,0
11831,0
13750,1
1180,1
7374,0
2259,1
3416,1
4802,1
9057,0
11211,0
4460,1
1789,1
14567,1
14711,1
14712,1
15159,1
11016,0
3143,1
5126,1
355,1
8404,0
2758,1
3648,1
12426,0
11000,0
164,1
14758,1
15112,1
15113,1
9500,0
12789,0
9201,0
7801,0
14705,1
14719,1
14850,1
11817,0
6459,0
7870,0
2879,1
2910,1
8387,0
10764,0
3433,1
15075,1
4485,1
6348,0
7568,0
1705,1
11254,0
12135,0
11524,0
10186,0
10338,0
161,1
2083,1
2933,1
4734,1
5901,0
6553,0
6616,0
6875,0
7217,0
7546,0
9508,0
12577,0
14430,1
6705,0
6816,0
1431,1
8226,0
10819,0
6691,0
1617,1
2807,1
8128,0
9127,0
5490,1
5155,1
7128,0
10588,0
4833,1
11872,0
488,1
7243,0
8445,0
9683,0
9687,0
14892,1
143,1
334,1
3334,1
10359,0
2760,1
1638,1
10732,0
11042,0
5078,1
11718,0
1622,1
7972,0
6140,0
13320,1
7955,0
5202,1
5235,1
5241,1
5263,1
10347,0
14228,1
8927,0
12165,0
10796,0
13012,1
3832,1
11098,0
8589,0
4586,1
4587,1
4588,1
4589,1
4933,1
4939,1
5232,1
1280,1
12442,0
4090,1
7642,0
7807,0
1443,1
13476,1
4329,1
10400,0
10148,0
5519,1
4537,1
4702,1
4793,1
5000,1
5028,1
5119,1
5123,1
4276,1
9295,0
10261,0
462,1
4082,1
8513,0
8954,0
3696,1
1869,1
3712,1
3722,1
6532,0
3768,1
2323,1
6358,0
6675,0
6794,0
13740,1
13785,1
6293,0
10229,0
1288,1
1717,1
9783,0
4011,1
1939,1
8810,0
8122,0
2339,1
11953,0
13692,1
8145,0
7343,0
5691,0
12943,0
6200,0
2107,1
12273,0
12279,0
2681,1
11706,0
7554,0
1407,1
1444,1
1332,1
4359,1
4956,1
8700,0
3084,1
14093,1
14198,1
14214,1
14355,1
11148,0
11197,0
11198,0
11245,0
13255,1
13641,1
9099,0
9145,0
10023,0
3870,1
14233,1
14403,1
6921,0
11504,0
8257,0
12138,0
10312,0
5800,0
3825,1
14575,1
14763,1
14781,1
14974,1
14975,1
14976,1
15195,1
15196,1
13005,1
4675,1
3803,1
14154,1
9690,0
3638,1
6145,0
8896,0
12195,0
7049,0
9386,0
11860,0
12779,0
11488,0
2986,1
5830,0
8494,0
9946,0
12926,0
123,1
7704,0
1460,1
326,1
689,1
1048,1
1335,1
1589,1
2745,1
2905,1
3111,1
3665,1
4637,1
6640,0
6994,0
7654,0
8102,0
8331,0
8541,0
8766,0
9288,0
9659,0
9662,0
9723,0
9963,0
10919,0
11463,0
11487,0
11516,0
11520,0
11549,0
11823,0
11918,0
12029,0
12507,0
12813,0
13042,1
4756,1
2592,1
2636,1
2101,1
6436,0
6174,0
6123,0
7806,0
3101,1
5405,1
1372,1
10447,0
6914,0
13437,1
13798,1
6682,0
8081,0
6706,0
11447,0
11466,0
11474,0
11808,0
11868,0
6308,0
7544,0
1686,1
8126,0
7916,0
5863,0
6456,0
588,1
11394,0
6561,0
7804,0
15229,1
15230,1
699,1
705,1
7203,0
1834,1
4599,1
10156,0
3286,1
964,1
965,1
968,1
972,1
975,1
976,1
977,1
978,1
979,1
980,1
981,1
988,1
993,1
11660,0
11661,0
11662,0
4630,1
232,1
11280,0
11684,0
1892,1
13053,1
11790,0
9541,0
1676,1
8940,0
7490,0
13153,1
8461,0
8651,0
11617,0
4808,1
2440,1
6277,0
8002,0
10236,0
1959,1
1960,1
1961,1
1966,1
1967,1
1971,1
1972,1
1974,1
1975,1
1979,1
1980,1
1983,1
1985,1
1986,1
1987,1
1988,1
1989,1
1992,1
1993,1
1994,1
1996,1
1997,1
1999,1
287,1
6319,0
8003,0
8744,0
9129,0
9431,0
10857,0
11438,0
11454,0
11462,0
11622,0
7259,0
3342,1
3343,1
3344,1
2753,1
12900,0
9944,0
6928,0
11328,0
11631,0
11688,0
13043,1
7864,0
9586,0
333,1
12670,0
2678,1
5200,1
12133,0
9886,0
8284,0
6080,0
9135,0
8155,0
2110,1
8888,0
6935,0
9059,0
14234,1
14351,1
14352,1
14353,1
14375,1
14380,1
14381,1
14385,1
14389,1
14390,1
14391,1
14414,1
14433,1
10324,0
4682,1
1884,1
1968,1
1978,1
10043,0
1694,1
2270,1
11484,0
8824,0
10108,0
10164,0
10192,0
10362,0
10375,0
10452,0
10484,0
8806,0
1346,1
4692,1
14165,1
2796,1
357,1
1937,1
11822,0
2346,1
2381,1
5831,0
2472,1
12721,0
3294,1
6555,0
7018,0
7213,0
13024,1
2696,1
12399,0
2630,1
7799,0
8645,0
9819,0
7179,0
5194,1
14600,1
11543,0
6778,0
8111,0
60,1
11138,0
11139,0
11174,0
11187,0
11206,0
11257,0
10341,0
1859,1
4503,1
2281,1
10207,0
11902,0
5394,1
13844,1
13990,1
4951,1
8008,0
8900,0
12810,0
2058,1
2076,1
3462,1
3863,1
3885,1
3927,1
3931,1
3974,1
10381,0
4495,1
8347,0
2365,1
7661,0
5913,0
2080,1
6246,0
14190,1
6223,0
8098,0
8970,0
10358,0
13972,1
14303,1
8400,0
6478,0
8367,0
10726,0
6295,0
8385,0
12647,0
1540,1
9310,0
7461,0
38,1
2406,1
4883,1
233,1
7228,0
9553,0
13759,1
11213,0
6703,0
7907,0
8061,0
150,1
10863,0
7738,0
13481,1
4745,1
12097,0
6389,0
9023,0
592,1
3607,1
12376,0
10774,0
7115,0
7477,0
9526,0
6111,0
14799,1
10376,0
6259,0
156,1
5376,1
2394,1
362,1
14115,1
12171,0
2527,1
6426,0
7270,0
1930,1
6800,0
8091,0
9189,0
4169,1
8507,0
2559,1
6642,0
13383,1
13482,1
11018,0
6601,0
3853,1
14601,1
5106,1
316,1
8048,0
11097,0
12253,0
12975,0
5923,0
7427,0
9286,0
2993,1
494,1
13817,1
14342,1
14343,1
7451,0
1723,1
15111,1
6225,0
12343,0
12537,0
722,1
1575,1
5797,0
7530,0
2145,1
6303,0
6824,0
8817,0
10237,0
4609,1
6338,0
13653,1
14155,1
14269,1
2679,1
10389,0
4232,1
12409,0
12620,0
12414,0
7935,0
8295,0
8919,0
3051,1
11616,0
2877,1
7884,0
6415,0
6985,0
10270,0
0,1
6224,0
6949,0
2579,1
4216,1
6919,0
4769,1
6462,0
6724,0
10710,0
2982,1
4156,1
8948,0
11430,0
14831,1
14851,1
14939,1
10193,0
10280,0
1846,1
2614,1
6016,0
7321,0
8767,0
1969,1
7823,0
5652,0
9465,0
4098,1
9838,0
3720,1
10799,0
14545,1
8281,0
1322,1
3641,1
4061,1
4068,1
4117,1
4119,1
9488,0
1550,1
3837,1
9585,0
6156,0
12294,0
2884,1
2178,1
6901,0
7625,0
8019,0
12083,0
1677,1
13799,1
14004,1
4749,1
15051,1
15096,1
12591,0
664,1
8536,0
1817,1
12298,0
1366,1
14379,1
6704,0
13347,1
13498,1
13926,1
13475,1
6015,0
2471,1
5249,1
7241,0
8023,0
12627,0
12434,0
5017,1
6046,0
13956,1
13962,1
14022,1
12128,0
7360,0
7377,0
5341,1
10466,0
5612,0
10834,0
1866,1
2577,1
2578,1
2580,1
2604,1
2605,1
1623,1
1176,1
11469,0
4996,1
750,1
2068,1
3790,1
14570,1
14690,1
11711,0
590,1
1457,1
8292,0
13011,1
10117,0
8312,0
11800,0
15097,1
701,1
5941,0
7220,0
7874,0
6918,0
8438,0
12921,0
8955,0
13805,1
7254,0
7976,0
1437,1
304,1
3555,1
4972,1
5509,1
10523,0
12559,0
7166,0
3511,1
1929,1
7169,0
12595,0
3686,1
1209,1
8083,0
12861,0
1837,1
9347,0
9951,0
12367,0
11309,0
10787,0
4644,1
11528,0
12242,0
12503,0
14262,1
10139,0
13561,1
14965,1
12438,0
1124,1
122,1
10411,0
6744,0
10997,0
7068,0
6655,0
6772,0
13508,1
13718,1
13861,1
13895,1
9637,0
3175,1
10301,0
4822,1
1761,1
4535,1
4735,1
4927,1
12436,0
3846,1
5766,0
13754,1
5016,1
13213,1
13221,1
13222,1
13234,1
13287,1
13433,1
13452,1
13555,1
13808,1
4219,1
12757,0
1631,1
12407,0
6823,0
9112,0
1515,1
13013,1
13166,1
13281,1
5088,1
1133,1
1136,1
3662,1
6208,0
6009,0
3055,1
3083,1
3514,1
12067,0
11248,0
3348,1
9434,0
2564,1
10040,0
8276,0
8544,0
4461,1
5671,0
4190,1
1477,1
5877,0
5628,0
3708,1
107,1
1448,1
10927,0
12607,0
4387,1
13415,1
2818,1
3780,1
7089,0
8249,0
3733,1
9174,0
5302,1
11286,0
11372,0
11527,0
11534,0
11561,0
11562,0
11563,0
11594,0
11612,0
11678,0
11685,0
11689,0
11695,0
11696,0
11704,0
11724,0
11737,0
11739,0
11753,0
11770,0
11774,0
11791,0
11828,0
11854,0
11886,0
11890,0
11935,0
11938,0
11952,0
11954,0
11962,0
12496,0
10220,0
8763,0
8792,0
11020,0
10393,0
363,1
12945,0
1318,1
11369,0
2931,1
4000,1
4206,1
4807,1
4283,1
4729,1
4778,1
4786,1
14694,1
6038,0
3604,1
10829,0
6645,0
5363,1
11317,0
7467,0
11589,0
8560,0
11080,0
10046,0
7731,0
2503,1
10790,0
12250,0
13560,1
6807,0
4064,1
4065,1
4066,1
4073,1
4075,1
4076,1
4123,1
4124,1
4136,1
4137,1
11293,0
10713,0
10445,0
6479,0
2537,1
6502,0
9616,0
82,1
5152,1
4331,1
6063,0
8588,0
3345,1
2243,1
8592,0
8785,0
14292,1
8421,0
2573,1
14462,1
1561,1
7821,0
1060,1
9063,0
2977,1
4049,1
5434,1
6474,0
149,1
11308,0
12922,0
9382,0
1446,1
4116,1
15228,1
8114,0
10034,0
4487,1
337,1
5381,1
1833,1
12460,0
3232,1
2870,1
2790,1
2769,1
5865,0
3308,1
2787,1
3996,1
2999,1
10063,0
7879,0
10595,0
10738,0
12198,0
13912,1
8547,0
12763,0
10564,0
5211,1
10662,0
6867,0
2586,1
7502,0
9749,0
2374,1
14200,1
14345,1
13325,1
13534,1
14443,1
11320,0
11602,0
11625,0
11679,0
11690,0
11743,0
11944,0
11964,0
11982,0
12000,0
12001,0
12983,1
8386,0
8889,0
8980,0
3189,1
249,1
3021,1
12338,0
12640,0
2445,1
8261,0
6239,0
5731,0
10225,0
1347,1
11478,0
11531,0
6920,0
2274,1
10401,0
2033,1
13714,1
13729,1
497,1
8353,0
10340,0
12480,0
12487,0
14110,1
13504,1
6890,0
9257,0
1430,1
8784,0
12582,0
1566,1
7548,0
10025,0
9869,0
10194,0
9615,0
14771,1
6461,0
12331,0
2140,1
10024,0
11541,0
13058,1
14619,1
14620,1
14638,1
10725,0
6291,0
9466,0
9943,0
12736,0
3797,1
8214,0
11276,0
11350,0
7785,0
3585,1
10126,0
3266,1
9205,0
13345,1
1599,1
503,1
547,1
5380,1
11209,0
11237,0
11300,0
11333,0
11600,0
11804,0
11806,0
11861,0
11897,0
11916,0
11917,0
12773,0
12783,0
13004,1
13073,1
13569,1
6664,0
3945,1
12762,0
10050,0
6438,0
8631,0
12644,0
10328,0
3226,1
2481,1
9111,0
6460,0
8971,0
2360,1
172,1
6034,0
13162,1
15169,1
12042,0
194,1
9361,0
11364,0
2199,1
4758,1
4948,1
14740,1
2488,1
4159,1
4160,1
4161,1
4164,1
4170,1
4175,1
7425,0
6422,0
7423,0
8275,0
10881,0
10460,0
5569,0
7861,0
3902,1
6238,0
2621,1
5882,0
2349,1
2350,1
9128,0
11687,0
11873,0
11879,0
11971,0
11975,0
12019,0
13075,1
13090,1
13142,1
13202,1
13205,1
13228,1
13288,1
13307,1
13337,1
13516,1
13567,1
13813,1
14017,1
14243,1
2175,1
11376,0
6859,0
9193,0
9898,0
9040,0
6257,0
14336,1
2593,1
8224,0
12234,0
4703,1
1587,1
3841,1
7441,0
12572,0
10899,0
2495,1
14080,1
5559,0
9708,0
9510,0
3278,1
11832,0
14435,1
11366,0
1703,1
4299,1
4301,1
4224,1
4225,1
4226,1
4227,1
4228,1
4435,1
4629,1
4877,1
5036,1
3401,1
4464,1
11290,0
12899,0
5517,1
14833,1
2338,1
2169,1
11007,0
14507,1
7818,0
7599,0
1889,1
2185,1
5006,1
7061,0
9842,0
9230,0
7205,0
439,1
443,1
448,1
452,1
10989,0
5732,0
12664,0
9396,0
103,1
14210,1
6883,0
1314,1
5444,1
2525,1
12514,0
6169,0
1879,1
11996,0
13427,1
12226,0
1940,1
5804,0
2324,1
2325,1
2327,1
9151,0
6632,0
4368,1
7958,0
1840,1
9600,0
10038,0
14723,1
14735,1
14736,1
6207,0
6560,0
1715,1
9144,0
6969,0
11547,0
12062,0
1663,1
10979,0
11494,0
8552,0
1654,1
11426,0
11427,0
11428,0
11431,0
11605,0
11671,0
11920,0
11937,0
13554,1
10415,0
4406,1
9706,0
12169,0
13001,1
6786,0
2144,1
208,1
8351,0
12451,0
6591,0
7482,0
5736,0
13122,1
14890,1
8069,0
6168,0
313,1
9705,0
4003,1
11296,0
11810,0
4829,1
4943,1
1712,1
10975,0
6059,0
8015,0
9724,0
12809,0
10272,0
7077,0
4764,1
12398,0
7076,0
5539,0
909,1
11741,0
11794,0
12014,0
12397,0
12772,0
14204,1
6814,0
12313,0
6643,0
2822,1
10122,0
6241,0
3168,1
14174,1
9325,0
4930,1
1349,1
7102,0
6943,0
1374,1
686,1
7722,0
4794,1
335,1
8074,0
5065,1
9832,0
2852,1
2856,1
3562,1
3579,1
768,1
769,1
790,1
799,1
815,1
824,1
298,1
1779,1
629,1
5630,0
10297,0
10495,0
6846,0
7812,0
13654,1
10838,0
11986,0
11987,0
12980,1
12981,1
13066,1
13117,1
13183,1
13820,1
13976,1
8198,0
3793,1
342,1
2094,1
7564,0
4305,1
6412,0
5388,1
10647,0
3434,1
1724,1
7411,0
328,1
2070,1
8225,0
4360,1
8171,0
11127,0
14,1
10676,0
4433,1
12447,0
7466,0
11028,0
1699,1
5853,0
12275,0
490,1
2173,1
10103,0
24,1
3906,1
11099,0
3924,1
9427,0
12405,0
12567,0
10507,0
3035,1
2335,1
6759,0
9167,0
14585,1
7046,0
1510,1
1771,1
1845,1
343,1
10921,0
12648,0
7088,0
13448,1
3954,1
9385,0
12285,0
8093,0
12231,0
1887,1
10339,0
5842,0
6782,0
610,1
6809,0
632,1
650,1
652,1
653,1
707,1
2062,1
11909,0
11970,0
11972,0
12207,0
13111,1
13310,1
13339,1
13438,1
13443,1
13445,1
13460,1
11410,0
3400,1
1604,1
7093,0
9170,0
1615,1
12566,0
620,1
11393,0
169,1
9348,0
12915,0
10408,0
3140,1
2427,1
4828,1
4560,1
7533,0
13549,1
15149,1
10294,0
10391,0
13097,1
14842,1
654,1
703,1
2065,1
12028,0
13323,1
1976,1
4142,1
929,1
1660,1
9731,0
7363,0
6952,0
9272,0
10763,0
5743,0
5785,0
5837,0
10675,0
3766,1
7185,0
15221,1
3675,1
4144,1
6153,0
4677,1
2872,1
7813,0
2421,1
3268,1
7325,0
9718,0
7576,0
2477,1
539,1
2224,1
3626,1
989,1
2380,1
3987,1
3156,1
3159,1
3160,1
3161,1
8376,0
8523,0
9837,0
5828,0
9948,0
6903,0
5196,1
5198,1
5199,1
5229,1
7043,0
12461,0
12745,0
13680,1
2255,1
8420,0
2460,1
12544,0
5532,0
9405,0
13507,1
2973,1
9265,0
12420,0
5023,1
5024,1
11379,0
4853,1
8119,0
6684,0
6831,0
523,1
4181,1
842,1
847,1
852,1
860,1
861,1
1243,1
1244,1
1245,1
1246,1
1247,1
1248,1
1249,1
1250,1
11221,0
11542,0
4969,1
7844,0
8819,0
11464,0
12929,0
8042,0
12259,0
1568,1
7618,0
8881,0
6738,0
2409,1
3612,1
3644,1
2331,1
7487,0
11061,0
25,1
13872,1
11268,0
1436,1
12694,0
12852,0
11446,0
11901,0
13226,1
5887,0
9411,0
6858,0
13691,1
8076,0
10978,0
4029,1
9120,0
10109,0
14866,1
3132,1
11977,0
538,1
3576,1
7087,0
9617,0
11336,0
5920,0
6184,0
9623,0
7099,0
8642,0
10177,0
11109,0
13541,1
9226,0
10740,0
9324,0
10943,0
92,1
12316,0
10290,0
12318,0
5379,1
12084,0
12199,0
14562,1
1891,1
12681,0
115,1
3439,1
11670,0
10349,0
2919,1
1669,1
13173,1
6212,0
8410,0
9597,0
10382,0
1360,1
13721,1
11035,0
13859,1
14025,1
7858,0
12020,0
13023,1
13193,1
13194,1
14596,1
135,1
3415,1
12235,0
12475,0
7308,0
4694,1
4859,1
12252,0
13089,1
7014,0
12686,0
6296,0
7866,0
7940,0
8854,0
10643,0
4960,1
6149,0
12875,0
9305,0
14862,1
3831,1
14151,1
6430,0
8657,0
5776,0
8130,0
3680,1
10285,0
2946,1
13006,1
9048,0
7959,0
9593,0
2372,1
11070,0
1608,1
4844,1
3466,1
3631,1
5316,1
8441,0
5416,1
10479,0
2951,1
1253,1
1254,1
2563,1
10082,0
2,1
2983,1
2984,1
8185,0
1064,1
1096,1
1731,1
11666,0
10922,0
605,1
1657,1
3558,1
3592,1
8348,0
7190,0
5910,0
5902,0
7995,0
1475,1
6547,0
9524,0
12822,0
3451,1
7472,0
9668,0
8428,0
3282,1
8176,0
5970,0
7878,0
9721,0
13350,1
4202,1
13889,1
3868,1
3952,1
4253,1
4254,1
4266,1
4270,1
4285,1
4303,1
11713,0
10596,0
8535,0
2608,1
2609,1
4353,1
8944,0
14441,1
9089,0
2625,1
5087,1
15176,1
585,1
1213,1
6405,0
4611,1
4427,1
3312,1
3658,1
14999,1
6803,0
8628,0
3107,1
3128,1
3142,1
3144,1
2367,1
4434,1
4601,1
4602,1
5079,1
5164,1
5170,1
12350,0
7545,0
10061,0
10332,0
14449,1
1154,1
14182,1
7501,0
7909,0
589,1
11923,0
12012,0
5960,0
11884,0
9973,0
12897,0
12819,0
11811,0
1188,1
5182,1
15003,1
9607,0
9056,0
7386,0
12061,0
2917,1
4999,1
2184,1
13126,1
2438,1
15001,1
15004,1
9185,0
11014,0
2182,1
1729,1
1384,1
9846,0
71,1
6363,0
7385,0
12649,0
12669,0
8148,0
3082,1
4783,1
12453,0
347,1
3489,1
6195,0
6313,0
6894,0
10910,0
9864,0
2231,1
159,1
14131,1
9403,0
10754,0
2458,1
9525,0
3835,1
4272,1
12759,0
7764,0
2911,1
9261,0
13862,1
13871,1
2633,1
6501,0
12521,0
12379,0
7035,0
2247,1
5183,1
7382,0
7871,0
8456,0
9983,0
14007,1
9738,0
12557,0
9778,0
1769,1
4763,1
9118,0
7345,0
1646,1
15219,1
10964,0
810,1
10745,0
10008,0
10680,0
305,1
7426,0
5616,0
9008,0
11066,0
2514,1
4600,1
7465,0
5254,1
5572,0
2272,1
2833,1
5867,0
9483,0
8747,0
399,1
401,1
403,1
406,1
409,1
411,1
412,1
414,1
418,1
419,1
424,1
425,1
427,1
428,1
429,1
430,1
431,1
433,1
435,1
6176,0
9657,0
1529,1
3813,1
8761,0
2129,1
12381,0
10616,0
10936,0
2655,1
14088,1
2442,1
5149,1
6900,0
13983,1
14163,1
6148,0
4696,1
4974,1
4979,1
10232,0
10432,0
12802,0
568,1
5602,0
7629,0
8390,0
3018,1
3259,1
3973,1
3986,1
12146,0
9287,0
217,1
7211,0
8444,0
5779,0
3464,1
3487,1
10759,0
12296,0
14100,1
1502,1
7409,0
9937,0
5140,1
5156,1
6134,0
7518,0
7573,0
14658,1
7311,0
12486,0
11022,0
11077,0
13640,1
14793,1
14817,1
15048,1
1157,1
10599,0
11050,0
7200,0
8011,0
2622,1
7851,0
3560,1
3417,1
551,1
14660,1
14669,1
14670,1
5536,0
10171,0
8691,0
8909,0
13176,1
8688,0
6366,0
5032,1
5034,1
5042,1
5061,1
5143,1
3524,1
5590,0
1716,1
1774,1
1916,1
2116,1
6166,0
6215,0
6386,0
8151,0
9025,0
10926,0
12542,0
11856,0
11857,0
13145,1
13492,1
7048,0
2620,1
5020,1
5342,1
2191,1
2219,1
5085,1
5219,1
3855,1
5524,0
14622,1
10968,0
14834,1
2492,1
8039,0
6638,0
7074,0
7863,0
2170,1
10611,0
10708,0
13624,1
14208,1
14474,1
3165,1
1387,1
2741,1
5326,1
8277,0
9728,0
12173,0
5147,1
5154,1
12575,0
7960,0
4542,1
4705,1
4757,1
4824,1
1404,1
8146,0
1912,1
12243,0
13034,1
14087,1
14162,1
14347,1
14407,1
14408,1
14439,1
14477,1
14497,1
6976,0
6042,0
472,1
14816,1
11518,0
10493,0
10504,0
341,1
2200,1
5988,0
8537,0
4145,1
2846,1
3409,1
2727,1
8279,0
3547,1
8447,0
13016,1
1440,1
8254,0
6965,0
9986,0
12209,0
5699,0
1777,1
698,1
6082,0
7334,0
9928,0
3304,1
10600,0
1841,1
4918,1
8251,0
9123,0
10892,0
11342,0
10105,0
10487,0
9544,0
10711,0
12846,0
5683,0
9761,0
11324,0
6785,0
16,1
683,1
3611,1
3898,1
11259,0
12233,0
12340,0
13087,1
467,1
11052,0
12352,0
260,1
6128,0
5672,0
5678,0
5689,0
11764,0
12321,0
6473,0
6510,0
7279,0
7984,0
8995,0
9949,0
14116,1
3897,1
3901,1
7941,0
2851,1
4698,1
6276,0
7727,0
7920,0
9262,0
10313,0
10352,0
10448,0
10598,0
14551,1
14577,1
14578,1
14581,1
14582,1
14902,1
14903,1
14980,1
15030,1
15031,1
15032,1
15033,1
15034,1
15035,1
15105,1
15106,1
12913,0
12365,0
5231,1
7859,0
9882,0
14293,1
9377,0
9670,0
10993,0
8032,0
4207,1
6535,0
14192,1
14212,1
4197,1
818,1
8967,0
15226,1
9896,0
3076,1
3210,1
7646,0
5770,0
5771,0
5773,0
15215,1
15217,1
7332,0
4298,1
12741,0
2318,1
11703,0
11887,0
11922,0
13086,1
12663,0
4592,1
1514,1
9222,0
14398,1
14459,1
2357,1
13559,1
9990,0
10152,0
10355,0
10810,0
807,1
9570,0
2122,1
13196,1
14349,1
3228,1
3865,1
3867,1
4010,1
5058,1
5099,1
13605,1
13625,1
13662,1
13797,1
13973,1
13982,1
14103,1
14114,1
14186,1
6278,0
6109,0
1583,1
6129,0
13455,1
7351,0
9824,0
10955,0
3905,1
5070,1
5071,1
5277,1
5279,1
5282,1
5283,1
1741,1
12707,0
6520,0
4336,1
6432,0
7402,0
9533,0
8486,0
8629,0
1148,1
1149,1
1151,1
1153,1
1158,1
1160,1
1163,1
1165,1
1166,1
1171,1
1172,1
13334,1
10636,0
3371,1
3404,1
8933,0
6849,0
10931,0
6468,0
12072,0
7273,0
9620,0
7248,0
8685,0
3137,1
10782,0
8500,0
2356,1
5854,0
502,1
1931,1
9450,0
1435,1
4441,1
5862,0
7712,0
11760,0
13620,1
13699,1
14021,1
14064,1
14120,1
14121,1
14300,1
7636,0
2414,1
12416,0
1687,1
9999,0
12002,0
7231,0
14048,1
6116,0
8613,0
7849,0
9480,0
8781,0
14140,1
1424,1
2482,1
6613,0
1397,1
12105,0
4451,1
4534,1
4731,1
4736,1
10661,0
10849,0
2479,1
13688,1
11476,0
11546,0
2646,1
10279,0
10298,0
10509,0
969,1
2322,1
8473,0
10844,0
7041,0
5452,1
10396,0
9921,0
8828,0
12125,0
8362,0
580,1
9080,0
13749,1
5327,1
5203,1
5252,1
14465,1
7430,0
9806,0
5705,0
12295,0
242,1
12605,0
11958,0
5805,0
13474,1
5600,0
6671,0
7810,0
3875,1
1783,1
7525,0
6736,0
7189,0
9468,0
1544,1
1706,1
14185,1
15125,1
11672,0
11315,0
246,1
2843,1
14668,1
6767,0
12764,0
14258,1
8496,0
11412,0
3776,1
270,1
3840,1
12532,0
10654,0
4104,1
4189,1
8717,0
9784,0
8606,0
2739,1
7690,0
9800,0
11990,0
10659,0
6089,0
11898,0
11946,0
12003,0
12216,0
10912,0
5884,0
7896,0
8430,0
13409,1
1292,1
3822,1
1046,1
3501,1
6484,0
1097,1
9996,0
9870,0
295,1
7796,0
7556,0
682,1
12604,0
5136,1
125,1
2286,1
7505,0
4091,1
4132,1
7401,0
9292,0
5869,0
4401,1
1890,1
5487,1
9249,0
11177,0
11458,0
11819,0
11896,0
12661,0
13038,1
13343,1
13490,1
13682,1
13711,1
13777,1
13778,1
13823,1
13873,1
13947,1
14006,1
14077,1
14129,1
14150,1
14295,1
14332,1
15139,1
5806,0
5812,0
12493,0
5315,1
12775,0
731,1
732,1
741,1
742,1
745,1
746,1
9966,0
6879,0
11173,0
11263,0
11627,0
11911,0
11928,0
11936,0
12018,0
13127,1
13248,1
13294,1
13371,1
13380,1
13404,1
13562,1
10426,0
10496,0
10556,0
2352,1
7208,0
6593,0
6693,0
7557,0
4465,1
3603,1
7718,0
87,1
5745,0
11258,0
5533,0
9901,0
2075,1
8863,0
8836,0
3215,1
3947,1
4825,1
6442,0
8508,0
8324,0
710,1
8741,0
5753,0
7607,0
8653,0
183,1
2135,1
6774,0
7826,0
8979,0
9856,0
11519,0
5868,0
6764,0
1933,1
13318,1
9284,0
2731,1
2783,1
2803,1
3525,1
6542,0
11505,0
3504,1
12415,0
3227,1
6700,0
1285,1
5726,0
5727,0
5795,0
5796,0
7597,0
7774,0
4790,1
11973,0
13124,1
819,1
778,1
802,1
803,1
804,1
805,1
5157,1
14950,1
6822,0
456,1
6597,0
8017,0
8610,0
6416,0
6729,0
718,1
719,1
720,1
727,1
6519,0
8030,0
9367,0
770,1
771,1
812,1
4234,1
6852,0
5549,0
9270,0
3681,1
11956,0
10064,0
10771,0
11192,0
11641,0
12986,1
13146,1
13233,1
13311,1
6677,0
2347,1
7777,0
1531,1
11439,0
7581,0
9506,0
12140,0
5613,0
11021,0
7587,0
6512,0
577,1
6595,0
9455,0
10138,0
608,1
5168,1
8330,0
6878,0
9934,0
1290,1
1439,1
6922,0
13473,1
4251,1
2751,1
1797,1
2535,1
2922,1
5479,1
344,1
13672,1
13769,1
13834,1
13849,1
13866,1
13967,1
14081,1
14107,1
14299,1
4596,1
5949,0
7446,0
8958,0
9574,0
4936,1
15039,1
2275,1
2583,1
10770,0
277,1
9672,0
9918,0
12893,0
2395,1
8555,0
758,1
9758,0
1695,1
6550,0
4863,1
13328,1
12793,0
10731,0
8512,0
2069,1
12733,0
6466,0
6584,0
6964,0
4178,1
4183,1
4256,1
4486,1
4551,1
4591,1
4594,1
12992,1
6862,0
9016,0
10608,0
12531,0
12120,0
3375,1
10630,0
6851,0
671,1
7122,0
14815,1
3387,1
3396,1
3405,1
3450,1
3481,1
3497,1
3498,1
3500,1
4095,1
4097,1
4108,1
2400,1
2233,1
1954,1
9393,0
12599,0
6028,0
9945,0
6977,0
8749,0
2654,1
4214,1
10748,0
567,1
8156,0
6662,0
1421,1
8913,0
1802,1
2509,1
2511,1
715,1
2662,1
6049,0
6585,0
4431,1
2541,1
11294,0
4621,1
9976,0
10974,0
12034,0
11575,0
11715,0
11891,0
13007,1
5651,0
7510,0
2301,1
13965,1
10729,0
12765,0
12511,0
1484,1
9515,0
13401,1
9068,0
8298,0
2767,1
3940,1
3943,1
6845,0
2683,1
2684,1
2685,1
2686,1
2688,1
2689,1
2691,1
2692,1
2693,1
2694,1
2699,1
2700,1
2701,1
2703,1
2704,1
2705,1
2706,1
2707,1
2708,1
2710,1
2713,1
2715,1
2716,1
2720,1
2722,1
2723,1
2724,1
1091,1
9371,0
9192,0
2532,1
2534,1
301,1
4820,1
6011,0
212,1
8618,0
10602,0
11370,0
1838,1
1764,1
2441,1
2470,1
2475,1
643,1
1693,1
6177,0
474,1
3428,1
3474,1
3536,1
3542,1
3554,1
3557,1
3559,1
3856,1
3860,1
9319,0
1684,1
8188,0
5425,1
11269,0
3597,1
5362,1
13236,1
14621,1
10781,0
10577,0
1331,1
8650,0
9259,0
829,1
830,1
4710,1
10147,0
14854,1
10733,0
4725,1
9210,0
6320,0
9688,0
1644,1
370,1
2866,1
5640,0
5659,0
11921,0
12625,0
6639,0
12145,0
6127,0
587,1
4246,1
5267,1
9812,0
12571,0
8259,0
4403,1
12326,0
3203,1
10916,0
6351,0
2127,1
9330,0
2640,1
5816,0
10345,0
4643,1
4861,1
9049,0
10750,0
10090,0
1944,1
3485,1
3717,1
3859,1
12063,0
9423,0
1382,1
10525,0
7855,0
14936,1
766,1
3826,1
4555,1
4580,1
1962,1
2970,1
4382,1
4383,1
9912,0
12464,0
1251,1
6353,0
6352,0
8060,0
8417,0
248,1
11881,0
4850,1
4907,1
3823,1
12843,0
10907,0
3037,1
1047,1
12471,0
8287,0
6368,0
7134,0
11400,0
2225,1
4662,1
1620,1
14717,1
14718,1
14725,1
14844,1
14951,1
8407,0
12628,0
7640,0
5914,0
4920,1
4921,1
4922,1
4924,1
4004,1
10735,0
5650,0
1057,1
1354,1
505,1
4760,1
9473,0
13951,1
1541,1
2733,1
4928,1
176,1
8123,0
8982,0
9341,0
1594,1
3058,1
7836,0
2552,1
12385,0
14659,1
571,1
574,1
3073,1
3208,1
9113,0
10112,0
10492,0
12936,0
12823,0
13950,1
8483,0
11653,0
2599,1
7034,0
13552,1
13693,1
2912,1
4105,1
6360,0
6801,0
12197,0
96,1
12266,0
6768,0
14104,1
5364,1
12446,0
2682,1
4217,1
4233,1
5575,0
5579,0
4440,1
4445,1
4481,1
4634,1
4636,1
4658,1
4701,1
4724,1
5001,1
5002,1
5003,1
5008,1
5009,1
5019,1
5035,1
5037,1
5048,1
5057,1
5066,1
5082,1
5100,1
5101,1
5137,1
11264,0
3881,1
8692,0
2659,1
4056,1
4809,1
7885,0
14795,1
1170,1
4797,1
7719,0
2923,1
2952,1
3398,1
14219,1
11196,0
11453,0
5962,0
9255,0
5922,0
4327,1
66,1
5963,0
8885,0
3437,1
5335,1
8842,0
9883,0
12330,0
6253,0
12262,0
3301,1
1950,1
1951,1
4799,1
6065,0
7016,0
7800,0
8449,0
6543,0
13807,1
1982,1
6806,0
4255,1
9993,0
3243,1
12955,0
480,1
6906,0
7459,0
9802,0
11720,0
3000,1
3025,1
3026,1
6755,0
2997,1
2626,1
5697,0
5788,0
5827,0
5834,0
4376,1
12951,0
3783,1
4963,1
7653,0
7942,0
12455,0
1671,1
11835,0
11836,0
11837,0
11859,0
12787,0
12997,1
13420,1
13431,1
13450,1
13470,1
13870,1
1204,1
8479,0
9237,0
2820,1
4390,1
4391,1
4392,1
4393,1
4394,1
4395,1
4396,1
4397,1
4398,1
4402,1
9502,0
3843,1
5360,1
4837,1
4022,1
12797,0
9032,0
5546,0
1449,1
3145,1
4840,1
1579,1
6840,0
1535,1
2310,1
12850,0
3399,1
4571,1
5125,1
5175,1
10302,0
540,1
7749,0
8446,0
10586,0
11513,0
12869,0
2968,1
2969,1
11576,0
11643,0
11008,0
2452,1
9729,0
7754,0
7028,0
8660,0
4983,1
557,1
12589,0
2555,1
1711,1
8349,0
623,1
2208,1
1624,1
5411,1
3653,1
12991,1
8989,0
1645,1
14800,1
14801,1
5286,1
5288,1
8733,0
7671,0
11284,0
7566,0
9556,0
10058,0
4404,1
288,1
1485,1
5038,1
5043,1
7103,0
7539,0
10413,0
5391,1
5488,1
7004,0
8519,0
5431,1
12158,0
5505,1
14921,1
5706,0
12610,0
8916,0
13245,1
7630,0
832,1
1450,1
10604,0
11117,0
4335,1
11851,0
13710,1
12099,0
5311,1
12115,0
1547,1
4941,1
11735,0
13116,1
13421,1
13665,1
13818,1
4143,1
9220,0
7668,0
10889,0
14164,1
13295,1
13705,1
14036,1
119,1
5309,1
306,1
9560,0
14677,1
14678,1
7113,0
1720,1
13811,1
13261,1
890,1
786,1
2994,1
14981,1
3261,1
5544,0
1202,1
1555,1
4358,1
8718,0
6144,0
11068,0
14636,1
6382,0
3053,1
3057,1
1744,1
5220,1
11566,0
11807,0
554,1
7023,0
11858,0
13026,1
13263,1
13467,1
11716,0
13852,1
8107,0
98,1
8997,0
10817,0
4741,1
7445,0
5631,0
4667,1
9327,0
5723,0
6392,0
14216,1
12418,0
6365,0
1625,1
4512,1
4593,1
5013,1
15082,1
15211,1
15213,1
6887,0
4671,1
8638,0
13277,1
12737,0
11046,0
7032,0
9509,0
10473,0
10548,0
3117,1
14778,1
14108,1
8911,0
11929,0
4375,1
12241,0
9627,0
138,1
10374,0
3195,1
3196,1
3199,1
3690,1
3288,1
95,1
336,1
10169,0
10529,0
8296,0
3582,1
6143,0
7175,0
15157,1
13237,1
12682,0
6242,0
9836,0
12270,0
55,1
933,1
9492,0
9346,0
13045,1
8801,0
9137,0
4947,1
6288,0
797,1
12541,0
2371,1
3106,1
3573,1
3574,1
834,1
3697,1
12009,0
8601,0
11107,0
3292,1
197,1
65,1
8423,0
14692,1
14696,1
14697,1
14698,1
14701,1
10621,0
5991,0
9971,0
1857,1
3429,1
3478,1
3480,1
3566,1
4499,1
4711,1
4782,1
4917,1
5306,1
5402,1
6056,0
6266,0
6343,0
7210,0
8197,0
8973,0
9384,0
9913,0
10039,0
10185,0
10317,0
11019,0
11223,0
11368,0
11556,0
11601,0
11778,0
11907,0
12176,0
12623,0
12776,0
13155,1
15189,1
15222,1
8316,0
9005,0
5153,1
8635,0
6335,0
6908,0
6971,0
14675,1
6231,0
10144,0
10224,0
10243,0
12522,0
6798,0
8485,0
3864,1
3242,1
1416,1
8762,0
11373,0
11483,0
11499,0
11526,0
6500,0
32,1
34,1
7116,0
8135,0
59,1
6480,0
9038,0
9383,0
166,1
12212,0
13134,1
13254,1
13340,1
13577,1
185,1
8813,0
10188,0
10585,0
9700,0
3575,1
13044,1
10307,0
12883,0
11128,0
6797,0
70,1
345,1
6359,0
6362,0
6963,0
8321,0
9457,0
9635,0
10704,0
10714,0
6092,0
10789,0
10821,0
7775,0
12798,0
8969,0
8350,0
3921,1
4012,1
12257,0
9328,0
5617,0
13755,1
9781,0
10095,0
3362,1
4533,1
7756,0
11408,0
11409,0
11433,0
7145,0
9408,0
12170,0
6054,0
8399,0
2714,1
14363,1
3769,1
11767,0
12987,1
13107,1
7468,0
3729,1
12988,1
1289,1
8248,0
4890,1
4895,1
6192,0
11709,0
13869,1
1519,1
3172,1
12687,0
10635,0
7242,0
13082,1
12457,0
6204,0
11140,0
11141,0
11143,0
5801,0
14813,1
1818,1
13003,1
278,1
1893,1
8134,0
12538,0
9182,0
14418,1
3221,1
3222,1
3224,1
11153,0
10502,0
10175,0
11319,0
11485,0
12395,0
12817,0
10477,0
9649,0
12968,0
6340,0
11434,0
13327,1
13373,1
13526,1
14016,1
14076,1
14160,1
14253,1
14254,1
14276,1
14354,1
14377,1
14382,1
14423,1
14424,1
14431,1
14464,1
9750,0
12668,0
7202,0
12885,0
8597,0
7951,0
11405,0
11406,0
10898,0
3382,1
3438,1
9987,0
9066,0
2373,1
9250,0
843,1
844,1
846,1
849,1
850,1
853,1
854,1
856,1
857,1
858,1
862,1
863,1
864,1
6464,0
12472,0
2197,1
15225,1
8238,0
10822,0
5481,1
10862,0
4882,1
9989,0
4819,1
9695,0
3300,1
3599,1
3615,1
3666,1
12812,0
12948,0
5924,0
1527,1
5522,0
11202,0
14333,1
7253,0
12359,0
9043,0
7249,0
5942,0
6596,0
8787,0
12855,0
2271,1
10060,0
10531,0
3100,1
12719,0
2491,1
10867,0
4774,1
9138,0
4934,1
14034,1
9451,0
189,1
836,1
2060,1
1577,1
5439,1
5851,0
5866,0
6202,0
7380,0
8504,0
9715,0
9965,0
12445,0
10254,0
10303,0
498,1
12110,0
12964,0
436,1
451,1
12161,0
1762,1
13165,1
13623,1
13697,1
13890,1
13934,1
14014,1
14124,1
14188,1
14223,1
14245,1
14294,1
14321,1
14330,1
14369,1
14510,1
14522,1
14523,1
14529,1
13639,1
7838,0
8079,0
8516,0
9601,0
479,1
6421,0
7340,0
8161,0
13135,1
11346,0
12530,0
6850,0
12656,0
5191,1
5192,1
5201,1
11500,0
12006,0
8764,0
6779,0
12711,0
12121,0
11094,0
6446,0
10670,0
11081,0
12356,0
9655,0
6630,0
3013,1
3246,1
9162,0
6445,0
4099,1
4114,1
1426,1
12112,0
11062,0
747,1
3262,1
3471,1
3475,1
3580,1
10712,0
2387,1
1874,1
961,1
13391,1
4665,1
526,1
3379,1
11573,0
11784,0
4438,1
4695,1
4855,1
14853,1
3212,1
3213,1
3214,1
3217,1
10516,0
3553,1
9788,0
572,1
10161,0
1383,1
9388,0
13447,1
1185,1
11786,0
11301,0
5633,0
10845,0
11894,0
3587,1
10751,0
749,1
2754,1
3624,1
14232,1
14405,1
996,1
997,1
998,1
999,1
1002,1
1003,1
1004,1
1005,1
1006,1
1009,1
1010,1
1011,1
1012,1
1013,1
1014,1
1015,1
1017,1
1019,1
1020,1
1021,1
1022,1
1023,1
1024,1
1025,1
1026,1
1027,1
1028,1
1029,1
1030,1
1031,1
1032,1
1035,1
1036,1
1037,1
11159,0
11161,0
8179,0
688,1
5293,1
12308,0
1640,1
2158,1
10722,0
2451,1
5892,0
6274,0
2423,1
9809,0
5290,1
12456,0
6399,0
9811,0
5449,1
11243,0
12404,0
5938,0
2417,1
142,1
9650,0
4187,1
736,1
737,1
738,1
740,1
8622,0
12184,0
8558,0
9014,0
8487,0
2108,1
10296,0
2991,1
3179,1
5534,0
1000,1
1007,1
12695,0
6300,0
8235,0
1607,1
1458,1
9117,0
10579,0
15131,1
3152,1
5926,0
5578,0
11606,0
4892,1
3923,1
1040,1
7262,0
8443,0
8088,0
8293,0
250,1
11348,0
6071,0
8743,0
2119,1
14217,1
2461,1
12498,0
9547,0
9460,0
15086,1
5824,0
261,1
12782,0
4133,1
4737,1
2391,1
15186,1
239,1
2186,1
8137,0
14479,1
477,1
3630,1
13855,1
2437,1
12412,0
5089,1
4792,1
560,1
579,1
5858,0
9754,0
12026,0
13018,1
13100,1
13141,1
13170,1
13241,1
13348,1
13429,1
13430,1
13449,1
13485,1
13566,1
13601,1
13918,1
1938,1
6760,0
9703,0
9498,0
8566,0
1206,1
3291,1
4639,1
4684,1
8476,0
9626,0
14416,1
2550,1
1824,1
11233,0
11789,0
11866,0
11966,0
12025,0
11538,0
11675,0
12504,0
13338,1
13462,1
13584,1
13669,1
14072,1
14203,1
14207,1
14476,1
12406,0
13324,1
13486,1
13551,1
13600,1
13712,1
13919,1
14050,1
14095,1
14096,1
14248,1
3571,1
10455,0
9105,0
9283,0
117,1
2750,1
30,1
6557,0
9855,0
271,1
8182,0
14603,1
7772,0
14952,1
6523,0
5825,0
12860,0
6302,0
8720,0
12902,0
6856,0
2313,1
1490,1
14132,1
3532,1
12074,0
10239,0
4645,1
4848,1
8209,0
8672,0
2282,1
5250,1
5256,1
5846,0
12641,0
5521,0
1713,1
3353,1
12167,0
1438,1
4025,1
3757,1
7221,0
4462,1
9958,0
2964,1
11611,0
11925,0
12068,0
2836,1
10281,0
5577,0
11102,0
6911,0
1489,1
10871,0
2162,1
3163,1
1953,1
7784,0
14593,1
13037,1
5312,1
14625,1
14626,1
10157,0
10399,0
10471,0
10558,0
157,1
1463,1
14530,1
2498,1
1733,1
3216,1
9677,0
10646,0
10937,0
3036,1
3206,1
3331,1
2569,1
4332,1
14576,1
14594,1
14680,1
14681,1
14765,1
14767,1
14787,1
14792,1
15087,1
15091,1
15092,1
15093,1
15095,1
15100,1
15163,1
15182,1
15183,1
15184,1
2953,1
6988,0
3857,1
10054,0
11444,0
11468,0
11553,0
11570,0
11610,0
11676,0
11708,0
11725,0
11748,0
11826,0
11830,0
11883,0
11961,0
13009,1
13047,1
13206,1
10617,0
4583,1
8697,0
6289,0
3204,1
4557,1
13958,1
3517,1
1819,1
1791,1
5321,1
6172,0
2425,1
14079,1
11564,0
9777,0
8025,0
570,1
27,1
10994,0
4013,1
9537,0
5911,0
1860,1
11988,0
13067,1
13539,1
13587,1
13591,1
13656,1
13657,1
13658,1
13707,1
13708,1
13709,1
13764,1
3659,1
1445,1
7954,0
4762,1
9711,0
7882,0
3141,1
11843,0
13257,1
509,1
3730,1
8559,0
8602,0
12144,0
12364,0
1152,1
5917,0
13816,1
2842,1
7903,0
1844,1
4656,1
3097,1
11818,0
12502,0
13077,1
13083,1
13084,1
13293,1
13342,1
13354,1
13376,1
1955,1
6545,0
9632,0
9977,0
6742,0
7803,0
3632,1
1998,1
12792,0
5964,0
6364,0
6958,0
7410,0
3407,1
13048,1
3694,1
14822,1
15002,1
6930,0
5741,0
13792,1
14045,1
14046,1
2252,1
7549,0
2637,1
14436,1
14452,1
14456,1
14466,1
14467,1
14470,1
14508,1
14513,1
14528,1
14536,1
14540,1
12076,0
2906,1
9476,0
10786,0
4032,1
4033,1
7107,0
8187,0
1781,1
14372,1
9554,0
2316,1
8318,0
8627,0
3042,1
3043,1
3050,1
332,1
11318,0
5396,1
1355,1
3032,1
1726,1
9666,0
10897,0
1328,1
11413,0
13646,1
14011,1
7183,0
9693,0
12346,0
7673,0
2510,1
7327,0
6408,0
1991,1
8425,0
1193,1
10018,0
2161,1
4617,1
723,1
10959,0
10591,0
4903,1
11820,0
14941,1
1807,1
5385,1
2229,1
8026,0
12635,0
5471,1
8904,0
9994,0
10264,0
11220,0
5529,0
5550,0
6747,0
6623,0
8581,0
4115,1
3981,1
5700,0
5713,0
5767,0
4605,1
2120,1
8170,0
12821,0
1342,1
6521,0
3646,1
6870,0
6825,0
7207,0
7110,0
14340,1
13901,1
13954,1
11074,0
7276,0
581,1
12949,0
5986,0
6754,0
3010,1
6515,0
8975,0
8054,0
12904,0
6235,0
7065,0
7126,0
2558,1
3069,1
3088,1
2205,1
2660,1
2663,1
10127,0
4898,1
12601,0
235,1
12478,0
317,1
3249,1
6698,0
12337,0
12723,0
139,1
12927,0
11586,0
6650,0
3052,1
7031,0
1822,1
9675,0
11302,0
8080,0
13336,1
13393,1
13531,1
13815,1
13995,1
4267,1
7396,0
3704,1
12148,0
13783,1
77,1
12322,0
7335,0
5428,1
14806,1
1391,1
12155,0
12702,0
1062,1
7289,0
13246,1
4250,1
12548,0
9924,0
11967,0
12505,0
13041,1
13550,1
10658,0
11262,0
11285,0
11702,0
12660,0
12632,0
2389,1
696,1
12963,0
10325,0
612,1
1051,1
3004,1
3180,1
3269,1
3715,1
13103,1
13225,1
13284,1
3852,1
4009,1
1926,1
10802,0
7462,0
13747,1
5680,0
12077,0
10918,0
9424,0
877,1
884,1
897,1
6114,0
10773,0
15009,1
15148,1
15156,1
2719,1
14674,1
2463,1
2468,1
11618,0
6516,0
3002,1
3003,1
14651,1
2314,1
4504,1
12245,0
4619,1
5135,1
13128,1
5747,0
7811,0
2638,1
1990,1
11349,0
6160,0
9702,0
9774,0
14627,1
14628,1
14666,1
14667,1
11435,0
11941,0
12123,0
9039,0
5974,0
1813,1
2965,1
2250,1
2278,1
8495,0
7495,0
10768,0
752,1
11130,0
11134,0
11502,0
11797,0
11821,0
11965,0
13108,1
13109,1
13112,1
13150,1
13158,1
13171,1
13208,1
13218,1
13219,1
13259,1
13298,1
13344,1
13379,1
13529,1
13547,1
13595,1
13597,1
13615,1
13673,1
13683,1
13723,1
13724,1
13758,1
13760,1
13768,1
13779,1
13800,1
13812,1
13825,1
13845,1
13856,1
13860,1
9962,0
7229,0
7136,0
530,1
12437,0
2226,1
3486,1
83,1
84,1
184,1
207,1
213,1
214,1
228,1
238,1
241,1
302,1
309,1
315,1
323,1
367,1
374,1
376,1
483,1
506,1
528,1
618,1
619,1
625,1
665,1
666,1
667,1
674,1
1055,1
1408,1
1453,1
1499,1
1521,1
1530,1
1581,1
1692,1
1732,1
1831,1
1839,1
1909,1
1928,1
1943,1
1952,1
2002,1
2003,1
2004,1
2005,1
2006,1
2007,1
2009,1
2010,1
2011,1
2013,1
2014,1
2015,1
2016,1
2018,1
2019,1
2020,1
2021,1
2023,1
2024,1
2025,1
2026,1
2027,1
2028,1
2029,1
2030,1
2031,1
2032,1
2034,1
2035,1
2036,1
2037,1
2038,1
2039,1
2040,1
2041,1
2042,1
2043,1
2044,1
2045,1
2046,1
2047,1
2048,1
2049,1
2050,1
2051,1
2052,1
2055,1
2077,1
2085,1
2228,1
2392,1
2449,1
2529,1
2601,1
2744,1
2864,1
2971,1
2988,1
3205,1
3237,1
3248,1
3336,1
3359,1
3361,1
3368,1
3369,1
3370,1
3453,1
3496,1
3581,1
3621,1
3661,1
3679,1
3685,1
3716,1
3770,1
3775,1
3782,1
3788,1
3935,1
4317,1
4322,1
4330,1
4531,1
4669,1
4700,1
4715,1
4722,1
4728,1
4732,1
4738,1
4754,1
4770,1
4784,1
4816,1
4835,1
4846,1
4865,1
4900,1
4902,1
4916,1
4966,1
4967,1
4976,1
4977,1
4981,1
4995,1
5272,1
5344,1
5370,1
5377,1
5440,1
5491,1
5498,1
5660,0
5664,0
6163,0
6350,0
6427,0
6877,0
7001,0
7157,0
7339,0
7457,0
7536,0
7588,0
7592,0
7617,0
7688,0
7847,0
7887,0
7977,0
7991,0
8001,0
8031,0
8180,0
8263,0
8346,0
8497,0
8582,0
8667,0
8698,0
8737,0
9074,0
9124,0
9169,0
9572,0
9825,0
9931,0
10088,0
10409,0
10555,0
10593,0
10612,0
10693,0
10718,0
10741,0
10815,0
10878,0
10929,0
10948,0
10962,0
10991,0
11058,0
11072,0
11087,0
11110,0
11179,0
11278,0
11337,0
11360,0
11461,0
11514,0
11517,0
11525,0
11550,0
11587,0
11731,0
11762,0
11793,0
11874,0
11969,0
11979,0
12007,0
12033,0
12037,0
12051,0
12060,0
12085,0
12091,0
12150,0
12153,0
12160,0
12180,0
12196,0
12254,0
12255,0
12264,0
12324,0
12334,0
12368,0
12410,0
12417,0
12556,0
12593,0
12622,0
12675,0
12676,0
12683,0
12710,0
12747,0
12761,0
12768,0
12820,0
12825,0
12880,0
12944,0
12961,0
12972,0
13017,1
13286,1
13355,1
13364,1
13377,1
13403,1
13422,1
13563,1
13642,1
13775,1
14558,1
14683,1
14871,1
14886,1
14887,1
14893,1
14917,1
15005,1
15144,1
15145,1
15164,1
15168,1
15173,1
6383,0
10532,0
10199,0
4107,1
11632,0
7717,0
8459,0
7725,0
8033,0
8304,0
9644,0
11312,0
8624,0
4526,1
386,1
2476,1
1291,1
10491,0
1899,1
7667,0
7751,0
9879,0
12881,0
9011,0
7567,0
9791,0
5144,1
2218,1
13836,1
12219,0
692,1
12581,0
3507,1
1334,1
7184,0
7195,0
7393,0
4252,1
7379,0
8696,0
8893,0
2216,1
366,1
1793,1
10033,0
10334,0
13250,1
11459,0
6556,0
8328,0
8426,0
1223,1
4389,1
9817,0
273,1
3601,1
3610,1
4964,1
10628,0
11803,0
1386,1
251,1
5420,1
6039,0
10753,0
10830,0
7305,0
10666,0
10162,0
4527,1
12113,0
2930,1
5570,0
9240,0
13210,1
146,1
6103,0
9179,0
7326,0
10908,0
11775,0
12088,0
7830,0
10777,0
6791,0
9353,0
6043,0
9273,0
2087,1
10769,0
13864,1
3110,1
3670,1
3689,1
9528,0
928,1
3164,1
7397,0
9204,0
12119,0
11382,0
11571,0
9755,0
6106,0
1373,1
10696,0
11215,0
10059,0
10249,0
10522,0
4905,1
6000,0
6855,0
7298,0
9389,0
11238,0
5610,0
5622,0
5392,1
5936,0
12190,0
3191,1
3193,1
3230,1
4982,1
11993,0
8085,0
12291,0
5478,1
12862,0
10483,0
14739,1
15127,1
15128,1
2111,1
2588,1
3719,1
5339,1
6181,0
7949,0
8454,0
8735,0
8856,0
9231,0
11313,0
11582,0
11885,0
11930,0
12299,0
12561,0
12892,0
13114,1
13133,1
14559,1
14574,1
14809,1
14880,1
14895,1
14919,1
15143,1
6506,0
3871,1
6205,0
2071,1
4323,1
10687,0
2125,1
1894,1
8670,0
12953,0
6057,0
1412,1
10282,0
10318,0
10508,0
8305,0
12335,0
10536,0
1564,1
11380,0
4062,1
4063,1
4071,1
2221,1
1876,1
6097,0
5185,1
8907,0
3046,1
318,1
2215,1
1351,1
8073,0
9318,0
9714,0
4970,1
43,1
6051,0
31,1
37,1
9106,0
3802,1
2195,1
10424,0
5915,0
5780,0
14556,1
14699,1
14700,1
14744,1
14914,1
14915,1
14927,1
15098,1
2904,1
8809,0
8826,0
11351,0
4657,1
7651,0
3539,1
3588,1
10390,0
112,1
12518,0
3596,1
5931,0
12962,0
6029,0
6933,0
9448,0
507,1
4957,1
7389,0
7009,0
3651,1
12523,0
2239,1
9280,0
12889,0
4626,1
4635,1
5275,1
8740,0
2238,1
11456,0
782,1
5226,1
7017,0
6254,0
6448,0
8051,0
8310,0
10083,0
10684,0
1835,1
1836,1
9496,0
10158,0
10535,0
11104,0
10664,0
11480,0
13278,1
10191,0
9422,0
4753,1
13751,1
9149,0
4752,1
5670,0
11425,0
11497,0
12027,0
11693,0
8902,0
9067,0
6708,0
7620,0
12086,0
12375,0
10137,0
6162,0
8617,0
1199,1
9264,0
12108,0
12708,0
5750,0
974,1
8317,0
10153,0
7565,0
9379,0
12967,0
2875,1
7252,0
9850,0
6667,0
8150,0
11027,0
11904,0
12771,0
12994,1
12995,1
12996,1
13068,1
13069,1
13070,1
13121,1
13186,1
13187,1
13188,1
13189,1
13190,1
13191,1
13192,1
13272,1
13274,1
13329,1
13330,1
13477,1
11170,0
2809,1
7523,0
2657,1
9087,0
4085,1
11256,0
12586,0
8659,0
5757,0
3098,1
3515,1
6118,0
3636,1
9372,0
11361,0
9244,0
2287,1
9430,0
9052,0
368,1
14426,1
11272,0
2594,1
6136,0
9248,0
9839,0
12452,0
11620,0
5531,0
13632,1
6482,0
7448,0
8169,0
9660,0
258,1
1780,1
5997,0
6528,0
7758,0
8153,0
9234,0
12384,0
12580,0
2624,1
2656,1
2902,1
6069,0
13140,1
4374,1
3347,1
3932,1
7062,0
1574,1
9776,0
6968,0
5417,1
10949,0
10538,0
10566,0
4860,1
5899,0
10853,0
2570,1
11642,0
7003,0
7436,0
3854,1
9594,0
6780,0
1420,1
15053,1
15054,1
1168,1
6122,0
9599,0
8890,0
124,1
7422,0
672,1
673,1
2306,1
7833,0
9320,0
144,1
1352,1
10142,0
4913,1
6695,0
13700,1
9153,0
11210,0
12887,0
13716,1
9518,0
6982,0
5792,0
6885,0
2483,1
3495,1
6142,0
5618,0
162,1
8551,0
7081,0
8136,0
3777,1
3791,1
13000,1
13088,1
10019,0
10752,0
3602,1
3622,1
4344,1
2443,1
12225,0
1932,1
7647,0
7171,0
1936,1
11267,0
12621,0
9520,0
7967,0
6494,0
2543,1
4870,1
6385,0
12898,0
9,1
9131,0
4925,1
1282,1
6503,0
8401,0
12049,0
11,1
7450,0
9667,0
12844,0
9051,0
6194,0
2393,1
2066,1
1736,1
1141,1
14971,1
15218,1
5677,0
8491,0
8234,0
10970,0
9610,0
6517,0
6612,0
7850,0
9035,0
7117,0
7388,0
2831,1
3650,1
3914,1
3915,1
3989,1
5056,1
10958,0
11327,0
2447,1
4046,1
7769,0
2222,1
1109,1
960,1
8623,0
6252,0
6986,0
9122,0
8562,0
5334,1
1681,1
14268,1
14270,1
779,1
6472,0
7306,0
14490,1
7827,0
12562,0
4743,1
14307,1
2936,1
5893,0
9904,0
6373,0
10761,0
2267,1
5297,1
2204,1
9762,0
97,1
9030,0
3044,1
3692,1
4469,1
4965,1
8714,0
11746,0
11747,0
11900,0
8090,0
6267,0
8095,0
9588,0
8572,0
9001,0
4377,1
14956,1
4549,1
4582,1
12755,0
9018,0
4153,1
3358,1
9478,0
12474,0
8206,0
5515,1
13730,1
3459,1
7121,0
3619,1
5382,1
11634,0
4259,1
1647,1
5387,1
6567,0
4931,1
10720,0
12740,0
14827,1
14828,1
14829,1
14830,1
15121,1
15122,1
15124,1
12024,0
1748,1
10618,0
14027,1
8464,0
11985,0
7277,0
9787,0
8308,0
5540,0
14920,1
4083,1
4089,1
4126,1
4127,1
4218,1
4222,1
145,1
3479,1
4162,1
1578,1
7928,0
5890,0
4410,1
4411,1
4413,1
4415,1
4418,1
3421,1
13619,1
14532,1
7433,0
1832,1
3732,1
3838,1
14544,1
12618,0
4165,1
10257,0
10412,0
10482,0
14754,1
2114,1
1476,1
10271,0
10386,0
4661,1
8368,0
4384,1
6403,0
7496,0
14074,1
1200,1
1333,1
6789,0
7223,0
9689,0
14422,1
13517,1
8394,0
2435,1
2484,1
2486,1
5733,0
14679,1
14786,1
14791,1
6197,0
11287,0
7078,0
13553,1
2670,1
9701,0
5453,1
5769,0
8478,0
10724,0
4944,1
12188,0
10747,0
13978,1
245,1
7815,0
3307,1
48,1
3355,1
2828,1
2702,1
8532,0
3017,1
3033,1
3095,1
3127,1
3470,1
3739,1
243,1
12201,0
11246,0
9557,0
1782,1
10800,0
7444,0
12923,0
5044,1
5050,1
5052,1
7934,0
9429,0
14933,1
1552,1
6819,0
7541,0
7981,0
8716,0
8218,0
9578,0
708,1
709,1
5060,1
6304,0
1268,1
6322,0
6680,0
2687,1
3800,1
1258,1
14996,1
15072,1
668,1
14579,1
14608,1
121,1
12032,0
986,1
11686,0
3402,1
8416,0
7177,0
9312,0
13790,1
6424,0
299,1
13932,1
9426,0
2230,1
3786,1
12210,0
12774,0
1049,1
1050,1
14485,1
7716,0
613,1
3589,1
4540,1
1806,1
2090,1
6007,0
12509,0
8914,0
11855,0
12658,0
5710,0
1008,1
1016,1
4093,1
4101,1
9351,0
6248,0
13125,1
1187,1
12807,0
7080,0
4746,1
7144,0
9206,0
167,1
3886,1
3977,1
5054,1
8633,0
11950,0
9410,0
11840,0
11842,0
14731,1
14837,1
14838,1
14840,1
14841,1
14843,1
4511,1
5447,1
5716,0
3267,1
3302,1
6621,0
8680,0
9680,0
1144,1
12565,0
10211,0
10410,0
1641,1
2779,1
1757,1
7746,0
10287,0
4067,1
5464,1
3899,1
12325,0
9612,0
13243,1
13319,1
256,1
11629,0
13200,1
11067,0
7676,0
8066,0
6841,0
9126,0
12806,0
8713,0
1911,1
2138,1
5606,0
11674,0
11863,0
11712,0
11732,0
12213,0
13078,1
9308,0
3366,1
3984,1
11176,0
11699,0
11777,0
4186,1
9421,0
2941,1
3403,1
10860,0
8201,0
6298,0
6653,0
8222,0
15101,1
12796,0
9143,0
12756,0
10004,0
10545,0
12734,0
1633,1
3448,1
4215,1
6376,0
5989,0
14086,1
293,1
5063,1
7662,0
9453,0
2183,1
5688,0
10869,0
2661,1
11032,0
4640,1
4493,1
4494,1
12045,0
12519,0
6866,0
9998,0
10013,0
10201,0
10576,0
3126,1
3225,1
8121,0
1069,1
6332,0
8388,0
9042,0
2806,1
2398,1
3340,1
4798,1
11877,0
1619,1
5883,0
74,1
253,1
1602,1
4911,1
5934,0
6206,0
6280,0
6457,0
7488,0
7492,0
7880,0
7973,0
8205,0
8220,0
8739,0
8825,0
9342,0
9471,0
9863,0
1678,1
6249,0
7474,0
3628,1
10552,0
7733,0
639,1
640,1
13296,1
8586,0
14473,1
8673,0
11086,0
12801,0
5945,0
7619,0
6226,0
13715,1
6158,0
6904,0
7056,0
9313,0
9892,0
7978,0
137,1
1433,1
1882,1
5410,1
12877,0
5461,1
4134,1
13147,1
8557,0
350,1
8469,0
8783,0
9275,0
9674,0
10392,0
13384,1
13545,1
13558,1
13570,1
13573,1
13586,1
13628,1
13631,1
13663,1
13664,1
13677,1
13717,1
13757,1
13788,1
13791,1
13793,1
6983,0
8267,0
2256,1
6314,0
11603,0
11705,0
11799,0
11867,0
12004,0
2728,1
9742,0
475,1
4866,1
1504,1
13030,1
11448,0
5319,1
10022,0
548,1
5179,1
566,1
9890,0
12909,0
13489,1
13690,1
13966,1
14384,1
8759,0
9419,0
10222,0
10406,0
10463,0
11585,0
45,1
8675,0
9760,0
7322,0
7349,0
13781,1
840,1
513,1
6588,0
10350,0
8855,0
7394,0
11201,0
11536,0
1662,1
5852,0
3810,1
3811,1
11131,0
2237,1
8953,0
2673,1
1214,1
6388,0
10872,0
10999,0
4236,1
5657,0
9088,0
785,1
11347,0
2128,1
2201,1
2253,1
6541,0
9972,0
10333,0
12357,0
12870,0
15057,1
15060,1
6137,0
6756,0
7268,0
8178,0
11129,0
12639,0
12690,0
11371,0
12093,0
3792,1
7729,0
8981,0
15080,1
15212,1
15214,1
11152,0
11742,0
1590,1
9545,0
6088,0
1652,1
2067,1
202,1
516,1
11386,0
11992,0
57,1
9440,0
7357,0
9847,0
285,1
9834,0
8550,0
12791,0
1539,1
4632,1
1970,1
9608,0
1102,1
11592,0
9251,0
10500,0
6884,0
9609,0
9380,0
11397,0
4260,1
4343,1
5197,1
11226,0
6221,0
7226,0
398,1
400,1
402,1
404,1
405,1
407,1
408,1
410,1
413,1
415,1
416,1
417,1
420,1
421,1
422,1
423,1
426,1
432,1
434,1
485,1
5746,0
9285,0
9529,0
5346,1
10365,0
6771,0
11852,0
7165,0
13010,1
13106,1
13182,1
10902,0
3707,1
3819,1
11758,0
582,1
11493,0
6507,0
8614,0
8373,0
3767,1
1498,1
9293,0
10069,0
11798,0
2963,1
1923,1
3469,1
13935,1
13977,1
14054,1
14149,1
14187,1
4530,1
10909,0
6566,0
4488,1
4489,1
4558,1
4559,1
4562,1
4852,1
4923,1
4926,1
5039,1
5051,1
5055,1
5511,1
1580,1
7773,0
4997,1
12089,0
1675,1
10031,0
10510,0
8392,0
4349,1
6562,0
11402,0
11723,0
2193,1
3349,1
1454,1
6083,0
6534,0
7659,0
8871,0
9873,0
15179,1
3693,1
3725,1
3750,1
4388,1
6748,0
8009,0
10166,0
3257,1
6306,0
10183,0
2113,1
1344,1
6091,0
6745,0
8291,0
8382,0
9238,0
622,1
8043,0
3124,1
3271,1
14589,1
518,1
521,1
9376,0
7983,0
10165,0
1667,1
8668,0
8252,0
9624,0
5496,1
9470,0
533,1
10842,0
11623,0
11637,0
12864,0
12443,0
14044,1
6447,0
6854,0
12579,0
1948,1
13722,1
7572,0
955,1
9291,0
7315,0
13493,1
4015,1
8363,0
13596,1
1853,1
9177,0
5675,0
13201,1
10403,0
3874,1
486,1
5474,1
3377,1
8196,0
795,1
7456,0
8780,0
3435,1
11079,0
12039,0
11332,0
93,1
9399,0
6187,0
9445,0
5811,0
6944,0
7149,0
9988,0
14726,1
14959,1
14960,1
14961,1
2976,1
10363,0
10380,0
10451,0
6659,0
8244,0
478,1
7720,0
5526,0
10187,0
10260,0
11470,0
6260,0
6324,0
5702,0
9110,0
1525,1
935,1
1367,1
14201,1
14247,1
14288,1
15083,1
15107,1
15108,1
9768,0
10517,0
10542,0
12122,0
3120,1
776,1
8946,0
9094,0
12289,0
8798,0
12203,0
4152,1
1977,1
1981,1
2001,1
9887,0
13223,1
3629,1
14752,1
14847,1
9036,0
1353,1
8579,0
10758,0
310,1
4047,1
6002,0
8480,0
9538,0
7648,0
553,1
8994,0
867,1
8729,0
10632,0
9269,0
2345,1
13071,1
6027,0
7569,0
5187,1
7392,0
1773,1
7232,0
2217,1
4750,1
5999,0
6006,0
6084,0
7390,0
7698,0
8594,0
9752,0
9818,0
9857,0
4456,1
3882,1
3883,1
4419,1
4048,1
9449,0
9613,0
2792,1
10835,0
8322,0
1262,1
14727,1
8845,0
11034,0
5826,0
12450,0
2439,1
8993,0
1323,1
5906,0
2520,1
3022,1
10387,0
11440,0
8132,0
7167,0
2141,1
9549,0
1415,1
4176,1
12057,0
4887,1
13079,1
9929,0
1082,1
6617,0
8057,0
8751,0
5537,0
659,1
9775,0
8930,0
7148,0
8528,0
8664,0
5976,0
2385,1
14296,1
7504,0
5504,1
6008,0
2615,1
10106,0
10544,0
10227,0
4978,1
1878,1
13505,1
13810,1
13981,1
13989,1
14029,1
14069,1
14102,1
2420,1
11477,0
2617,1
870,1
875,1
881,1
882,1
883,1
886,1
888,1
889,1
891,1
892,1
893,1
894,1
898,1
899,1
902,1
903,1
904,1
905,1
906,1
907,1
908,1
5538,0
2118,1
9161,0
9618,0
3490,1
9694,0
4581,1
14676,1
10228,0
6587,0
7616,0
8757,0
6696,0
7521,0
7601,0
845,1
2855,1
6533,0
457,1
8144,0
529,1
35,1
36,1
41,1
2770,1
2887,1
9676,0
1389,1
6635,0
2089,1
1584,1
6602,0
7331,0
7886,0
8087,0
9107,0
13927,1
1710,1
8531,0
6150,0
1758,1
8338,0
7064,0
8897,0
2131,1
14777,1
14958,1
8661,0
2943,1
13928,1
9487,0
8679,0
7135,0
205,1
8357,0
15042,1
7596,0
6554,0
8873,0
11247,0
6021,0
7413,0
8355,0
7125,0
10354,0
4118,1
8356,0
5921,0
4670,1
466,1
3710,1
3008,1
6586,0
3293,1
3315,1
13519,1
13771,1
6275,0
3395,1
2489,1
646,1
11765,0
6868,0
8315,0
3814,1
14720,1
14721,1
14737,1
15130,1
12269,0
9194,0
5114,1
9539,0
12071,0
6679,0
1754,1
10118,0
10150,0
3929,1
5430,1
8616,0
11274,0
5343,1
6683,0
10076,0
10258,0
10275,0
10551,0
6966,0
7730,0
8730,0
10021,0
10859,0
3556,1
11279,0
7559,0
8289,0
8655,0
14645,1
14654,1
14655,1
14656,1
14657,1
10026,0
1770,1
10674,0
3920,1
4613,1
5251,1
3418,1
12192,0
6715,0
3779,1
5933,0
6832,0
5772,0
4342,1
5950,0
1517,1
7316,0
2330,1
8771,0
6730,0
8378,0
9439,0
1432,1
2156,1
2849,1
2948,1
1201,1
1670,1
6657,0
7337,0
12836,0
11354,0
5421,1
8978,0
2717,1
2097,1
203,1
9462,0
2729,1
3551,1
3778,1
3910,1
3926,1
3928,1
3933,1
3934,1
4192,1
4244,1
4245,1
4247,1
4262,1
4265,1
4269,1
4273,1
4275,1
4278,1
4287,1
4289,1
4290,1
4295,1
4300,1
4308,1
4312,1
4313,1
4314,1
4318,1
4319,1
284,1
8027,0
73,1
5693,0
4166,1
5565,0
2390,1
4455,1
4553,1
4563,1
4432,1
4463,1
7491,0
8022,0
11265,0
7449,0
224,1
14020,1
3682,1
6395,0
9085,0
12327,0
8807,0
1601,1
7604,0
7480,0
603,1
12473,0
4912,1
12760,0
5047,1
9413,0
7405,0
13630,1
6214,0
7788,0
8869,0
8943,0
9826,0
10009,0
10543,0
12713,0
7672,0
15050,1
9315,0
6835,0
11608,0
11740,0
8598,0
9587,0
1571,1
5979,0
7255,0
11030,0
7872,0
1785,1
7514,0
1394,1
61,1
4610,1
1883,1
1823,1
10007,0
5493,1
3506,1
6811,0
14856,1
2485,1
6571,0
7376,0
9239,0
14267,1
14446,1
1483,1
9209,0
951,1
8793,0
12824,0
14870,1
535,1
11036,0
10343,0
2800,1
9884,0
1811,1
327,1
9727,0
12976,0
7022,0
5167,1
9793,0
5951,0
12722,0
11981,0
12431,0
1381,1
1551,1
10049,0
10450,0
10468,0
6511,0
6487,0
3048,1
4857,1
10629,0
10965,0
1796,1
14672,1
14673,1
11004,0
6040,0
12818,0
7160,0
7696,0
12408,0
2497,1
4818,1
531,1
5558,0
13829,1
14008,1
14178,1
14194,1
14376,1
14420,1
7645,0
7898,0
549,1
2837,1
6606,0
7131,0
7383,0
7542,0
8640,0
1417,1
4566,1
8064,0
3522,1
2328,1
4771,1
3617,1
614,1
4339,1
11931,0
4704,1
13542,1
9664,0
4483,1
6077,0
7354,0
7946,0
14015,1
14252,1
9647,0
1698,1
6686,0
2164,1
14156,1
14338,1
2232,1
12839,0
12804,0
1543,1
9447,0
13131,1
13308,1
9829,0
1679,1
6047,0
5270,1
10066,0
2000,1
1585,1
10721,0
3969,1
6569,0
10678,0
5495,1
3177,1
3178,1
3183,1
11251,0
9109,0
11260,0
10286,0
5477,1
7678,0
734,1
743,1
744,1
767,1
793,1
794,1
13857,1
2174,1
12515,0
28,1
5821,0
5822,0
5836,0
10691,0
10213,0
10295,0
5237,1
6860,0
9254,0
11773,0
13249,1
10716,0
10681,0
1472,1
9796,0
12890,0
11228,0
9979,0
12276,0
6107,0
7470,0
6960,0
6193,0
7974,0
8036,0
9734,0
602,1
10650,0
7072,0
5554,0
49,1
12826,0
5166,1
10353,0
1563,1
7058,0
11178,0
8094,0
14796,1
14797,1
14858,1
8585,0
10541,0
8576,0
6157,0
2496,1
868,1
885,1
8952,0
13835,1
1169,1
1749,1
8452,0
10992,0
6465,0
6607,0
6125,0
11095,0
1110,1
6037,0
12950,0
2961,1
1784,1
4642,1
8409,0
11253,0
12525,0
2677,1
2446,1
2995,1
5900,0
7918,0
8021,0
9336,0
12816,0
3593,1
5268,1
12940,0
10067,0
13590,1
657,1
8988,0
6,1
11432,0
1348,1
7264,0
8676,0
10723,0
4030,1
2652,1
12720,0
5729,0
5744,0
8344,0
1964,1
7299,0
447,1
2179,1
13397,1
210,1
963,1
380,1
4573,1
13333,1
11577,0
3112,1
3238,1
6915,0
8843,0
8455,0
12117,0
12101,0
10015,0
2732,1
2854,1
1627,1
6576,0
5467,1
7957,0
4475,1
9316,0
8866,0
8041,0
12930,0
10987,0
3785,1
6874,0
12942,0
11186,0
10284,0
8190,0
5158,1
3817,1
2776,1
1321,1
14013,1
14386,1
14401,1
14402,1
14409,1
14440,1
14450,1
14451,1
14455,1
14461,1
14468,1
14469,1
14486,1
14487,1
14489,1
14496,1
14512,1
14524,1
14525,1
14527,1
14537,1
9115,0
4031,1
4836,1
4496,1
6159,0
14803,1
7708,0
1044,1
12095,0
2585,1
8303,0
9474,0
12422,0
2664,1
13557,1
13752,1
364,1
5568,0
10247,0
5141,1
10700,0
7066,0
7875,0
2850,1
6217,0
6784,0
9046,0
9634,0
12082,0
12127,0
11045,0
10677,0
11436,0
1945,1
6812,0
5234,1
7432,0
8442,0
1403,1
11275,0
12696,0
13110,1
13888,1
4407,1
10331,0
10584,0
174,1
178,1
10928,0
5181,1
2093,1
12102,0
2150,1
9415,0
8929,0
1701,1
2321,1
2610,1
3118,1
7161,0
6996,0
6848,0
3911,1
10300,0
8237,0
10795,0
5264,1
6826,0
2159,1
91,1
2100,1
931,1
12907,0
10146,0
8852,0
5280,1
12534,0
5961,0
9844,0
11752,0
1090,1
10739,0
99,1
9984,0
2130,1
14463,1
9835,0
5148,1
4672,1
4712,1
4813,1
11844,0
11845,0
12979,1
2099,1
7658,0
2379,1
15115,1
7787,0
2819,1
3446,1
5284,1
1396,1
3,1
2317,1
4742,1
8760,0
9505,0
13268,1
8658,0
11802,0
9350,0
5673,0
10394,0
3806,1
15006,1
3386,1
14606,1
14607,1
14609,1
14610,1
14637,1
4450,1
4490,1
221,1
1494,1
2474,1
2834,1
4518,1
4789,1
6763,0
6999,0
7007,0
8484,0
8539,0
9425,0
9927,0
12691,0
12749,0
12977,0
6155,0
1467,1
6609,0
15018,1
1855,1
12341,0
5512,1
6286,0
7845,0
8788,0
9339,0
9808,0
2791,1
2827,1
2376,1
11471,0
11482,0
11533,0
11736,0
11913,0
12011,0
13052,1
13105,1
13239,1
13275,1
13441,1
13458,1
12222,0
5597,0
8468,0
1402,1
6367,0
8436,0
9304,0
9583,0
9906,0
12428,0
12513,0
10292,0
10351,0
5139,1
3365,1
4962,1
11745,0
11805,0
10574,0
8418,0
5400,1
1925,1
9021,0
7603,0
9717,0
11229,0
7714,0
3329,1
887,1
4439,1
12166,0
11700,0
12958,0
7968,0
10637,0
1207,1
