Index,canonical_smiles
12169,Cc1ccc(O)c(CNc2ccccn2)c1
8444,CCN(CC(=O)Nc1ccc(S(=O)(=O)N2CCCCC2)cc1)Cc1ccccc1
9108,O=C(NCc1ccco1)c1cccs1
9169,CC(C)Oc1cccc(C(=O)Nc2ccccc2N2CCOCC2)c1
3261,COc1ccc(CCNC(=O)c2cccc([N+](=O)[O-])c2)cc1OC
2919,Cc1cccc(OCCN2C(=O)C(=O)c3cc(C)ccc32)c1
3391,COc1ccc(Nc2nccc(-c3cccc(N)c3)n2)cc1
1044,Clc1ccc(-c2nnc(-c3ccco3)o2)cc1
11649,Clc1cccc(Cl)c1COc1ccccn1
13368,O=C(c1ccc2ccccc2c1)N1CCN(c2ccc(O)cc2)CC1
13820,CSc1ncccc1C(=O)OCc1ccccc1F
9581,COC(=O)c1cn(CC(=O)NC2CCCCC2)c2ccccc12
8457,COc1ccccc1CNC(=O)COC(=O)CNC(=O)c1ccc(-c2ccccc2)cc1
2322,Cc1ccc(-c2cccc(C(=O)NCc3ccccc3)n2)c2ccccc12
9060,CCCn1nnnc1SCC(=O)Nc1ccc(F)cc1
10610,COC(=O)c1ccc(Cn2cc(Cl)cn2)cc1
12188,Cc1cnn(Cc2ccccc2)c1N
13871,O=C(O)c1cccc(Cn2cc(Cl)cn2)c1
10063,COc1ccc(C)cc1S(=O)(=O)N1CCC(C)CC1
10995,CCOc1cc(S(=O)(=O)N2CCCCC2)ccc1Cl
15397,CCC(=O)Nc1ccc(S(=O)(=O)N2CCCCC2)cc1OC
15890,COc1ccc(F)cc1S(=O)(=O)N1CCC(C(N)=O)CC1
15929,O=S(=O)(c1cc(Cl)ccc1Cl)N1CCCCC1
12232,O=C(O)CCSc1nnnn1-c1ccccc1
12237,Cc1ccc(SCCC(=O)N2CCC(C(N)=O)CC2)cc1
1815,NS(=O)(=O)c1ccc(NS(=O)(=O)c2ccc(NC(=O)c3ccc(-c4ccccc4)cc3)cc2)cc1
385,O=C(c1ccccc1)c1cc(-c2ccccc2)on1
14376,O=C1c2cccc3cccc(c23)N1Cc1cccc(F)c1
14437,O=C1c2cccc3cccc(c23)N1Cc1ccc(F)cc1
14601,NNC(=O)c1ccc(CN2C(=O)c3cccc4cccc2c34)cc1
11316,CS(=O)(=O)Nc1ccccc1C(=O)N1CCCC1
6668,O=C(NCc1ccc(Cl)cc1Cl)N1CCN(c2ccccn2)CC1
14465,CCCCCCOc1ccc(Cc2ccccc2)c2ccccc12
181,O=C(COc1ccccc1Cl)NCc1ccco1
8753,O=C(COc1ccc(Cl)cc1Cl)NCc1ccco1
11521,COc1ccccc1OCC(=O)NCc1ccco1
8774,O=c1sc2ccccc2n1CCOc1ccccc1
15652,COc1ccccc1OCCn1c(=O)sc2ccccc21
13422,CN(C(=O)COC(=O)COc1ccc(Cl)cc1)C1CCCCC1
11251,O=C(O)c1cccc(S(=O)(=O)NCc2cccs2)c1
9996,COC(=O)C1CCN(S(=O)(=O)Cc2ccccc2)CC1
13926,O=C(CCc1ccc(-c2cccs2)cc1)N1CCCC1
491,COc1ccccc1C(=O)NCCC(=O)Nc1nc2ccccc2[nH]1
4803,COc1ccccc1NC(=O)N1CCN(c2ccccn2)CC1
14700,O=C(CCC1CCC(Oc2ccccc2)CC1)N1CCCC1
2269,Cc1cccc(NC(=O)Nc2ccc(C#N)cc2)n1
14972,COc1ccccc1NC(=O)c1nn(-c2ccccc2)ccc1=O
455,COc1ccc(C(=O)Nc2ccc3ccccc3n2)c(OC)c1OC
85,COc1ccccc1OCC(=O)NCC1CCCCC1
11118,O=C(Nc1ccc(N2CCOCC2)c(Cl)c1)c1cccnc1
45,O=C(Nc1ccc2c(c1)oc1ccccc12)N1CCOCC1
9371,CCOC(=O)N1CCN(C(=O)Nc2ccccc2Cl)CC1
3284,O=C(C#Cc1ccccc1)Nc1cccc(F)c1
9296,Cc1cc(NC(=O)CCCC(=O)Nc2ccc(F)cc2)no1
13954,Cc1ccc2c(c1)C(=O)N(Cc1ccc(S(N)(=O)=O)cc1)C2=O
14002,NS(=O)(=O)c1ccc(CN2C(=O)c3ccccc3C2=O)cc1
1705,COc1ccc(C=C2CCc3ccccc3C2=O)cc1
5898,Cc1ccccc1-c1ccc2nc(N)ncc2c1
3591,COc1cc(/C=N\NC(=O)c2ccc(-c3ccccc3)cc2)cc(Br)c1O
11160,Cc1c(C(=O)Nc2ccc(N3CCOCC3)cc2)oc2ccccc12
9223,CCCC(=O)Nc1ccc(NC(=O)c2ccccn2)cn1
12519,CC(C)C(=O)Nc1ccc(NC(=O)c2ccccn2)cn1
3266,c1ccc2c(-c3cncc4ccccc34)cncc2c1
9212,Cn1c(-c2ccc(F)cc2)cnc1NCc1ccccc1
3597,O=C(NCCCSc1ccccc1)c1cc(Br)ccc1O
3599,O=C(NCCCSc1ccccc1)c1cc(Cl)ccc1O
11578,O=S(=O)(Nc1cccnc1)c1ccc(C2CCCCC2)cc1
9261,Cc1ccc(NC(=O)N2CCC(C(=O)NCc3ccc(F)cc3)CC2)cc1
4089,O=C(CCCCC(=O)NC1CCCC1)NC1CCCC1
9425,COc1ccc(OC)c(NC(=O)CN2CCN(C(=O)c3ccco3)CC2)c1
10644,COC(=O)c1ccccc1NC(=O)CN1CCN(C(=O)c2ccco2)CC1
3888,Cc1cc(Nc2ccc(Cl)cc2)nc(N)n1
12192,Cc1cccnc1NC(=O)CCCN1C(=O)c2ccccc2C1=O
10736,Cc1nn(-c2ccccc2)c(Cl)c1C(=O)NCC(=O)O
15369,Cc1ccn(-c2ccc([N+](=O)[O-])cc2)n1
10370,COc1ccc(NC(=O)C2CCN(C(=O)NCc3ccccc3)CC2)cc1
15683,Cc1ccc(NCCC(=O)c2ccc(Br)cc2)cc1
1108,CCOC(=O)Cc1csc(NC(=O)COc2ccc(OC)cc2)n1
11337,COC(=O)c1sc(NC(=O)COc2ccccc2)nc1C
59,O=C(Nc1ccc(NC(=O)C2CC2)cn1)c1ccccc1Cl
15335,Cc1ccc(NC(=O)CN2CCc3ccccc3C2)cc1
14854,Fc1ccc(CN2CCc3cc(NC(=S)Nc4ccccc4)ccc32)cc1
9825,O=C(Cc1ccccc1)N1CCN(Cc2c[nH]c3ccccc23)CC1
13415,O=C(COC(=O)c1ccc(S(=O)(=O)N2CCCC2)cc1)NCc1ccccc1
13872,COc1ccccc1CNC(=O)COC(=O)c1ccc(S(=O)(=O)N2CCCC2)cc1
427,O=C(Nc1ccc(F)cc1)c1nn(-c2ccccc2)c(=O)cc1Cl
207,COc1cc(NC(=O)Nc2cccc(C(C)=O)c2)cc(OC)c1OC
1338,CC(=O)c1ccc(NC(=O)Nc2ccc([N+](=O)[O-])cc2C)cc1
2369,O=C(Nc1ccc(OC(F)F)cc1)Nc1cccc(C(F)(F)F)c1
2515,O=C(Nc1ccc([N+](=O)[O-])cc1)Nc1ccc(OC(F)F)c(Cl)c1
2701,O=C(Nc1cccc(Cl)c1)Nc1ccc(Br)cc1F
4884,COc1ccc(C)cc1NC(=O)Nc1ccccc1
10110,NS(=O)(=O)c1ccc(NC(=O)c2ccccc2C(=O)N2CCCCC2)cc1
10940,COc1cccc(NC(=O)N2CCC(C(=O)Nc3ccc(C)cc3C)CC2)c1
14217,O=C(NS(=O)(=O)c1ccccc1)c1cccnc1
14238,Cc1ccc(S(=O)(=O)NC(=O)c2cccnc2)cc1
14247,O=C(NS(=O)(=O)c1ccc(F)cc1)c1cccnc1
14636,O=C(NS(=O)(=O)c1ccc(Cl)cc1)c1cccnc1
14706,O=C(NS(=O)(=O)c1ccc(Br)cc1)c1cccnc1
1426,O=C(NN=C1CCN(Cc2ccccc2)CC1)c1ccccc1
10022,c1ccc(CSc2nnc(-c3cccs3)o2)cc1
9313,COC(=O)c1ccc(NC(=O)Cn2nnc3ccccc32)cc1
9699,COC(=O)c1cccc(NC(=O)Cn2nnc3ccccc32)c1
9634,c1ccc2c(-n3cnnn3)cccc2c1
8616,Cc1ccc(CNC(=O)COC(=O)c2ccc(S(=O)(=O)N3CCOCC3)cc2)cc1
15909,CCOc1cc(-c2ccccc2)nc(N)n1
11301,O=C(Nc1ccc2nn(-c3ccccc3)nc2c1)c1cccnc1
1574,Cc1cccc(NC(=O)CN2CCN(CC(=O)Nc3cccc(C)c3)CC2)c1
15171,COc1ccc(NC(=O)CN2CCN(CC(=O)Nc3ccccc3F)CC2)cc1OC
15177,CCOc1ccc(NC(=O)CN2CCN(CC(=O)Nc3ccc(F)c(F)c3)CC2)cc1
15254,O=C(Nc1ccc(N2CCCCC2)c(Cl)c1)c1cccnc1
8750,CCn1c(SCC(=O)N2CCCC2)nc2ccccc2c1=O
8619,COc1ccc(C(=O)Nc2ccc(Cl)c(S(=O)(=O)N3CCOCC3)c2)cc1
9015,Cc1onc(-c2ccccc2)c1C(N)=O
9131,COCCCNC(=O)c1c(-c2ccccc2)noc1C
4441,O=C1C(=O)N(Cc2cccs2)c2ccccc21
12632,CCCC(=O)Nc1ccc(NC(=O)C2CC2)cn1
15330,O=C(Nc1ccc(Nc2ccccc2)cc1)C1CC1
8798,O=C(c1c(Cl)cccc1Cl)N1CCCCCC1
2706,O=C(Oc1ccccc1C(=O)Nc1ccccc1)c1ccccc1Br
12187,Nc1ccc(C(=O)OCc2nc3ccccc3[nH]2)cc1
10270,Cc1cc(N2CCN(c3ccccc3)CC2)nc(-c2ccccc2)n1
218,Cc1ccc(C(=O)N2CCN(c3ccc(Cl)cc3)CC2)cc1
1064,O=C(c1ccccc1)N1CCN(c2ccccc2F)CC1
1066,O=C(c1ccccc1F)N1CCN(c2ccccc2F)CC1
10496,COc1ccccc1C(=O)N1CCN(c2cccc(Cl)c2)CC1
11533,Cc1ccc(C)c(N2CCN(C(=O)c3ccccc3Br)CC2)c1
14967,COc1ccc(N2CCN(C(=O)c3ccc(C(C)(C)C)cc3)CC2)cc1
15260,COc1cc(OC)cc(C(=O)N2CCN(c3ccccc3F)CC2)c1
9661,O=S(=O)(NCCOc1ccc(F)cc1)c1ccc2c(c1)OCCO2
1754,O=C(Nc1ccc(-c2nc3ccccc3o2)cc1)c1ccc2c(c1)OCO2
13578,O=C(Cc1ccccc1)Nc1nc2ccccc2[nH]1
1094,O=C(NCc1nc(-c2ccccc2)no1)c1ccc2c(c1)OCO2
11816,O=C(NCc1cccc(F)c1)C1CCN(S(=O)(=O)Cc2ccccc2)CC1
2967,COc1ccc(-n2ncc(Cl)c(Cl)c2=O)cc1
11832,O=C(O)CCC(=O)Nc1ccc(N2CCCCC2)c(C(=O)O)c1
8564,CN(Cc1ccccc1)S(=O)(=O)c1ccc(N2CCCC2=O)cc1
3859,Cc1ccccc1C(=O)NNC(=S)NC(=O)c1ccc(Cl)cc1Cl
3864,Cc1ccc(C(=O)NNC(=S)NC(=O)c2ccc(Cl)cc2Cl)cc1
3900,Cc1ccc(C(=O)NNC(=S)NC(=O)c2ccc(Cl)cc2)cc1
4053,Cc1cccc(C(=O)NC(=S)NNC(=O)c2ccccc2Cl)c1
4077,Cc1ccccc1C(=O)NNC(=S)NC(=O)c1ccccc1
4420,COc1ccc(C(=O)NC(=S)NNC(=O)c2ccccc2C)cc1
4421,COc1ccc(C(=O)NC(=S)NNC(=O)c2ccc(C)cc2)cc1
4422,Cc1cccc(C(=O)NNC(=S)NC(=O)c2ccccc2)c1
4427,COc1ccc(C(=O)NNC(=S)NC(=O)c2ccc(Cl)cc2)cc1
4428,Cc1ccc(C(=O)NNC(=S)NC(=O)c2ccccc2)cc1
4438,COc1ccc(C(=O)NC(=S)NNC(=O)c2cccc(C)c2)cc1
4454,Cc1ccc(C(=O)NC(=S)NNC(=O)c2ccccc2)cc1
4456,COc1ccc(C(=O)NNC(=S)NC(=O)c2ccc(OC)cc2)cc1
4467,COc1ccc(C(=O)NNC(=S)NC(=O)c2ccccc2)cc1
4476,Cc1ccc(C(=O)NC(=S)NNC(=O)c2ccc([N+](=O)[O-])cc2)cc1
4485,O=C(NNC(=S)NC(=O)c1ccccc1)c1ccc([N+](=O)[O-])cc1
4501,CCCOc1ccc(C(=O)NNC(=S)NC(=O)c2ccccc2)cc1
4519,O=C(NC(=S)NNC(=O)c1ccccc1O)c1ccccc1
9023,Clc1ccccc1-c1nc(-c2ccccc2)n[nH]1
15800,Brc1cccc(-c2n[nH]c(-c3ccccc3)n2)c1
11957,Cc1c(C(=O)Nc2ccncc2)oc2ccccc12
9625,COc1ccc(CN2CCC(CNC(=O)NC3CCCCC3)CC2)cc1
8522,Cc1cc(NC(=O)COC(=O)C2CC2)ccc1Br
14594,Fc1ccc(CCNCc2ccc(Oc3ccccc3)cc2)cc1
11222,COc1cccc(Nc2cc(C)nc3ccccc23)c1
9978,CCC(=O)Nc1ccc(NC(=O)Cc2ccccc2)cn1
9227,O=C(Nc1ccccc1N1CCN(c2ccccc2)CC1)c1cccc(F)c1
10852,O=C(Nc1ccccc1N1CCN(c2ccc(F)cc2)CC1)c1ccccc1
14395,Cc1ccc(S(=O)(=O)NC(=O)c2ccccn2)cc1
14508,O=C(NS(=O)(=O)c1ccccc1)c1ccccn1
14622,O=C(NS(=O)(=O)c1ccc(F)cc1)c1ccccn1
14705,O=C(NS(=O)(=O)c1ccc(Cl)cc1)c1ccccn1
14866,O=C(NS(=O)(=O)c1ccc(Br)cc1)c1ccccn1
13852,c1ccc(-c2cccc(-c3ccccn3)n2)nc1
4790,CCc1nnc(NC(=O)OCc2ccccc2)s1
14263,Cc1cc(=O)oc(C)c1C(=O)NCCc1ccccc1
15313,Cn1nc(OCc2ccccc2)ccc1=O
9125,O=C(NC1CCN(C(=O)N2CCOCC2)CC1)c1ccccc1
5651,COc1ccc2cc(C(=O)NC3CCCC3)cnc2c1
271,Cc1ccc(NC(=O)c2cc(NC(=O)CCC(=O)O)ccc2N2CCCCC2)cc1
11019,Cc1nc(N)nc(C)c1Cc1ccccc1
3892,COc1ccc(C(=O)NNC(=S)NC(=O)c2ccco2)cc1
4186,Cc1ccc(C(=O)NNC(=S)NC(=O)c2ccco2)cc1
4328,O=C(NNC(=S)NC(=O)c1ccco1)c1ccc(F)cc1
3093,Clc1cccc(Nc2nc(-c3ccncc3)nc3ccccc23)c1
9007,Cc1cccc(C(=O)NC2CCN(CC(=O)N3CCOCC3)CC2)c1
4446,O=C1C(=O)N(CCCc2ccccc2)c2ccccc21
2232,CC(=O)c1cccc(NC(=O)Nc2cccnc2)c1
10921,COC(=O)c1ccccc1NC(=O)Nc1cccnc1
8827,CC(=O)N1CCN(c2ccc(NCc3ccc(C)cc3)cc2)CC1
12407,CC(=O)N1CCN(c2ccc(NCc3ccccc3)cc2)CC1
8569,CCCN(CC(=O)Nc1ccccc1C)C(=O)CSc1ccccc1C
13837,CCCNC(=O)Cc1ccsc1
9152,O=C(CCCc1c[nH]c2ccccc12)N1CCOCC1
1014,CN(Cc1ccccc1)C(=O)c1cc(-c2ccc(Br)cc2)on1
8539,O=C(COC(=O)c1cccc(Cl)c1)NC1CCCCCCC1
15173,O=C(Nc1ccc(S(=O)(=O)NCc2ccco2)cc1)c1ccncc1
15245,O=C(Cc1cccs1)Nc1ccc(-c2nc3ccccc3[nH]2)cc1
12446,O=C(Cc1cccs1)Nc1ccc(C(=O)O)cc1
12688,COc1cccc(NC(=O)Cc2cccs2)c1
15843,O=C(Cc1cccs1)Nc1ccc(Cl)cc1
9355,O=C(Oc1ccc2ccccc2c1Cl)N1CCCC1
1620,c1ccc(-c2ncc3c(ccc4ccccc43)n2)cc1
9145,O=C(Oc1ccccc1)c1ccc2nccnc2c1
15580,O=C(Oc1ccc(Cl)cc1)c1ccc2nccnc2c1
4912,C/C(=N\NC(=O)c1ccccc1)c1ccc2c(c1)OCO2
2255,CC(=O)c1c(C)n(-c2ccccc2)c2ccc(O)cc12
199,Cc1ccc(OCC(=O)N2CCCCCC2)c(C)c1
16,COc1ccccc1Nc1ccc(N)cc1
14017,O=C(O)Cc1ccccc1Nc1c(Cl)cccc1Cl
15127,Cc1cccc(Nc2ccccc2)c1
15242,CC(C)(C)CC(=O)Nc1ccc(Nc2ccccc2)cc1
10855,c1ccc2c(-n3cccn3)cccc2c1
15032,COc1ccc(-n2c(C)nc(=O)c(-c3ccccc3)c2C)cc1
2806,Cc1ccc(NC(=O)Nc2nnc(-c3ccncc3)s2)cc1
2958,COc1ccc(NC(=O)Nc2nnc(-c3ccncc3)s2)cc1
14782,Cc1ccc(NS(=O)(=O)c2cc(C(=O)Nc3ccccc3C(=O)O)ccc2Br)cc1
1512,Fc1ccc(CNc2nc(-c3ccccc3)nc3ccccc23)cc1
175,CCOC(=O)C1CCN(C(=O)c2ccc(Cl)c(Cl)c2)CC1
272,O=C(O)CCC(=O)Nc1ccc(C(=O)N2CCCCC2)cc1
8839,COC(=O)C1CCN(C(=O)c2cc(OC)c(OC)c(OC)c2)CC1
12500,O=C(O)CCCC(=O)Nc1ccc(N2CCCC2)cc1
8835,O=C(CCC1CCCC1)N1CCN(C(=O)c2cccnc2)CC1
13656,COc1cccc(C(=O)NCC(=O)N2CCC(C)CC2)c1
15864,O=C(NCC(=O)N1CCCCC1)c1ccc(Cl)cc1Cl
8888,O=C(COC(=O)c1ccccn1)Nc1cccc(Cl)c1Cl
498,Cc1ccc(NC(=O)c2ccc3c(c2)OCCO3)nc1
1445,COCCCNC(=O)COc1ccc(S(=O)(=O)NCc2ccccc2)cc1Cl
4829,COc1ccc(S(=O)(=O)NCc2ccccc2Cl)cc1OC
15826,CCOc1cc(S(=O)(=O)NCc2ccccc2)ccc1F
5098,O=C(CCc1ccc(OC2CCCCC2)cc1)N1CCCC1
10143,CC(C)C(=O)Nc1ccc(C(=O)N2CCN(C(=O)c3ccco3)CC2)cc1
221,COc1ccc(OC(=O)CCCN2C(=O)c3ccccc3C2=O)cc1
9017,O=C(Nc1ncc(Cc2ccccc2)s1)c1cccs1
11111,CCn1c(SCC(=O)NCc2ccccc2)nc2ccccc2c1=O
1090,CN1CCN(S(=O)(=O)c2ccc(NC(=O)c3ccc(F)cc3)cc2)CC1
478,Cc1ccnc(NC(=O)c2cc3ccccc3o2)c1
956,COc1ccc(-n2c(COc3ccccc3)nnc2SCC(N)=O)cc1
9850,CS(=O)(=O)N1CCN(C(=O)c2ccncc2)CC1
1067,CCOc1ccccc1C(=O)Nc1ccc(-c2nnc(-c3ccc(C)cc3)o2)cc1
11437,O=S(=O)(NCCc1ccccc1)c1cccc(S(=O)(=O)N2CCOCC2)c1
26,O=C(Nc1cccc(F)c1)Nc1ccc2c(c1)CCC2
14671,NS(=O)(=O)c1ccc(CN2C(=O)c3cccc4cccc(c34)C2=O)cc1
15813,O=C1c2cccc3c(O)ccc(c23)C(=O)N1Cc1ccccc1
4852,Cc1ccc2oc(-c3ccccc3)nc2c1
8775,CC(=O)Nc1ccc2oc(-c3ccccc3Br)nc2c1
8927,O=C(Nc1ccc2c(c1)oc1ccccc12)c1cccnc1
13909,NS(=O)(=O)c1ccc(CN2C(=O)CCC2=O)cc1
10694,O=C(Nc1cnc2ccccc2c1)N1CCOCC1
15243,Cc1cc(Cl)ccc1NC(=S)NCCC(c1ccccc1)c1ccccc1
7982,COc1cc(O)cc(CCc2ccc(OC)c(O)c2)c1
8182,COc1cc(CCc2cccc(O)c2)cc(OC)c1
8183,COc1cc(O)cc(CCc2cccc(O)c2)c1
15505,CCCN(CC1CC1)C(=O)Nc1ccccc1C
9422,COC(=O)c1cc(-c2ccc(OC)c(OC)c2)on1
4573,Fc1ccc(CNc2nc(-c3cccnc3)nc3ccccc23)cc1
2980,O=C(CCl)N(Cc1ccccc1)c1ccccc1
4928,Fc1ccc(NCc2ccccc2F)cc1Cl
13287,COc1ccc(CNc2ccc(S(N)(=O)=O)cc2)c(OC)c1OC
927,NC(=O)c1ccc(-c2ccc(Br)cc2)o1
1235,O=C(O)c1ccc(-c2ccc(Cl)cc2Cl)o1
10455,CC(=O)Nc1ccccc1-c1ccc(C)o1
13378,O=C(O)c1ccc(-c2ccccc2Cl)o1
2173,O=C(NCCN1CCN(c2ccccc2)CC1)c1cccc(Br)c1
15602,O=C(Nc1ccc2oc(=O)ccc2c1)c1ccco1
10218,Cn1cnnc1SCc1ccc(C(=O)O)cc1
8612,CCOc1ccc(S(=O)(=O)N2CCN(C(=O)COc3ccc(Br)cc3)CC2)cc1
8658,CCOc1ccc(OCC(=O)N2CCN(S(=O)(=O)c3ccccc3)CC2)cc1
9776,O=C(CCN1CCN(c2ccccc2)CC1)Nc1nccs1
905,O=C(Nc1ccc(F)cc1)N1CCOCC1
9336,COC(=O)c1ccc(NC(=O)N2CCOCC2)cc1
765,COc1ccccc1-c1ccc(C(=O)NCCc2c(C)[nH]c3ccccc23)cc1
10072,O=C(CN1CCCCC1)Nc1ccc(S(=O)(=O)N2CCCCCC2)cc1
9431,Cc1ccc(O)c(NC(=O)c2cccc(NC(=O)c3ccco3)c2)c1
8982,Cc1cc(NS(=O)(=O)c2ccc(NC(=O)CCc3ccccc3)cc2)no1
1406,CN(C(=S)Nc1ccc(Oc2ccccc2)cc1)c1ccc(O)cc1
8613,NS(=O)(=O)c1ccc(CCNC(=O)C2CCN(C(=O)Nc3ccccc3)CC2)cc1
120,Cc1ccc(CCNC(=O)Cn2cccc2)cc1
10692,Cc1cc(C)nc(N2CCC(C(=O)NCCc3ccccc3)CC2)n1
12868,c1ccc2c(-c3nc4ncccc4o3)cccc2c1
13278,Cc1cccc(-c2noc(CCC(=O)NCc3ccccc3)n2)c1
1353,CCOc1ccc(NC(=O)/C=C/c2ccc(OC)cc2)c([N+](=O)[O-])c1
1521,COc1ccc(/C=C/C(=O)Nc2ccccc2C(=O)O)cc1OC
2049,CCOc1ccc(NC(=O)c2ccc(NC(=O)c3ccc(CN4CCOCC4)cc3)cc2)cc1
15748,CS(=O)(=O)N1CCN(c2ccccc2NC(=O)c2cccnc2)CC1
10076,COc1ccccc1NC(=O)CSc1nnc(C)o1
4958,O=C(O)C1CCN(C(=O)NCc2ccc(Cl)cc2Cl)CC1
5597,NC(=O)C1CCN(C(=O)NCc2ccc(Cl)cc2Cl)CC1
518,CC(=O)NCCc1ccc(C(=O)COC(=O)C2CCCCC2)cc1
10394,O=C(c1ccc(F)cc1)C1CCN(C(=O)c2ccncc2)CC1
1262,COc1cc(CNCc2ccco2)ccc1OCc1ccccc1
13430,COc1ccccc1CNC(=O)COC(=O)c1cnccn1
4,COc1ccc(Cl)c(NC(=O)NCCN2CCN(c3ccccc3)CC2)c1
12014,O=C(CCN1CCN(CCO)CC1)Nc1ccc(OCc2ccccc2)cc1
1548,CCCOc1ccc(-c2nnc(-c3ccncc3)o2)cc1
10760,CCOc1ccc(-c2nnc(-c3ccncc3)o2)cc1
1341,Cc1ccc(SCCC(=O)Nc2ccccc2C(=O)NC(C)C)cc1
1391,O=C(Nc1nnc(SCc2ccccc2)s1)c1cccc([N+](=O)[O-])c1
1123,COC(=O)CCC(=O)Nc1nc(-c2ccccc2)cs1
11115,O=C(O)CCCC(=O)Nc1nc(-c2ccccc2)cs1
183,O=C(Nc1ccc2c(c1)OCO2)c1cccc(F)c1
12137,CC(C)C(=O)Nc1cccc(C(=O)Nc2ccc3c(c2)OCO3)c1
